{"level":"info","message":"Hello, Winston!","timestamp":"2026-07-14T04:48:19.455Z"}
{"level":"warn","message":"This is a warning message.","timestamp":"2026-07-14T04:48:19.460Z"}
{"level":"error","message":"This is an error message.","timestamp":"2026-07-14T04:48:19.460Z"}
{"level":"info","message":"This is an information message.","timestamp":"2026-07-14T04:48:19.461Z"}
{"ip":"192.168.1.1","level":"info","message":"User logged in","timestamp":"2026-07-14T04:48:19.463Z","username":"johndoe"}
{"level":"info","message":"[LVB Provider] Logging in to LVB API as 055022_1...","timestamp":"2026-07-14T04:48:19.475Z"}
{"level":"info","message":"[LVB Provider] Login successful, token obtained","timestamp":"2026-07-14T04:48:25.408Z"}
{"level":"info","message":"[LVB Provider] Logging in to LVB API as 055001...","timestamp":"2026-07-14T04:48:26.037Z"}
{"level":"info","message":"[LVB Provider] Login successful, token obtained","timestamp":"2026-07-14T04:48:31.728Z"}
{"level":"info","message":"Hello, Winston!","timestamp":"2026-07-14T04:48:47.567Z"}
{"level":"warn","message":"This is a warning message.","timestamp":"2026-07-14T04:48:47.572Z"}
{"level":"error","message":"This is an error message.","timestamp":"2026-07-14T04:48:47.572Z"}
{"level":"info","message":"This is an information message.","timestamp":"2026-07-14T04:48:47.573Z"}
{"ip":"192.168.1.1","level":"info","message":"User logged in","timestamp":"2026-07-14T04:48:47.575Z","username":"johndoe"}
{"level":"info","message":"[LVB Provider] Logging in to LVB API as 055022_1...","timestamp":"2026-07-14T04:48:47.587Z"}
{"level":"info","message":"[LVB Provider] Login successful, token obtained","timestamp":"2026-07-14T04:48:53.030Z"}
{"level":"info","message":"[IB Provider] Attempting login to bank API as KOKKOKMOV...","timestamp":"2026-07-14T04:48:53.352Z"}
{"level":"info","message":"[IB Provider] Login successful, token obtained","timestamp":"2026-07-14T04:48:53.715Z"}
{"level":"info","message":"Hello, Winston!","timestamp":"2026-07-14T04:57:11.273Z"}
{"level":"warn","message":"This is a warning message.","timestamp":"2026-07-14T04:57:11.277Z"}
{"level":"error","message":"This is an error message.","timestamp":"2026-07-14T04:57:11.278Z"}
{"level":"info","message":"This is an information message.","timestamp":"2026-07-14T04:57:11.279Z"}
{"ip":"192.168.1.1","level":"info","message":"User logged in","timestamp":"2026-07-14T04:57:11.281Z","username":"johndoe"}
{"level":"info","message":"Model name sequelize","timestamp":"2026-07-14T04:57:11.639Z"}
{"level":"info","message":"Model name Sequelize","timestamp":"2026-07-14T04:57:11.640Z"}
{"level":"info","message":"Model name centralSequelize","timestamp":"2026-07-14T04:57:11.640Z"}
{"level":"info","message":"Model name spf","timestamp":"2026-07-14T04:57:11.641Z"}
{"level":"info","message":"Model name client","timestamp":"2026-07-14T04:57:11.642Z"}
{"level":"info","message":"Model name clientAudit","timestamp":"2026-07-14T04:57:11.646Z"}
{"level":"info","message":"Associating table ClientAudit with models","timestamp":"2026-07-14T04:57:11.647Z"}
{"level":"info","message":"Model name group","timestamp":"2026-07-14T04:57:11.651Z"}
{"level":"info","message":"Model name GroupMenuHeader","timestamp":"2026-07-14T04:57:11.654Z"}
{"level":"info","message":"Model name role","timestamp":"2026-07-14T04:57:11.655Z"}
{"level":"info","message":"Model name user","timestamp":"2026-07-14T04:57:11.660Z"}
{"level":"info","message":"Model name Agency","timestamp":"2026-07-14T04:57:11.663Z"}
{"level":"info","message":"Associating table Agency with models","timestamp":"2026-07-14T04:57:11.665Z"}
{"level":"info","message":"Model name Applicant","timestamp":"2026-07-14T04:57:11.668Z"}
{"level":"info","message":"Associating table Applicant with models","timestamp":"2026-07-14T04:57:11.671Z"}
{"level":"info","message":"Model name MOU","timestamp":"2026-07-14T04:57:11.691Z"}
{"level":"info","message":"Associating table Job with models","timestamp":"2026-07-14T04:57:11.696Z"}
{"level":"info","message":"Model name jobAdvertise","timestamp":"2026-07-14T04:57:11.710Z"}
{"level":"info","message":"Associating table JobAdvertise with models","timestamp":"2026-07-14T04:57:11.713Z"}
{"level":"info","message":"Model name JobBatch","timestamp":"2026-07-14T04:57:11.714Z"}
{"level":"info","message":"Associating table JobBatch with models","timestamp":"2026-07-14T04:57:11.715Z"}
{"level":"info","message":"Model name benefit","timestamp":"2026-07-14T04:57:11.723Z"}
{"level":"info","message":"Associating table Benefit with models","timestamp":"2026-07-14T04:57:11.723Z"}
{"level":"info","message":"Model name company","timestamp":"2026-07-14T04:57:11.727Z"}
{"level":"info","message":"Model name location","timestamp":"2026-07-14T04:57:11.730Z"}
{"level":"info","message":"Model name currency","timestamp":"2026-07-14T04:57:11.730Z"}
{"level":"info","message":"Model name currencyAudit","timestamp":"2026-07-14T04:57:11.731Z"}
{"level":"info","message":"Associating table CurrencyAudit with models","timestamp":"2026-07-14T04:57:11.731Z"}
{"level":"info","message":"Model name unit","timestamp":"2026-07-14T04:57:11.732Z"}
{"level":"info","message":"Model name printerModel","timestamp":"2026-07-14T04:57:11.741Z"}
{"level":"info","message":"Model name stockTransactionModel","timestamp":"2026-07-14T04:57:11.745Z"}
{"level":"info","message":"Model name mainCategory","timestamp":"2026-07-14T04:57:11.751Z"}
{"level":"info","message":"Model name category","timestamp":"2026-07-14T04:57:11.751Z"}
{"level":"info","message":"Associating table Color with models","timestamp":"2026-07-14T04:57:11.752Z"}
{"level":"info","message":"Model name student","timestamp":"2026-07-14T04:57:11.752Z"}
{"level":"info","message":"Associating table Student with models","timestamp":"2026-07-14T04:57:11.752Z"}
{"level":"info","message":"Model name nfcCard","timestamp":"2026-07-14T04:57:11.754Z"}
{"level":"info","message":"Associating table NfcCard with models","timestamp":"2026-07-14T04:57:11.754Z"}
{"level":"info","message":"Model name transactionEntry","timestamp":"2026-07-14T04:57:11.754Z"}
{"level":"info","message":"Associating table TransactionEntry","timestamp":"2026-07-14T04:57:11.754Z"}
{"level":"info","message":"Model name tax","timestamp":"2026-07-14T04:57:11.755Z"}
{"level":"info","message":"Model name product","timestamp":"2026-07-14T04:57:11.755Z"}
{"level":"info","message":"Model name productAudit","timestamp":"2026-07-14T04:57:11.784Z"}
{"level":"info","message":"Associating table ProductAudit with models","timestamp":"2026-07-14T04:57:11.790Z"}
{"level":"info","message":"Model name productTemp","timestamp":"2026-07-14T04:57:11.796Z"}
{"level":"info","message":"Model name productSize","timestamp":"2026-07-14T04:57:11.799Z"}
{"level":"info","message":"Model name image","timestamp":"2026-07-14T04:57:11.799Z"}
{"level":"info","message":"Associating table IMAGE with models","timestamp":"2026-07-14T04:57:11.799Z"}
{"level":"info","message":"Model name priceList","timestamp":"2026-07-14T04:57:11.800Z"}
{"level":"info","message":"Model name webProductGroup","timestamp":"2026-07-14T04:57:11.800Z"}
{"level":"info","message":"Model name customer","timestamp":"2026-07-14T04:57:11.800Z"}
{"level":"info","message":"Model name order","timestamp":"2026-07-14T04:57:11.800Z"}
{"level":"info","message":"Model name orderHIS","timestamp":"2026-07-14T04:57:11.800Z"}
{"level":"info","message":"Model name orderTable","timestamp":"2026-07-14T04:57:11.800Z"}
{"level":"info","message":"Model name recipe","timestamp":"2026-07-14T04:57:11.800Z"}
{"level":"info","message":"Model name table","timestamp":"2026-07-14T04:57:11.800Z"}
{"level":"info","message":"Model name ticket","timestamp":"2026-07-14T04:57:11.808Z"}
{"level":"info","message":"Model name promotion","timestamp":"2026-07-14T04:57:11.823Z"}
{"level":"info","message":"Model name ticketLine","timestamp":"2026-07-14T04:57:11.832Z"}
{"level":"info","message":"Model name MemberOffer","timestamp":"2026-07-14T04:57:11.835Z"}
{"level":"info","message":"Model name loyaltyTransaction","timestamp":"2026-07-14T04:57:11.840Z"}
{"level":"info","message":"Model name washjob","timestamp":"2026-07-14T04:57:11.844Z"}
{"level":"info","message":"Model name washjobHis","timestamp":"2026-07-14T04:57:11.844Z"}
{"level":"info","message":"Model name washjobline","timestamp":"2026-07-14T04:57:11.844Z"}
{"level":"info","message":"Model name QRRequest","timestamp":"2026-07-14T04:57:11.844Z"}
{"level":"info","message":"Associating table QRRequest with models","timestamp":"2026-07-14T04:57:11.844Z"}
{"level":"info","message":"Model name saleHeader","timestamp":"2026-07-14T04:57:11.847Z"}
{"level":"info","message":"Model name salePayment","timestamp":"2026-07-14T04:57:11.856Z"}
{"level":"info","message":"Model name saleLine","timestamp":"2026-07-14T04:57:11.860Z"}
{"level":"info","message":"Associating table SaleLine with models","timestamp":"2026-07-14T04:57:11.860Z"}
{"level":"info","message":"Model name quotationHeader","timestamp":"2026-07-14T04:57:11.863Z"}
{"level":"info","message":"Model name quotationLine","timestamp":"2026-07-14T04:57:11.863Z"}
{"level":"info","message":"Associating table QuotationLine with models","timestamp":"2026-07-14T04:57:11.863Z"}
{"level":"info","message":"Model name poHeader","timestamp":"2026-07-14T04:57:11.864Z"}
{"level":"info","message":"Model name poLine","timestamp":"2026-07-14T04:57:11.864Z"}
{"level":"info","message":"Model name poHeaderHIS","timestamp":"2026-07-14T04:57:11.864Z"}
{"level":"info","message":"Model name poLineHIS","timestamp":"2026-07-14T04:57:11.864Z"}
{"level":"info","message":"Model name receivingHeader","timestamp":"2026-07-14T04:57:11.864Z"}
{"level":"info","message":"Model name receivingLine","timestamp":"2026-07-14T04:57:11.864Z"}
{"level":"info","message":"Model name reservation","timestamp":"2026-07-14T04:57:11.864Z"}
{"level":"info","message":"Model name reservationLine","timestamp":"2026-07-14T04:57:11.864Z"}
{"level":"info","message":"Model name transferHeader","timestamp":"2026-07-14T04:57:11.864Z"}
{"level":"info","message":"Model name transferLine","timestamp":"2026-07-14T04:57:11.864Z"}
{"level":"info","message":"Model name menuHeader","timestamp":"2026-07-14T04:57:11.864Z"}
{"level":"info","message":"Model name menuLine","timestamp":"2026-07-14T04:57:11.864Z"}
{"level":"info","message":"Model name MenuHeaderLines","timestamp":"2026-07-14T04:57:11.864Z"}
{"level":"info","message":"Model name webMenuHeader","timestamp":"2026-07-14T04:57:11.864Z"}
{"level":"info","message":"Model name QRResponse","timestamp":"2026-07-14T04:57:11.864Z"}
{"level":"info","message":"Associating table QRResponse with models","timestamp":"2026-07-14T04:57:11.864Z"}
{"level":"info","message":"Model name PaymentCallback","timestamp":"2026-07-14T04:57:11.865Z"}
{"level":"info","message":"Associating table PaymentCallback with models","timestamp":"2026-07-14T04:57:11.865Z"}
{"level":"info","message":"Model name Color","timestamp":"2026-07-14T04:57:11.865Z"}
{"level":"info","message":"Associating table Color with models","timestamp":"2026-07-14T04:57:11.865Z"}
{"level":"info","message":"Model name Size","timestamp":"2026-07-14T04:57:11.866Z"}
{"level":"info","message":"Associating table Size with models","timestamp":"2026-07-14T04:57:11.866Z"}
{"level":"info","message":"Model name card","timestamp":"2026-07-14T04:57:11.867Z"}
{"level":"info","message":"Associating table Card with models","timestamp":"2026-07-14T04:57:11.867Z"}
{"level":"info","message":"Model name Transaction","timestamp":"2026-07-14T04:57:11.874Z"}
{"level":"info","message":"Model name glPostingBatch","timestamp":"2026-07-14T04:57:11.877Z"}
{"level":"info","message":"Model name gl","timestamp":"2026-07-14T04:57:11.877Z"}
{"level":"info","message":"Model name chartAccount","timestamp":"2026-07-14T04:57:11.877Z"}
{"level":"info","message":"Model name fixedAssetProduct","timestamp":"2026-07-14T04:57:11.877Z"}
{"level":"info","message":"Model name fixedAssetContract","timestamp":"2026-07-14T04:57:11.877Z"}
{"level":"info","message":"Model name fixedAssetDepreciation","timestamp":"2026-07-14T04:57:11.877Z"}
{"level":"info","message":"Model name apPaymentHeader","timestamp":"2026-07-14T04:57:11.877Z"}
{"level":"info","message":"Model name arReceiveHeader","timestamp":"2026-07-14T04:57:11.877Z"}
{"level":"info","message":"Model name payment","timestamp":"2026-07-14T04:57:11.877Z"}
{"level":"info","message":"Model name bank","timestamp":"2026-07-14T04:57:11.877Z"}
{"level":"info","message":"Model name bankAccount","timestamp":"2026-07-14T04:57:11.877Z"}
{"level":"info","message":"Associating table Bank with models","timestamp":"2026-07-14T04:57:11.877Z"}
{"level":"info","message":"Model name ministry","timestamp":"2026-07-14T04:57:11.882Z"}
{"level":"info","message":"Model name moneySettlement","timestamp":"2026-07-14T04:57:11.885Z"}
{"level":"info","message":"Model name moneyAdvanceAudit","timestamp":"2026-07-14T04:57:11.887Z"}
{"level":"info","message":"Associating table MoneyAdvanceAudit with models","timestamp":"2026-07-14T04:57:11.887Z"}
{"level":"info","message":"Model name moneyAdvance","timestamp":"2026-07-14T04:57:11.888Z"}
{"level":"info","message":"Associating table MoneyAdvance with models","timestamp":"2026-07-14T04:57:11.888Z"}
{"level":"info","message":"Model name AccountStatement","timestamp":"2026-07-14T04:57:11.891Z"}
{"level":"info","message":"Associating table AccountStatement with models","timestamp":"2026-07-14T04:57:11.893Z"}
{"level":"info","message":"Model name Project","timestamp":"2026-07-14T04:57:11.902Z"}
{"level":"info","message":"Model name ProjectBudget","timestamp":"2026-07-14T04:57:11.905Z"}
{"level":"info","message":"Model name ProjectContract","timestamp":"2026-07-14T04:57:11.905Z"}
{"level":"info","message":"Model name ProjectInvoice","timestamp":"2026-07-14T04:57:11.906Z"}
{"level":"info","message":"Model name WithdrawalApplication","timestamp":"2026-07-14T04:57:11.906Z"}
{"level":"info","message":"Model name revenue_target","timestamp":"2026-07-14T04:57:11.907Z"}
{"level":"info","message":"Model name apInvoice","timestamp":"2026-07-14T04:57:11.907Z"}
{"level":"info","message":"Associating table APInvoice with models","timestamp":"2026-07-14T04:57:11.908Z"}
{"level":"info","message":"Model name apInvoiceAudit","timestamp":"2026-07-14T04:57:11.910Z"}
{"level":"info","message":"Associating table APInvoiceAudit with models","timestamp":"2026-07-14T04:57:11.910Z"}
{"level":"info","message":"Model name invoiceLineItem","timestamp":"2026-07-14T04:57:11.911Z"}
{"level":"info","message":"Associating table InvoiceLineItem with models","timestamp":"2026-07-14T04:57:11.911Z"}
{"level":"info","message":"Model name apInvoiceSettlement","timestamp":"2026-07-14T04:57:11.912Z"}
{"level":"info","message":"Associating table APInvoiceSettlement with models","timestamp":"2026-07-14T04:57:11.912Z"}
{"level":"info","message":"Model name apSettlementAudit","timestamp":"2026-07-14T04:57:11.914Z"}
{"level":"info","message":"Associating table APSettlementAudit with models","timestamp":"2026-07-14T04:57:11.915Z"}
{"level":"info","message":"Model name apInvoiceSettlementLine","timestamp":"2026-07-14T04:57:11.915Z"}
{"level":"info","message":"Associating InvoiceSettlementLine with models","timestamp":"2026-07-14T04:57:11.915Z"}
{"level":"info","message":"Model name arInvoiceHeader","timestamp":"2026-07-14T04:57:11.916Z"}
{"level":"info","message":"Associating table ARInvoiceHeader with models","timestamp":"2026-07-14T04:57:11.916Z"}
{"level":"info","message":"Model name arInvoiceHeaderAudit","timestamp":"2026-07-14T04:57:11.919Z"}
{"level":"info","message":"Associating table ARInvoiceHeaderAudit with models","timestamp":"2026-07-14T04:57:11.919Z"}
{"level":"info","message":"Model name arInvoiceLine","timestamp":"2026-07-14T04:57:11.920Z"}
{"level":"info","message":"Associating table InvoiceLine with models","timestamp":"2026-07-14T04:57:11.920Z"}
{"level":"info","message":"Model name arReceiveHeaderV2","timestamp":"2026-07-14T04:57:11.921Z"}
{"level":"info","message":"Associating table ARReceiveHeader with models","timestamp":"2026-07-14T04:57:11.921Z"}
{"level":"info","message":"Model name arReceiveHeaderAudit","timestamp":"2026-07-14T04:57:11.924Z"}
{"level":"info","message":"Associating table ARReceiveHeaderAudit with models","timestamp":"2026-07-14T04:57:11.924Z"}
{"level":"info","message":"Model name arReceiveLine","timestamp":"2026-07-14T04:57:11.924Z"}
{"level":"info","message":"Associating table ReceiveLine with models","timestamp":"2026-07-14T04:57:11.924Z"}
{"level":"info","message":"Model name vendor","timestamp":"2026-07-14T04:57:11.925Z"}
{"level":"info","message":"Model name shipping","timestamp":"2026-07-14T04:57:11.925Z"}
{"level":"info","message":"Model name shipping_order","timestamp":"2026-07-14T04:57:11.925Z"}
{"level":"info","message":"Model name shipping_checkout_batch","timestamp":"2026-07-14T04:57:11.925Z"}
{"level":"info","message":"Model name service","timestamp":"2026-07-14T04:57:11.925Z"}
{"level":"info","message":"Model name authority","timestamp":"2026-07-14T04:57:11.925Z"}
{"level":"info","message":"Model name terminal","timestamp":"2026-07-14T04:57:11.925Z"}
{"level":"info","message":"Model name terminalAudit","timestamp":"2026-07-14T04:57:11.926Z"}
{"level":"info","message":"Associating table TerminalAudit with models","timestamp":"2026-07-14T04:57:11.926Z"}
{"level":"info","message":"Model name campaign","timestamp":"2026-07-14T04:57:11.926Z"}
{"level":"info","message":"Model name campaignEntry","timestamp":"2026-07-14T04:57:11.926Z"}
{"level":"info","message":"Model name rider","timestamp":"2026-07-14T04:57:11.926Z"}
{"level":"info","message":"Model name outlet","timestamp":"2026-07-14T04:57:11.926Z"}
{"level":"info","message":"Model name geography","timestamp":"2026-07-14T04:57:11.927Z"}
{"level":"info","message":"Model name country","timestamp":"2026-07-14T04:57:11.927Z"}
{"level":"info","message":"Model name village","timestamp":"2026-07-14T04:57:11.927Z"}
{"level":"info","message":"Model name district","timestamp":"2026-07-14T04:57:11.927Z"}
{"level":"info","message":"Model name accountDailyBalance","timestamp":"2026-07-14T04:57:11.929Z"}
{"level":"info","message":"Model name businessDate","timestamp":"2026-07-14T04:57:11.929Z"}
{"level":"info","message":"Model name tuturial","timestamp":"2026-07-14T04:57:11.929Z"}
{"level":"info","message":"tutorial_db Connection established","timestamp":"2026-07-14T04:57:12.204Z"}
{"level":"info","message":"client_db Connection established","timestamp":"2026-07-14T04:57:12.208Z"}
{"level":"info","message":"Hello, Winston!","timestamp":"2026-07-14T04:57:35.340Z"}
{"level":"warn","message":"This is a warning message.","timestamp":"2026-07-14T04:57:35.344Z"}
{"level":"error","message":"This is an error message.","timestamp":"2026-07-14T04:57:35.344Z"}
{"level":"info","message":"This is an information message.","timestamp":"2026-07-14T04:57:35.345Z"}
{"ip":"192.168.1.1","level":"info","message":"User logged in","timestamp":"2026-07-14T04:57:35.347Z","username":"johndoe"}
{"level":"info","message":"Model name sequelize","timestamp":"2026-07-14T04:57:35.676Z"}
{"level":"info","message":"Model name Sequelize","timestamp":"2026-07-14T04:57:35.677Z"}
{"level":"info","message":"Model name centralSequelize","timestamp":"2026-07-14T04:57:35.677Z"}
{"level":"info","message":"Model name spf","timestamp":"2026-07-14T04:57:35.678Z"}
{"level":"info","message":"Model name client","timestamp":"2026-07-14T04:57:35.678Z"}
{"level":"info","message":"Model name clientAudit","timestamp":"2026-07-14T04:57:35.683Z"}
{"level":"info","message":"Associating table ClientAudit with models","timestamp":"2026-07-14T04:57:35.684Z"}
{"level":"info","message":"Model name group","timestamp":"2026-07-14T04:57:35.688Z"}
{"level":"info","message":"Model name GroupMenuHeader","timestamp":"2026-07-14T04:57:35.690Z"}
{"level":"info","message":"Model name role","timestamp":"2026-07-14T04:57:35.691Z"}
{"level":"info","message":"Model name user","timestamp":"2026-07-14T04:57:35.696Z"}
{"level":"info","message":"Model name Agency","timestamp":"2026-07-14T04:57:35.700Z"}
{"level":"info","message":"Associating table Agency with models","timestamp":"2026-07-14T04:57:35.701Z"}
{"level":"info","message":"Model name Applicant","timestamp":"2026-07-14T04:57:35.705Z"}
{"level":"info","message":"Associating table Applicant with models","timestamp":"2026-07-14T04:57:35.708Z"}
{"level":"info","message":"Model name MOU","timestamp":"2026-07-14T04:57:35.729Z"}
{"level":"info","message":"Associating table Job with models","timestamp":"2026-07-14T04:57:35.734Z"}
{"level":"info","message":"Model name jobAdvertise","timestamp":"2026-07-14T04:57:35.748Z"}
{"level":"info","message":"Associating table JobAdvertise with models","timestamp":"2026-07-14T04:57:35.751Z"}
{"level":"info","message":"Model name JobBatch","timestamp":"2026-07-14T04:57:35.752Z"}
{"level":"info","message":"Associating table JobBatch with models","timestamp":"2026-07-14T04:57:35.753Z"}
{"level":"info","message":"Model name benefit","timestamp":"2026-07-14T04:57:35.761Z"}
{"level":"info","message":"Associating table Benefit with models","timestamp":"2026-07-14T04:57:35.761Z"}
{"level":"info","message":"Model name company","timestamp":"2026-07-14T04:57:35.765Z"}
{"level":"info","message":"Model name location","timestamp":"2026-07-14T04:57:35.768Z"}
{"level":"info","message":"Model name currency","timestamp":"2026-07-14T04:57:35.768Z"}
{"level":"info","message":"Model name currencyAudit","timestamp":"2026-07-14T04:57:35.770Z"}
{"level":"info","message":"Associating table CurrencyAudit with models","timestamp":"2026-07-14T04:57:35.770Z"}
{"level":"info","message":"Model name unit","timestamp":"2026-07-14T04:57:35.771Z"}
{"level":"info","message":"Model name printerModel","timestamp":"2026-07-14T04:57:35.782Z"}
{"level":"info","message":"Model name stockTransactionModel","timestamp":"2026-07-14T04:57:35.787Z"}
{"level":"info","message":"Model name mainCategory","timestamp":"2026-07-14T04:57:35.798Z"}
{"level":"info","message":"Model name category","timestamp":"2026-07-14T04:57:35.798Z"}
{"level":"info","message":"Associating table Color with models","timestamp":"2026-07-14T04:57:35.799Z"}
{"level":"info","message":"Model name student","timestamp":"2026-07-14T04:57:35.802Z"}
{"level":"info","message":"Associating table Student with models","timestamp":"2026-07-14T04:57:35.803Z"}
{"level":"info","message":"Model name nfcCard","timestamp":"2026-07-14T04:57:35.812Z"}
{"level":"info","message":"Associating table NfcCard with models","timestamp":"2026-07-14T04:57:35.812Z"}
{"level":"info","message":"Model name transactionEntry","timestamp":"2026-07-14T04:57:35.813Z"}
{"level":"info","message":"Associating table TransactionEntry","timestamp":"2026-07-14T04:57:35.813Z"}
{"level":"info","message":"Model name tax","timestamp":"2026-07-14T04:57:35.815Z"}
{"level":"info","message":"Model name product","timestamp":"2026-07-14T04:57:35.815Z"}
{"level":"info","message":"Model name productAudit","timestamp":"2026-07-14T04:57:35.902Z"}
{"level":"info","message":"Associating table ProductAudit with models","timestamp":"2026-07-14T04:57:35.907Z"}
{"level":"info","message":"Model name productTemp","timestamp":"2026-07-14T04:57:35.915Z"}
{"level":"info","message":"Model name productSize","timestamp":"2026-07-14T04:57:35.916Z"}
{"level":"info","message":"Model name image","timestamp":"2026-07-14T04:57:35.916Z"}
{"level":"info","message":"Associating table IMAGE with models","timestamp":"2026-07-14T04:57:35.917Z"}
{"level":"info","message":"Model name priceList","timestamp":"2026-07-14T04:57:35.917Z"}
{"level":"info","message":"Model name webProductGroup","timestamp":"2026-07-14T04:57:35.917Z"}
{"level":"info","message":"Model name customer","timestamp":"2026-07-14T04:57:35.917Z"}
{"level":"info","message":"Model name order","timestamp":"2026-07-14T04:57:35.917Z"}
{"level":"info","message":"Model name orderHIS","timestamp":"2026-07-14T04:57:35.917Z"}
{"level":"info","message":"Model name orderTable","timestamp":"2026-07-14T04:57:35.917Z"}
{"level":"info","message":"Model name recipe","timestamp":"2026-07-14T04:57:35.917Z"}
{"level":"info","message":"Model name table","timestamp":"2026-07-14T04:57:35.918Z"}
{"level":"info","message":"Model name ticket","timestamp":"2026-07-14T04:57:35.925Z"}
{"level":"info","message":"Model name promotion","timestamp":"2026-07-14T04:57:35.930Z"}
{"level":"info","message":"Model name ticketLine","timestamp":"2026-07-14T04:57:35.937Z"}
{"level":"info","message":"Model name MemberOffer","timestamp":"2026-07-14T04:57:35.943Z"}
{"level":"info","message":"Model name loyaltyTransaction","timestamp":"2026-07-14T04:57:35.948Z"}
{"level":"info","message":"Model name washjob","timestamp":"2026-07-14T04:57:35.951Z"}
{"level":"info","message":"Model name washjobHis","timestamp":"2026-07-14T04:57:35.952Z"}
{"level":"info","message":"Model name washjobline","timestamp":"2026-07-14T04:57:35.952Z"}
{"level":"info","message":"Model name QRRequest","timestamp":"2026-07-14T04:57:35.952Z"}
{"level":"info","message":"Associating table QRRequest with models","timestamp":"2026-07-14T04:57:35.952Z"}
{"level":"info","message":"Model name saleHeader","timestamp":"2026-07-14T04:57:35.954Z"}
{"level":"info","message":"Model name salePayment","timestamp":"2026-07-14T04:57:35.964Z"}
{"level":"info","message":"Model name saleLine","timestamp":"2026-07-14T04:57:35.968Z"}
{"level":"info","message":"Associating table SaleLine with models","timestamp":"2026-07-14T04:57:35.968Z"}
{"level":"info","message":"Model name quotationHeader","timestamp":"2026-07-14T04:57:35.971Z"}
{"level":"info","message":"Model name quotationLine","timestamp":"2026-07-14T04:57:35.971Z"}
{"level":"info","message":"Associating table QuotationLine with models","timestamp":"2026-07-14T04:57:35.971Z"}
{"level":"info","message":"Model name poHeader","timestamp":"2026-07-14T04:57:35.972Z"}
{"level":"info","message":"Model name poLine","timestamp":"2026-07-14T04:57:35.972Z"}
{"level":"info","message":"Model name poHeaderHIS","timestamp":"2026-07-14T04:57:35.972Z"}
{"level":"info","message":"Model name poLineHIS","timestamp":"2026-07-14T04:57:35.972Z"}
{"level":"info","message":"Model name receivingHeader","timestamp":"2026-07-14T04:57:35.972Z"}
{"level":"info","message":"Model name receivingLine","timestamp":"2026-07-14T04:57:35.972Z"}
{"level":"info","message":"Model name reservation","timestamp":"2026-07-14T04:57:35.972Z"}
{"level":"info","message":"Model name reservationLine","timestamp":"2026-07-14T04:57:35.972Z"}
{"level":"info","message":"Model name transferHeader","timestamp":"2026-07-14T04:57:35.973Z"}
{"level":"info","message":"Model name transferLine","timestamp":"2026-07-14T04:57:35.973Z"}
{"level":"info","message":"Model name menuHeader","timestamp":"2026-07-14T04:57:35.973Z"}
{"level":"info","message":"Model name menuLine","timestamp":"2026-07-14T04:57:35.973Z"}
{"level":"info","message":"Model name MenuHeaderLines","timestamp":"2026-07-14T04:57:35.973Z"}
{"level":"info","message":"Model name webMenuHeader","timestamp":"2026-07-14T04:57:35.973Z"}
{"level":"info","message":"Model name QRResponse","timestamp":"2026-07-14T04:57:35.973Z"}
{"level":"info","message":"Associating table QRResponse with models","timestamp":"2026-07-14T04:57:35.973Z"}
{"level":"info","message":"Model name PaymentCallback","timestamp":"2026-07-14T04:57:35.974Z"}
{"level":"info","message":"Associating table PaymentCallback with models","timestamp":"2026-07-14T04:57:35.974Z"}
{"level":"info","message":"Model name Color","timestamp":"2026-07-14T04:57:35.974Z"}
{"level":"info","message":"Associating table Color with models","timestamp":"2026-07-14T04:57:35.974Z"}
{"level":"info","message":"Model name Size","timestamp":"2026-07-14T04:57:35.976Z"}
{"level":"info","message":"Associating table Size with models","timestamp":"2026-07-14T04:57:35.976Z"}
{"level":"info","message":"Model name card","timestamp":"2026-07-14T04:57:35.977Z"}
{"level":"info","message":"Associating table Card with models","timestamp":"2026-07-14T04:57:35.977Z"}
{"level":"info","message":"Model name Transaction","timestamp":"2026-07-14T04:57:35.986Z"}
{"level":"info","message":"Model name glPostingBatch","timestamp":"2026-07-14T04:57:35.990Z"}
{"level":"info","message":"Model name gl","timestamp":"2026-07-14T04:57:35.990Z"}
{"level":"info","message":"Model name chartAccount","timestamp":"2026-07-14T04:57:35.990Z"}
{"level":"info","message":"Model name fixedAssetProduct","timestamp":"2026-07-14T04:57:35.990Z"}
{"level":"info","message":"Model name fixedAssetContract","timestamp":"2026-07-14T04:57:35.990Z"}
{"level":"info","message":"Model name fixedAssetDepreciation","timestamp":"2026-07-14T04:57:35.990Z"}
{"level":"info","message":"Model name apPaymentHeader","timestamp":"2026-07-14T04:57:35.990Z"}
{"level":"info","message":"Model name arReceiveHeader","timestamp":"2026-07-14T04:57:35.990Z"}
{"level":"info","message":"Model name payment","timestamp":"2026-07-14T04:57:35.990Z"}
{"level":"info","message":"Model name bank","timestamp":"2026-07-14T04:57:35.990Z"}
{"level":"info","message":"Model name bankAccount","timestamp":"2026-07-14T04:57:35.990Z"}
{"level":"info","message":"Associating table Bank with models","timestamp":"2026-07-14T04:57:35.991Z"}
{"level":"info","message":"Model name ministry","timestamp":"2026-07-14T04:57:35.994Z"}
{"level":"info","message":"Model name moneySettlement","timestamp":"2026-07-14T04:57:35.997Z"}
{"level":"info","message":"Model name moneyAdvanceAudit","timestamp":"2026-07-14T04:57:35.998Z"}
{"level":"info","message":"Associating table MoneyAdvanceAudit with models","timestamp":"2026-07-14T04:57:35.998Z"}
{"level":"info","message":"Model name moneyAdvance","timestamp":"2026-07-14T04:57:35.999Z"}
{"level":"info","message":"Associating table MoneyAdvance with models","timestamp":"2026-07-14T04:57:35.999Z"}
{"level":"info","message":"Model name AccountStatement","timestamp":"2026-07-14T04:57:36.002Z"}
{"level":"info","message":"Associating table AccountStatement with models","timestamp":"2026-07-14T04:57:36.004Z"}
{"level":"info","message":"Model name Project","timestamp":"2026-07-14T04:57:36.011Z"}
{"level":"info","message":"Model name ProjectBudget","timestamp":"2026-07-14T04:57:36.013Z"}
{"level":"info","message":"Model name ProjectContract","timestamp":"2026-07-14T04:57:36.014Z"}
{"level":"info","message":"Model name ProjectInvoice","timestamp":"2026-07-14T04:57:36.015Z"}
{"level":"info","message":"Model name WithdrawalApplication","timestamp":"2026-07-14T04:57:36.015Z"}
{"level":"info","message":"Model name revenue_target","timestamp":"2026-07-14T04:57:36.016Z"}
{"level":"info","message":"Model name apInvoice","timestamp":"2026-07-14T04:57:36.016Z"}
{"level":"info","message":"Associating table APInvoice with models","timestamp":"2026-07-14T04:57:36.016Z"}
{"level":"info","message":"Model name apInvoiceAudit","timestamp":"2026-07-14T04:57:36.019Z"}
{"level":"info","message":"Associating table APInvoiceAudit with models","timestamp":"2026-07-14T04:57:36.019Z"}
{"level":"info","message":"Model name invoiceLineItem","timestamp":"2026-07-14T04:57:36.020Z"}
{"level":"info","message":"Associating table InvoiceLineItem with models","timestamp":"2026-07-14T04:57:36.020Z"}
{"level":"info","message":"Model name apInvoiceSettlement","timestamp":"2026-07-14T04:57:36.021Z"}
{"level":"info","message":"Associating table APInvoiceSettlement with models","timestamp":"2026-07-14T04:57:36.022Z"}
{"level":"info","message":"Model name apSettlementAudit","timestamp":"2026-07-14T04:57:36.024Z"}
{"level":"info","message":"Associating table APSettlementAudit with models","timestamp":"2026-07-14T04:57:36.025Z"}
{"level":"info","message":"Model name apInvoiceSettlementLine","timestamp":"2026-07-14T04:57:36.025Z"}
{"level":"info","message":"Associating InvoiceSettlementLine with models","timestamp":"2026-07-14T04:57:36.025Z"}
{"level":"info","message":"Model name arInvoiceHeader","timestamp":"2026-07-14T04:57:36.026Z"}
{"level":"info","message":"Associating table ARInvoiceHeader with models","timestamp":"2026-07-14T04:57:36.026Z"}
{"level":"info","message":"Model name arInvoiceHeaderAudit","timestamp":"2026-07-14T04:57:36.029Z"}
{"level":"info","message":"Associating table ARInvoiceHeaderAudit with models","timestamp":"2026-07-14T04:57:36.029Z"}
{"level":"info","message":"Model name arInvoiceLine","timestamp":"2026-07-14T04:57:36.030Z"}
{"level":"info","message":"Associating table InvoiceLine with models","timestamp":"2026-07-14T04:57:36.030Z"}
{"level":"info","message":"Model name arReceiveHeaderV2","timestamp":"2026-07-14T04:57:36.032Z"}
{"level":"info","message":"Associating table ARReceiveHeader with models","timestamp":"2026-07-14T04:57:36.032Z"}
{"level":"info","message":"Model name arReceiveHeaderAudit","timestamp":"2026-07-14T04:57:36.034Z"}
{"level":"info","message":"Associating table ARReceiveHeaderAudit with models","timestamp":"2026-07-14T04:57:36.034Z"}
{"level":"info","message":"Model name arReceiveLine","timestamp":"2026-07-14T04:57:36.035Z"}
{"level":"info","message":"Associating table ReceiveLine with models","timestamp":"2026-07-14T04:57:36.035Z"}
{"level":"info","message":"Model name vendor","timestamp":"2026-07-14T04:57:36.036Z"}
{"level":"info","message":"Model name shipping","timestamp":"2026-07-14T04:57:36.036Z"}
{"level":"info","message":"Model name shipping_order","timestamp":"2026-07-14T04:57:36.036Z"}
{"level":"info","message":"Model name shipping_checkout_batch","timestamp":"2026-07-14T04:57:36.036Z"}
{"level":"info","message":"Model name service","timestamp":"2026-07-14T04:57:36.036Z"}
{"level":"info","message":"Model name authority","timestamp":"2026-07-14T04:57:36.036Z"}
{"level":"info","message":"Model name terminal","timestamp":"2026-07-14T04:57:36.036Z"}
{"level":"info","message":"Model name terminalAudit","timestamp":"2026-07-14T04:57:36.037Z"}
{"level":"info","message":"Associating table TerminalAudit with models","timestamp":"2026-07-14T04:57:36.037Z"}
{"level":"info","message":"Model name campaign","timestamp":"2026-07-14T04:57:36.037Z"}
{"level":"info","message":"Model name campaignEntry","timestamp":"2026-07-14T04:57:36.037Z"}
{"level":"info","message":"Model name rider","timestamp":"2026-07-14T04:57:36.037Z"}
{"level":"info","message":"Model name outlet","timestamp":"2026-07-14T04:57:36.037Z"}
{"level":"info","message":"Model name geography","timestamp":"2026-07-14T04:57:36.037Z"}
{"level":"info","message":"Model name country","timestamp":"2026-07-14T04:57:36.037Z"}
{"level":"info","message":"Model name village","timestamp":"2026-07-14T04:57:36.037Z"}
{"level":"info","message":"Model name district","timestamp":"2026-07-14T04:57:36.038Z"}
{"level":"info","message":"Model name accountDailyBalance","timestamp":"2026-07-14T04:57:36.040Z"}
{"level":"info","message":"Model name businessDate","timestamp":"2026-07-14T04:57:36.040Z"}
{"level":"info","message":"Model name tuturial","timestamp":"2026-07-14T04:57:36.040Z"}
{"level":"info","message":"tutorial_db Connection established","timestamp":"2026-07-14T04:57:36.216Z"}
{"level":"info","message":"client_db Connection established","timestamp":"2026-07-14T04:57:36.220Z"}
{"level":"info","message":"Hello, Winston!","timestamp":"2026-07-14T05:19:37.921Z"}
{"level":"warn","message":"This is a warning message.","timestamp":"2026-07-14T05:19:37.924Z"}
{"level":"error","message":"This is an error message.","timestamp":"2026-07-14T05:19:37.925Z"}
{"level":"info","message":"This is an information message.","timestamp":"2026-07-14T05:19:37.926Z"}
{"ip":"192.168.1.1","level":"info","message":"User logged in","timestamp":"2026-07-14T05:19:37.928Z","username":"johndoe"}
{"level":"info","message":"Model name sequelize","timestamp":"2026-07-14T05:19:38.263Z"}
{"level":"info","message":"Model name Sequelize","timestamp":"2026-07-14T05:19:38.265Z"}
{"level":"info","message":"Model name centralSequelize","timestamp":"2026-07-14T05:19:38.265Z"}
{"level":"info","message":"Model name spf","timestamp":"2026-07-14T05:19:38.266Z"}
{"level":"info","message":"Model name client","timestamp":"2026-07-14T05:19:38.267Z"}
{"level":"info","message":"Model name clientAudit","timestamp":"2026-07-14T05:19:38.271Z"}
{"level":"info","message":"Associating table ClientAudit with models","timestamp":"2026-07-14T05:19:38.272Z"}
{"level":"info","message":"Model name group","timestamp":"2026-07-14T05:19:38.277Z"}
{"level":"info","message":"Model name GroupMenuHeader","timestamp":"2026-07-14T05:19:38.279Z"}
{"level":"info","message":"Model name role","timestamp":"2026-07-14T05:19:38.279Z"}
{"level":"info","message":"Model name user","timestamp":"2026-07-14T05:19:38.285Z"}
{"level":"info","message":"Model name Agency","timestamp":"2026-07-14T05:19:38.288Z"}
{"level":"info","message":"Associating table Agency with models","timestamp":"2026-07-14T05:19:38.289Z"}
{"level":"info","message":"Model name Applicant","timestamp":"2026-07-14T05:19:38.293Z"}
{"level":"info","message":"Associating table Applicant with models","timestamp":"2026-07-14T05:19:38.296Z"}
{"level":"info","message":"Model name MOU","timestamp":"2026-07-14T05:19:38.316Z"}
{"level":"info","message":"Associating table Job with models","timestamp":"2026-07-14T05:19:38.321Z"}
{"level":"info","message":"Model name jobAdvertise","timestamp":"2026-07-14T05:19:38.335Z"}
{"level":"info","message":"Associating table JobAdvertise with models","timestamp":"2026-07-14T05:19:38.339Z"}
{"level":"info","message":"Model name JobBatch","timestamp":"2026-07-14T05:19:38.340Z"}
{"level":"info","message":"Associating table JobBatch with models","timestamp":"2026-07-14T05:19:38.341Z"}
{"level":"info","message":"Model name benefit","timestamp":"2026-07-14T05:19:38.349Z"}
{"level":"info","message":"Associating table Benefit with models","timestamp":"2026-07-14T05:19:38.350Z"}
{"level":"info","message":"Model name company","timestamp":"2026-07-14T05:19:38.354Z"}
{"level":"info","message":"Model name location","timestamp":"2026-07-14T05:19:38.357Z"}
{"level":"info","message":"Model name currency","timestamp":"2026-07-14T05:19:38.357Z"}
{"level":"info","message":"Model name currencyAudit","timestamp":"2026-07-14T05:19:38.358Z"}
{"level":"info","message":"Associating table CurrencyAudit with models","timestamp":"2026-07-14T05:19:38.358Z"}
{"level":"info","message":"Model name unit","timestamp":"2026-07-14T05:19:38.359Z"}
{"level":"info","message":"Model name printerModel","timestamp":"2026-07-14T05:19:38.368Z"}
{"level":"info","message":"Model name stockTransactionModel","timestamp":"2026-07-14T05:19:38.372Z"}
{"level":"info","message":"Model name mainCategory","timestamp":"2026-07-14T05:19:38.378Z"}
{"level":"info","message":"Model name category","timestamp":"2026-07-14T05:19:38.378Z"}
{"level":"info","message":"Associating table Color with models","timestamp":"2026-07-14T05:19:38.379Z"}
{"level":"info","message":"Model name student","timestamp":"2026-07-14T05:19:38.379Z"}
{"level":"info","message":"Associating table Student with models","timestamp":"2026-07-14T05:19:38.379Z"}
{"level":"info","message":"Model name nfcCard","timestamp":"2026-07-14T05:19:38.381Z"}
{"level":"info","message":"Associating table NfcCard with models","timestamp":"2026-07-14T05:19:38.381Z"}
{"level":"info","message":"Model name transactionEntry","timestamp":"2026-07-14T05:19:38.382Z"}
{"level":"info","message":"Associating table TransactionEntry","timestamp":"2026-07-14T05:19:38.382Z"}
{"level":"info","message":"Model name tax","timestamp":"2026-07-14T05:19:38.383Z"}
{"level":"info","message":"Model name product","timestamp":"2026-07-14T05:19:38.383Z"}
{"level":"info","message":"Model name productAudit","timestamp":"2026-07-14T05:19:38.411Z"}
{"level":"info","message":"Associating table ProductAudit with models","timestamp":"2026-07-14T05:19:38.416Z"}
{"level":"info","message":"Model name productTemp","timestamp":"2026-07-14T05:19:38.426Z"}
{"level":"info","message":"Model name productSize","timestamp":"2026-07-14T05:19:38.429Z"}
{"level":"info","message":"Model name image","timestamp":"2026-07-14T05:19:38.429Z"}
{"level":"info","message":"Associating table IMAGE with models","timestamp":"2026-07-14T05:19:38.429Z"}
{"level":"info","message":"Model name priceList","timestamp":"2026-07-14T05:19:38.430Z"}
{"level":"info","message":"Model name webProductGroup","timestamp":"2026-07-14T05:19:38.430Z"}
{"level":"info","message":"Model name customer","timestamp":"2026-07-14T05:19:38.430Z"}
{"level":"info","message":"Model name order","timestamp":"2026-07-14T05:19:38.430Z"}
{"level":"info","message":"Model name orderHIS","timestamp":"2026-07-14T05:19:38.430Z"}
{"level":"info","message":"Model name orderTable","timestamp":"2026-07-14T05:19:38.430Z"}
{"level":"info","message":"Model name recipe","timestamp":"2026-07-14T05:19:38.430Z"}
{"level":"info","message":"Model name table","timestamp":"2026-07-14T05:19:38.430Z"}
{"level":"info","message":"Model name ticket","timestamp":"2026-07-14T05:19:38.438Z"}
{"level":"info","message":"Model name promotion","timestamp":"2026-07-14T05:19:38.450Z"}
{"level":"info","message":"Model name ticketLine","timestamp":"2026-07-14T05:19:38.459Z"}
{"level":"info","message":"Model name MemberOffer","timestamp":"2026-07-14T05:19:38.462Z"}
{"level":"info","message":"Model name loyaltyTransaction","timestamp":"2026-07-14T05:19:38.467Z"}
{"level":"info","message":"Model name washjob","timestamp":"2026-07-14T05:19:38.471Z"}
{"level":"info","message":"Model name washjobHis","timestamp":"2026-07-14T05:19:38.471Z"}
{"level":"info","message":"Model name washjobline","timestamp":"2026-07-14T05:19:38.471Z"}
{"level":"info","message":"Model name QRRequest","timestamp":"2026-07-14T05:19:38.471Z"}
{"level":"info","message":"Associating table QRRequest with models","timestamp":"2026-07-14T05:19:38.471Z"}
{"level":"info","message":"Model name saleHeader","timestamp":"2026-07-14T05:19:38.473Z"}
{"level":"info","message":"Model name salePayment","timestamp":"2026-07-14T05:19:38.483Z"}
{"level":"info","message":"Model name saleLine","timestamp":"2026-07-14T05:19:38.487Z"}
{"level":"info","message":"Associating table SaleLine with models","timestamp":"2026-07-14T05:19:38.487Z"}
{"level":"info","message":"Model name quotationHeader","timestamp":"2026-07-14T05:19:38.489Z"}
{"level":"info","message":"Model name quotationLine","timestamp":"2026-07-14T05:19:38.490Z"}
{"level":"info","message":"Associating table QuotationLine with models","timestamp":"2026-07-14T05:19:38.490Z"}
{"level":"info","message":"Model name poHeader","timestamp":"2026-07-14T05:19:38.490Z"}
{"level":"info","message":"Model name poLine","timestamp":"2026-07-14T05:19:38.490Z"}
{"level":"info","message":"Model name poHeaderHIS","timestamp":"2026-07-14T05:19:38.490Z"}
{"level":"info","message":"Model name poLineHIS","timestamp":"2026-07-14T05:19:38.490Z"}
{"level":"info","message":"Model name receivingHeader","timestamp":"2026-07-14T05:19:38.490Z"}
{"level":"info","message":"Model name receivingLine","timestamp":"2026-07-14T05:19:38.490Z"}
{"level":"info","message":"Model name reservation","timestamp":"2026-07-14T05:19:38.490Z"}
{"level":"info","message":"Model name reservationLine","timestamp":"2026-07-14T05:19:38.490Z"}
{"level":"info","message":"Model name transferHeader","timestamp":"2026-07-14T05:19:38.490Z"}
{"level":"info","message":"Model name transferLine","timestamp":"2026-07-14T05:19:38.490Z"}
{"level":"info","message":"Model name menuHeader","timestamp":"2026-07-14T05:19:38.490Z"}
{"level":"info","message":"Model name menuLine","timestamp":"2026-07-14T05:19:38.491Z"}
{"level":"info","message":"Model name MenuHeaderLines","timestamp":"2026-07-14T05:19:38.491Z"}
{"level":"info","message":"Model name webMenuHeader","timestamp":"2026-07-14T05:19:38.491Z"}
{"level":"info","message":"Model name QRResponse","timestamp":"2026-07-14T05:19:38.491Z"}
{"level":"info","message":"Associating table QRResponse with models","timestamp":"2026-07-14T05:19:38.491Z"}
{"level":"info","message":"Model name PaymentCallback","timestamp":"2026-07-14T05:19:38.491Z"}
{"level":"info","message":"Associating table PaymentCallback with models","timestamp":"2026-07-14T05:19:38.491Z"}
{"level":"info","message":"Model name Color","timestamp":"2026-07-14T05:19:38.492Z"}
{"level":"info","message":"Associating table Color with models","timestamp":"2026-07-14T05:19:38.492Z"}
{"level":"info","message":"Model name Size","timestamp":"2026-07-14T05:19:38.493Z"}
{"level":"info","message":"Associating table Size with models","timestamp":"2026-07-14T05:19:38.493Z"}
{"level":"info","message":"Model name card","timestamp":"2026-07-14T05:19:38.494Z"}
{"level":"info","message":"Associating table Card with models","timestamp":"2026-07-14T05:19:38.494Z"}
{"level":"info","message":"Model name Transaction","timestamp":"2026-07-14T05:19:38.501Z"}
{"level":"info","message":"Model name glPostingBatch","timestamp":"2026-07-14T05:19:38.504Z"}
{"level":"info","message":"Model name gl","timestamp":"2026-07-14T05:19:38.504Z"}
{"level":"info","message":"Model name chartAccount","timestamp":"2026-07-14T05:19:38.504Z"}
{"level":"info","message":"Model name fixedAssetProduct","timestamp":"2026-07-14T05:19:38.505Z"}
{"level":"info","message":"Model name fixedAssetContract","timestamp":"2026-07-14T05:19:38.505Z"}
{"level":"info","message":"Model name fixedAssetDepreciation","timestamp":"2026-07-14T05:19:38.505Z"}
{"level":"info","message":"Model name apPaymentHeader","timestamp":"2026-07-14T05:19:38.505Z"}
{"level":"info","message":"Model name arReceiveHeader","timestamp":"2026-07-14T05:19:38.505Z"}
{"level":"info","message":"Model name payment","timestamp":"2026-07-14T05:19:38.505Z"}
{"level":"info","message":"Model name bank","timestamp":"2026-07-14T05:19:38.505Z"}
{"level":"info","message":"Model name bankAccount","timestamp":"2026-07-14T05:19:38.505Z"}
{"level":"info","message":"Associating table Bank with models","timestamp":"2026-07-14T05:19:38.505Z"}
{"level":"info","message":"Model name ministry","timestamp":"2026-07-14T05:19:38.509Z"}
{"level":"info","message":"Model name moneySettlement","timestamp":"2026-07-14T05:19:38.511Z"}
{"level":"info","message":"Model name moneyAdvanceAudit","timestamp":"2026-07-14T05:19:38.514Z"}
{"level":"info","message":"Associating table MoneyAdvanceAudit with models","timestamp":"2026-07-14T05:19:38.514Z"}
{"level":"info","message":"Model name moneyAdvance","timestamp":"2026-07-14T05:19:38.514Z"}
{"level":"info","message":"Associating table MoneyAdvance with models","timestamp":"2026-07-14T05:19:38.515Z"}
{"level":"info","message":"Model name AccountStatement","timestamp":"2026-07-14T05:19:38.517Z"}
{"level":"info","message":"Associating table AccountStatement with models","timestamp":"2026-07-14T05:19:38.519Z"}
{"level":"info","message":"Model name Project","timestamp":"2026-07-14T05:19:38.529Z"}
{"level":"info","message":"Model name ProjectBudget","timestamp":"2026-07-14T05:19:38.531Z"}
{"level":"info","message":"Model name ProjectContract","timestamp":"2026-07-14T05:19:38.531Z"}
{"level":"info","message":"Model name ProjectInvoice","timestamp":"2026-07-14T05:19:38.532Z"}
{"level":"info","message":"Model name WithdrawalApplication","timestamp":"2026-07-14T05:19:38.533Z"}
{"level":"info","message":"Model name revenue_target","timestamp":"2026-07-14T05:19:38.533Z"}
{"level":"info","message":"Model name apInvoice","timestamp":"2026-07-14T05:19:38.534Z"}
{"level":"info","message":"Associating table APInvoice with models","timestamp":"2026-07-14T05:19:38.534Z"}
{"level":"info","message":"Model name apInvoiceAudit","timestamp":"2026-07-14T05:19:38.536Z"}
{"level":"info","message":"Associating table APInvoiceAudit with models","timestamp":"2026-07-14T05:19:38.537Z"}
{"level":"info","message":"Model name invoiceLineItem","timestamp":"2026-07-14T05:19:38.537Z"}
{"level":"info","message":"Associating table InvoiceLineItem with models","timestamp":"2026-07-14T05:19:38.537Z"}
{"level":"info","message":"Model name apInvoiceSettlement","timestamp":"2026-07-14T05:19:38.538Z"}
{"level":"info","message":"Associating table APInvoiceSettlement with models","timestamp":"2026-07-14T05:19:38.539Z"}
{"level":"info","message":"Model name apSettlementAudit","timestamp":"2026-07-14T05:19:38.541Z"}
{"level":"info","message":"Associating table APSettlementAudit with models","timestamp":"2026-07-14T05:19:38.541Z"}
{"level":"info","message":"Model name apInvoiceSettlementLine","timestamp":"2026-07-14T05:19:38.541Z"}
{"level":"info","message":"Associating InvoiceSettlementLine with models","timestamp":"2026-07-14T05:19:38.541Z"}
{"level":"info","message":"Model name arInvoiceHeader","timestamp":"2026-07-14T05:19:38.543Z"}
{"level":"info","message":"Associating table ARInvoiceHeader with models","timestamp":"2026-07-14T05:19:38.543Z"}
{"level":"info","message":"Model name arInvoiceHeaderAudit","timestamp":"2026-07-14T05:19:38.546Z"}
{"level":"info","message":"Associating table ARInvoiceHeaderAudit with models","timestamp":"2026-07-14T05:19:38.546Z"}
{"level":"info","message":"Model name arInvoiceLine","timestamp":"2026-07-14T05:19:38.546Z"}
{"level":"info","message":"Associating table InvoiceLine with models","timestamp":"2026-07-14T05:19:38.547Z"}
{"level":"info","message":"Model name arReceiveHeaderV2","timestamp":"2026-07-14T05:19:38.548Z"}
{"level":"info","message":"Associating table ARReceiveHeader with models","timestamp":"2026-07-14T05:19:38.548Z"}
{"level":"info","message":"Model name arReceiveHeaderAudit","timestamp":"2026-07-14T05:19:38.551Z"}
{"level":"info","message":"Associating table ARReceiveHeaderAudit with models","timestamp":"2026-07-14T05:19:38.551Z"}
{"level":"info","message":"Model name arReceiveLine","timestamp":"2026-07-14T05:19:38.551Z"}
{"level":"info","message":"Associating table ReceiveLine with models","timestamp":"2026-07-14T05:19:38.551Z"}
{"level":"info","message":"Model name vendor","timestamp":"2026-07-14T05:19:38.552Z"}
{"level":"info","message":"Model name shipping","timestamp":"2026-07-14T05:19:38.552Z"}
{"level":"info","message":"Model name shipping_order","timestamp":"2026-07-14T05:19:38.553Z"}
{"level":"info","message":"Model name shipping_checkout_batch","timestamp":"2026-07-14T05:19:38.553Z"}
{"level":"info","message":"Model name service","timestamp":"2026-07-14T05:19:38.553Z"}
{"level":"info","message":"Model name authority","timestamp":"2026-07-14T05:19:38.553Z"}
{"level":"info","message":"Model name terminal","timestamp":"2026-07-14T05:19:38.553Z"}
{"level":"info","message":"Model name terminalAudit","timestamp":"2026-07-14T05:19:38.553Z"}
{"level":"info","message":"Associating table TerminalAudit with models","timestamp":"2026-07-14T05:19:38.554Z"}
{"level":"info","message":"Model name campaign","timestamp":"2026-07-14T05:19:38.554Z"}
{"level":"info","message":"Model name campaignEntry","timestamp":"2026-07-14T05:19:38.554Z"}
{"level":"info","message":"Model name rider","timestamp":"2026-07-14T05:19:38.554Z"}
{"level":"info","message":"Model name outlet","timestamp":"2026-07-14T05:19:38.554Z"}
{"level":"info","message":"Model name geography","timestamp":"2026-07-14T05:19:38.554Z"}
{"level":"info","message":"Model name country","timestamp":"2026-07-14T05:19:38.554Z"}
{"level":"info","message":"Model name village","timestamp":"2026-07-14T05:19:38.554Z"}
{"level":"info","message":"Model name district","timestamp":"2026-07-14T05:19:38.555Z"}
{"level":"info","message":"Model name accountDailyBalance","timestamp":"2026-07-14T05:19:38.556Z"}
{"level":"info","message":"Model name businessDate","timestamp":"2026-07-14T05:19:38.557Z"}
{"level":"info","message":"Model name tuturial","timestamp":"2026-07-14T05:19:38.557Z"}
{"level":"info","message":"tutorial_db Connection established","timestamp":"2026-07-14T05:19:38.763Z"}
{"level":"info","message":"client_db Connection established","timestamp":"2026-07-14T05:19:38.768Z"}
{"level":"info","message":"Hello, Winston!","timestamp":"2026-07-14T05:19:51.731Z"}
{"level":"warn","message":"This is a warning message.","timestamp":"2026-07-14T05:19:51.735Z"}
{"level":"error","message":"This is an error message.","timestamp":"2026-07-14T05:19:51.735Z"}
{"level":"info","message":"This is an information message.","timestamp":"2026-07-14T05:19:51.736Z"}
{"ip":"192.168.1.1","level":"info","message":"User logged in","timestamp":"2026-07-14T05:19:51.738Z","username":"johndoe"}
{"level":"info","message":"Model name sequelize","timestamp":"2026-07-14T05:19:52.060Z"}
{"level":"info","message":"Model name Sequelize","timestamp":"2026-07-14T05:19:52.062Z"}
{"level":"info","message":"Model name centralSequelize","timestamp":"2026-07-14T05:19:52.062Z"}
{"level":"info","message":"Model name spf","timestamp":"2026-07-14T05:19:52.063Z"}
{"level":"info","message":"Model name client","timestamp":"2026-07-14T05:19:52.064Z"}
{"level":"info","message":"Model name clientAudit","timestamp":"2026-07-14T05:19:52.068Z"}
{"level":"info","message":"Associating table ClientAudit with models","timestamp":"2026-07-14T05:19:52.069Z"}
{"level":"info","message":"Model name group","timestamp":"2026-07-14T05:19:52.073Z"}
{"level":"info","message":"Model name GroupMenuHeader","timestamp":"2026-07-14T05:19:52.075Z"}
{"level":"info","message":"Model name role","timestamp":"2026-07-14T05:19:52.076Z"}
{"level":"info","message":"Model name user","timestamp":"2026-07-14T05:19:52.081Z"}
{"level":"info","message":"Model name Agency","timestamp":"2026-07-14T05:19:52.084Z"}
{"level":"info","message":"Associating table Agency with models","timestamp":"2026-07-14T05:19:52.085Z"}
{"level":"info","message":"Model name Applicant","timestamp":"2026-07-14T05:19:52.089Z"}
{"level":"info","message":"Associating table Applicant with models","timestamp":"2026-07-14T05:19:52.091Z"}
{"level":"info","message":"Model name MOU","timestamp":"2026-07-14T05:19:52.111Z"}
{"level":"info","message":"Associating table Job with models","timestamp":"2026-07-14T05:19:52.115Z"}
{"level":"info","message":"Model name jobAdvertise","timestamp":"2026-07-14T05:19:52.131Z"}
{"level":"info","message":"Associating table JobAdvertise with models","timestamp":"2026-07-14T05:19:52.134Z"}
{"level":"info","message":"Model name JobBatch","timestamp":"2026-07-14T05:19:52.135Z"}
{"level":"info","message":"Associating table JobBatch with models","timestamp":"2026-07-14T05:19:52.136Z"}
{"level":"info","message":"Model name benefit","timestamp":"2026-07-14T05:19:52.144Z"}
{"level":"info","message":"Associating table Benefit with models","timestamp":"2026-07-14T05:19:52.144Z"}
{"level":"info","message":"Model name company","timestamp":"2026-07-14T05:19:52.148Z"}
{"level":"info","message":"Model name location","timestamp":"2026-07-14T05:19:52.151Z"}
{"level":"info","message":"Model name currency","timestamp":"2026-07-14T05:19:52.151Z"}
{"level":"info","message":"Model name currencyAudit","timestamp":"2026-07-14T05:19:52.152Z"}
{"level":"info","message":"Associating table CurrencyAudit with models","timestamp":"2026-07-14T05:19:52.152Z"}
{"level":"info","message":"Model name unit","timestamp":"2026-07-14T05:19:52.153Z"}
{"level":"info","message":"Model name printerModel","timestamp":"2026-07-14T05:19:52.163Z"}
{"level":"info","message":"Model name stockTransactionModel","timestamp":"2026-07-14T05:19:52.167Z"}
{"level":"info","message":"Model name mainCategory","timestamp":"2026-07-14T05:19:52.173Z"}
{"level":"info","message":"Model name category","timestamp":"2026-07-14T05:19:52.173Z"}
{"level":"info","message":"Associating table Color with models","timestamp":"2026-07-14T05:19:52.173Z"}
{"level":"info","message":"Model name student","timestamp":"2026-07-14T05:19:52.174Z"}
{"level":"info","message":"Associating table Student with models","timestamp":"2026-07-14T05:19:52.174Z"}
{"level":"info","message":"Model name nfcCard","timestamp":"2026-07-14T05:19:52.175Z"}
{"level":"info","message":"Associating table NfcCard with models","timestamp":"2026-07-14T05:19:52.175Z"}
{"level":"info","message":"Model name transactionEntry","timestamp":"2026-07-14T05:19:52.176Z"}
{"level":"info","message":"Associating table TransactionEntry","timestamp":"2026-07-14T05:19:52.176Z"}
{"level":"info","message":"Model name tax","timestamp":"2026-07-14T05:19:52.177Z"}
{"level":"info","message":"Model name product","timestamp":"2026-07-14T05:19:52.177Z"}
{"level":"info","message":"Model name productAudit","timestamp":"2026-07-14T05:19:52.215Z"}
{"level":"info","message":"Associating table ProductAudit with models","timestamp":"2026-07-14T05:19:52.220Z"}
{"level":"info","message":"Model name productTemp","timestamp":"2026-07-14T05:19:52.228Z"}
{"level":"info","message":"Model name productSize","timestamp":"2026-07-14T05:19:52.229Z"}
{"level":"info","message":"Model name image","timestamp":"2026-07-14T05:19:52.230Z"}
{"level":"info","message":"Associating table IMAGE with models","timestamp":"2026-07-14T05:19:52.230Z"}
{"level":"info","message":"Model name priceList","timestamp":"2026-07-14T05:19:52.230Z"}
{"level":"info","message":"Model name webProductGroup","timestamp":"2026-07-14T05:19:52.230Z"}
{"level":"info","message":"Model name customer","timestamp":"2026-07-14T05:19:52.230Z"}
{"level":"info","message":"Model name order","timestamp":"2026-07-14T05:19:52.230Z"}
{"level":"info","message":"Model name orderHIS","timestamp":"2026-07-14T05:19:52.230Z"}
{"level":"info","message":"Model name orderTable","timestamp":"2026-07-14T05:19:52.230Z"}
{"level":"info","message":"Model name recipe","timestamp":"2026-07-14T05:19:52.230Z"}
{"level":"info","message":"Model name table","timestamp":"2026-07-14T05:19:52.231Z"}
{"level":"info","message":"Model name ticket","timestamp":"2026-07-14T05:19:52.238Z"}
{"level":"info","message":"Model name promotion","timestamp":"2026-07-14T05:19:52.243Z"}
{"level":"info","message":"Model name ticketLine","timestamp":"2026-07-14T05:19:52.249Z"}
{"level":"info","message":"Model name MemberOffer","timestamp":"2026-07-14T05:19:52.255Z"}
{"level":"info","message":"Model name loyaltyTransaction","timestamp":"2026-07-14T05:19:52.260Z"}
{"level":"info","message":"Model name washjob","timestamp":"2026-07-14T05:19:52.264Z"}
{"level":"info","message":"Model name washjobHis","timestamp":"2026-07-14T05:19:52.264Z"}
{"level":"info","message":"Model name washjobline","timestamp":"2026-07-14T05:19:52.264Z"}
{"level":"info","message":"Model name QRRequest","timestamp":"2026-07-14T05:19:52.264Z"}
{"level":"info","message":"Associating table QRRequest with models","timestamp":"2026-07-14T05:19:52.264Z"}
{"level":"info","message":"Model name saleHeader","timestamp":"2026-07-14T05:19:52.266Z"}
{"level":"info","message":"Model name salePayment","timestamp":"2026-07-14T05:19:52.276Z"}
{"level":"info","message":"Model name saleLine","timestamp":"2026-07-14T05:19:52.279Z"}
{"level":"info","message":"Associating table SaleLine with models","timestamp":"2026-07-14T05:19:52.279Z"}
{"level":"info","message":"Model name quotationHeader","timestamp":"2026-07-14T05:19:52.283Z"}
{"level":"info","message":"Model name quotationLine","timestamp":"2026-07-14T05:19:52.283Z"}
{"level":"info","message":"Associating table QuotationLine with models","timestamp":"2026-07-14T05:19:52.283Z"}
{"level":"info","message":"Model name poHeader","timestamp":"2026-07-14T05:19:52.283Z"}
{"level":"info","message":"Model name poLine","timestamp":"2026-07-14T05:19:52.283Z"}
{"level":"info","message":"Model name poHeaderHIS","timestamp":"2026-07-14T05:19:52.283Z"}
{"level":"info","message":"Model name poLineHIS","timestamp":"2026-07-14T05:19:52.283Z"}
{"level":"info","message":"Model name receivingHeader","timestamp":"2026-07-14T05:19:52.284Z"}
{"level":"info","message":"Model name receivingLine","timestamp":"2026-07-14T05:19:52.284Z"}
{"level":"info","message":"Model name reservation","timestamp":"2026-07-14T05:19:52.284Z"}
{"level":"info","message":"Model name reservationLine","timestamp":"2026-07-14T05:19:52.284Z"}
{"level":"info","message":"Model name transferHeader","timestamp":"2026-07-14T05:19:52.284Z"}
{"level":"info","message":"Model name transferLine","timestamp":"2026-07-14T05:19:52.284Z"}
{"level":"info","message":"Model name menuHeader","timestamp":"2026-07-14T05:19:52.284Z"}
{"level":"info","message":"Model name menuLine","timestamp":"2026-07-14T05:19:52.284Z"}
{"level":"info","message":"Model name MenuHeaderLines","timestamp":"2026-07-14T05:19:52.284Z"}
{"level":"info","message":"Model name webMenuHeader","timestamp":"2026-07-14T05:19:52.284Z"}
{"level":"info","message":"Model name QRResponse","timestamp":"2026-07-14T05:19:52.284Z"}
{"level":"info","message":"Associating table QRResponse with models","timestamp":"2026-07-14T05:19:52.284Z"}
{"level":"info","message":"Model name PaymentCallback","timestamp":"2026-07-14T05:19:52.284Z"}
{"level":"info","message":"Associating table PaymentCallback with models","timestamp":"2026-07-14T05:19:52.284Z"}
{"level":"info","message":"Model name Color","timestamp":"2026-07-14T05:19:52.285Z"}
{"level":"info","message":"Associating table Color with models","timestamp":"2026-07-14T05:19:52.285Z"}
{"level":"info","message":"Model name Size","timestamp":"2026-07-14T05:19:52.286Z"}
{"level":"info","message":"Associating table Size with models","timestamp":"2026-07-14T05:19:52.286Z"}
{"level":"info","message":"Model name card","timestamp":"2026-07-14T05:19:52.287Z"}
{"level":"info","message":"Associating table Card with models","timestamp":"2026-07-14T05:19:52.287Z"}
{"level":"info","message":"Model name Transaction","timestamp":"2026-07-14T05:19:52.296Z"}
{"level":"info","message":"Model name glPostingBatch","timestamp":"2026-07-14T05:19:52.300Z"}
{"level":"info","message":"Model name gl","timestamp":"2026-07-14T05:19:52.300Z"}
{"level":"info","message":"Model name chartAccount","timestamp":"2026-07-14T05:19:52.300Z"}
{"level":"info","message":"Model name fixedAssetProduct","timestamp":"2026-07-14T05:19:52.300Z"}
{"level":"info","message":"Model name fixedAssetContract","timestamp":"2026-07-14T05:19:52.300Z"}
{"level":"info","message":"Model name fixedAssetDepreciation","timestamp":"2026-07-14T05:19:52.300Z"}
{"level":"info","message":"Model name apPaymentHeader","timestamp":"2026-07-14T05:19:52.300Z"}
{"level":"info","message":"Model name arReceiveHeader","timestamp":"2026-07-14T05:19:52.300Z"}
{"level":"info","message":"Model name payment","timestamp":"2026-07-14T05:19:52.300Z"}
{"level":"info","message":"Model name bank","timestamp":"2026-07-14T05:19:52.300Z"}
{"level":"info","message":"Model name bankAccount","timestamp":"2026-07-14T05:19:52.300Z"}
{"level":"info","message":"Associating table Bank with models","timestamp":"2026-07-14T05:19:52.300Z"}
{"level":"info","message":"Model name ministry","timestamp":"2026-07-14T05:19:52.304Z"}
{"level":"info","message":"Model name moneySettlement","timestamp":"2026-07-14T05:19:52.306Z"}
{"level":"info","message":"Model name moneyAdvanceAudit","timestamp":"2026-07-14T05:19:52.308Z"}
{"level":"info","message":"Associating table MoneyAdvanceAudit with models","timestamp":"2026-07-14T05:19:52.308Z"}
{"level":"info","message":"Model name moneyAdvance","timestamp":"2026-07-14T05:19:52.309Z"}
{"level":"info","message":"Associating table MoneyAdvance with models","timestamp":"2026-07-14T05:19:52.309Z"}
{"level":"info","message":"Model name AccountStatement","timestamp":"2026-07-14T05:19:52.312Z"}
{"level":"info","message":"Associating table AccountStatement with models","timestamp":"2026-07-14T05:19:52.314Z"}
{"level":"info","message":"Model name Project","timestamp":"2026-07-14T05:19:52.321Z"}
{"level":"info","message":"Model name ProjectBudget","timestamp":"2026-07-14T05:19:52.323Z"}
{"level":"info","message":"Model name ProjectContract","timestamp":"2026-07-14T05:19:52.323Z"}
{"level":"info","message":"Model name ProjectInvoice","timestamp":"2026-07-14T05:19:52.324Z"}
{"level":"info","message":"Model name WithdrawalApplication","timestamp":"2026-07-14T05:19:52.325Z"}
{"level":"info","message":"Model name revenue_target","timestamp":"2026-07-14T05:19:52.325Z"}
{"level":"info","message":"Model name apInvoice","timestamp":"2026-07-14T05:19:52.326Z"}
{"level":"info","message":"Associating table APInvoice with models","timestamp":"2026-07-14T05:19:52.326Z"}
{"level":"info","message":"Model name apInvoiceAudit","timestamp":"2026-07-14T05:19:52.330Z"}
{"level":"info","message":"Associating table APInvoiceAudit with models","timestamp":"2026-07-14T05:19:52.330Z"}
{"level":"info","message":"Model name invoiceLineItem","timestamp":"2026-07-14T05:19:52.330Z"}
{"level":"info","message":"Associating table InvoiceLineItem with models","timestamp":"2026-07-14T05:19:52.330Z"}
{"level":"info","message":"Model name apInvoiceSettlement","timestamp":"2026-07-14T05:19:52.332Z"}
{"level":"info","message":"Associating table APInvoiceSettlement with models","timestamp":"2026-07-14T05:19:52.332Z"}
{"level":"info","message":"Model name apSettlementAudit","timestamp":"2026-07-14T05:19:52.334Z"}
{"level":"info","message":"Associating table APSettlementAudit with models","timestamp":"2026-07-14T05:19:52.334Z"}
{"level":"info","message":"Model name apInvoiceSettlementLine","timestamp":"2026-07-14T05:19:52.334Z"}
{"level":"info","message":"Associating InvoiceSettlementLine with models","timestamp":"2026-07-14T05:19:52.334Z"}
{"level":"info","message":"Model name arInvoiceHeader","timestamp":"2026-07-14T05:19:52.339Z"}
{"level":"info","message":"Associating table ARInvoiceHeader with models","timestamp":"2026-07-14T05:19:52.339Z"}
{"level":"info","message":"Model name arInvoiceHeaderAudit","timestamp":"2026-07-14T05:19:52.342Z"}
{"level":"info","message":"Associating table ARInvoiceHeaderAudit with models","timestamp":"2026-07-14T05:19:52.342Z"}
{"level":"info","message":"Model name arInvoiceLine","timestamp":"2026-07-14T05:19:52.342Z"}
{"level":"info","message":"Associating table InvoiceLine with models","timestamp":"2026-07-14T05:19:52.342Z"}
{"level":"info","message":"Model name arReceiveHeaderV2","timestamp":"2026-07-14T05:19:52.344Z"}
{"level":"info","message":"Associating table ARReceiveHeader with models","timestamp":"2026-07-14T05:19:52.344Z"}
{"level":"info","message":"Model name arReceiveHeaderAudit","timestamp":"2026-07-14T05:19:52.347Z"}
{"level":"info","message":"Associating table ARReceiveHeaderAudit with models","timestamp":"2026-07-14T05:19:52.347Z"}
{"level":"info","message":"Model name arReceiveLine","timestamp":"2026-07-14T05:19:52.347Z"}
{"level":"info","message":"Associating table ReceiveLine with models","timestamp":"2026-07-14T05:19:52.347Z"}
{"level":"info","message":"Model name vendor","timestamp":"2026-07-14T05:19:52.348Z"}
{"level":"info","message":"Model name shipping","timestamp":"2026-07-14T05:19:52.349Z"}
{"level":"info","message":"Model name shipping_order","timestamp":"2026-07-14T05:19:52.349Z"}
{"level":"info","message":"Model name shipping_checkout_batch","timestamp":"2026-07-14T05:19:52.349Z"}
{"level":"info","message":"Model name service","timestamp":"2026-07-14T05:19:52.349Z"}
{"level":"info","message":"Model name authority","timestamp":"2026-07-14T05:19:52.349Z"}
{"level":"info","message":"Model name terminal","timestamp":"2026-07-14T05:19:52.349Z"}
{"level":"info","message":"Model name terminalAudit","timestamp":"2026-07-14T05:19:52.350Z"}
{"level":"info","message":"Associating table TerminalAudit with models","timestamp":"2026-07-14T05:19:52.350Z"}
{"level":"info","message":"Model name campaign","timestamp":"2026-07-14T05:19:52.350Z"}
{"level":"info","message":"Model name campaignEntry","timestamp":"2026-07-14T05:19:52.350Z"}
{"level":"info","message":"Model name rider","timestamp":"2026-07-14T05:19:52.350Z"}
{"level":"info","message":"Model name outlet","timestamp":"2026-07-14T05:19:52.350Z"}
{"level":"info","message":"Model name geography","timestamp":"2026-07-14T05:19:52.350Z"}
{"level":"info","message":"Model name country","timestamp":"2026-07-14T05:19:52.350Z"}
{"level":"info","message":"Model name village","timestamp":"2026-07-14T05:19:52.350Z"}
{"level":"info","message":"Model name district","timestamp":"2026-07-14T05:19:52.351Z"}
{"level":"info","message":"Model name accountDailyBalance","timestamp":"2026-07-14T05:19:52.353Z"}
{"level":"info","message":"Model name businessDate","timestamp":"2026-07-14T05:19:52.353Z"}
{"level":"info","message":"Model name tuturial","timestamp":"2026-07-14T05:19:52.354Z"}
{"level":"info","message":"tutorial_db Connection established","timestamp":"2026-07-14T05:19:52.516Z"}
{"level":"info","message":"client_db Connection established","timestamp":"2026-07-14T05:19:52.523Z"}
{"level":"info","message":"Hello, Winston!","timestamp":"2026-07-14T05:36:51.521Z"}
{"level":"warn","message":"This is a warning message.","timestamp":"2026-07-14T05:36:51.524Z"}
{"level":"error","message":"This is an error message.","timestamp":"2026-07-14T05:36:51.525Z"}
{"level":"info","message":"This is an information message.","timestamp":"2026-07-14T05:36:51.526Z"}
{"ip":"192.168.1.1","level":"info","message":"User logged in","timestamp":"2026-07-14T05:36:51.527Z","username":"johndoe"}
{"level":"info","message":"Model name sequelize","timestamp":"2026-07-14T05:36:51.857Z"}
{"level":"info","message":"Model name Sequelize","timestamp":"2026-07-14T05:36:51.858Z"}
{"level":"info","message":"Model name centralSequelize","timestamp":"2026-07-14T05:36:51.858Z"}
{"level":"info","message":"Model name spf","timestamp":"2026-07-14T05:36:51.859Z"}
{"level":"info","message":"Model name client","timestamp":"2026-07-14T05:36:51.860Z"}
{"level":"info","message":"Model name clientAudit","timestamp":"2026-07-14T05:36:51.864Z"}
{"level":"info","message":"Associating table ClientAudit with models","timestamp":"2026-07-14T05:36:51.866Z"}
{"level":"info","message":"Model name group","timestamp":"2026-07-14T05:36:51.870Z"}
{"level":"info","message":"Model name GroupMenuHeader","timestamp":"2026-07-14T05:36:51.872Z"}
{"level":"info","message":"Model name role","timestamp":"2026-07-14T05:36:51.873Z"}
{"level":"info","message":"Model name user","timestamp":"2026-07-14T05:36:51.878Z"}
{"level":"info","message":"Model name Agency","timestamp":"2026-07-14T05:36:51.881Z"}
{"level":"info","message":"Associating table Agency with models","timestamp":"2026-07-14T05:36:51.883Z"}
{"level":"info","message":"Model name Applicant","timestamp":"2026-07-14T05:36:51.887Z"}
{"level":"info","message":"Associating table Applicant with models","timestamp":"2026-07-14T05:36:51.890Z"}
{"level":"info","message":"Model name MOU","timestamp":"2026-07-14T05:36:51.909Z"}
{"level":"info","message":"Associating table Job with models","timestamp":"2026-07-14T05:36:51.913Z"}
{"level":"info","message":"Model name jobAdvertise","timestamp":"2026-07-14T05:36:51.925Z"}
{"level":"info","message":"Associating table JobAdvertise with models","timestamp":"2026-07-14T05:36:51.929Z"}
{"level":"info","message":"Model name JobBatch","timestamp":"2026-07-14T05:36:51.934Z"}
{"level":"info","message":"Associating table JobBatch with models","timestamp":"2026-07-14T05:36:51.936Z"}
{"level":"info","message":"Model name benefit","timestamp":"2026-07-14T05:36:51.943Z"}
{"level":"info","message":"Associating table Benefit with models","timestamp":"2026-07-14T05:36:51.944Z"}
{"level":"info","message":"Model name company","timestamp":"2026-07-14T05:36:51.947Z"}
{"level":"info","message":"Model name location","timestamp":"2026-07-14T05:36:51.950Z"}
{"level":"info","message":"Model name currency","timestamp":"2026-07-14T05:36:51.950Z"}
{"level":"info","message":"Model name currencyAudit","timestamp":"2026-07-14T05:36:51.951Z"}
{"level":"info","message":"Associating table CurrencyAudit with models","timestamp":"2026-07-14T05:36:51.951Z"}
{"level":"info","message":"Model name unit","timestamp":"2026-07-14T05:36:51.952Z"}
{"level":"info","message":"Model name printerModel","timestamp":"2026-07-14T05:36:51.962Z"}
{"level":"info","message":"Model name stockTransactionModel","timestamp":"2026-07-14T05:36:51.965Z"}
{"level":"info","message":"Model name mainCategory","timestamp":"2026-07-14T05:36:51.972Z"}
{"level":"info","message":"Model name category","timestamp":"2026-07-14T05:36:51.972Z"}
{"level":"info","message":"Associating table Color with models","timestamp":"2026-07-14T05:36:51.972Z"}
{"level":"info","message":"Model name student","timestamp":"2026-07-14T05:36:51.973Z"}
{"level":"info","message":"Associating table Student with models","timestamp":"2026-07-14T05:36:51.973Z"}
{"level":"info","message":"Model name nfcCard","timestamp":"2026-07-14T05:36:51.975Z"}
{"level":"info","message":"Associating table NfcCard with models","timestamp":"2026-07-14T05:36:51.975Z"}
{"level":"info","message":"Model name transactionEntry","timestamp":"2026-07-14T05:36:51.975Z"}
{"level":"info","message":"Associating table TransactionEntry","timestamp":"2026-07-14T05:36:51.975Z"}
{"level":"info","message":"Model name tax","timestamp":"2026-07-14T05:36:51.976Z"}
{"level":"info","message":"Model name product","timestamp":"2026-07-14T05:36:51.976Z"}
{"level":"info","message":"Model name productAudit","timestamp":"2026-07-14T05:36:52.005Z"}
{"level":"info","message":"Associating table ProductAudit with models","timestamp":"2026-07-14T05:36:52.008Z"}
{"level":"info","message":"Model name productTemp","timestamp":"2026-07-14T05:36:52.009Z"}
{"level":"info","message":"Model name productSize","timestamp":"2026-07-14T05:36:52.009Z"}
{"level":"info","message":"Model name image","timestamp":"2026-07-14T05:36:52.009Z"}
{"level":"info","message":"Associating table IMAGE with models","timestamp":"2026-07-14T05:36:52.009Z"}
{"level":"info","message":"Model name priceList","timestamp":"2026-07-14T05:36:52.009Z"}
{"level":"info","message":"Model name webProductGroup","timestamp":"2026-07-14T05:36:52.011Z"}
{"level":"info","message":"Model name customer","timestamp":"2026-07-14T05:36:52.014Z"}
{"level":"info","message":"Model name order","timestamp":"2026-07-14T05:36:52.014Z"}
{"level":"info","message":"Model name orderHIS","timestamp":"2026-07-14T05:36:52.014Z"}
{"level":"info","message":"Model name orderTable","timestamp":"2026-07-14T05:36:52.014Z"}
{"level":"info","message":"Model name recipe","timestamp":"2026-07-14T05:36:52.014Z"}
{"level":"info","message":"Model name table","timestamp":"2026-07-14T05:36:52.019Z"}
{"level":"info","message":"Model name ticket","timestamp":"2026-07-14T05:36:52.028Z"}
{"level":"info","message":"Model name promotion","timestamp":"2026-07-14T05:36:52.040Z"}
{"level":"info","message":"Model name ticketLine","timestamp":"2026-07-14T05:36:52.048Z"}
{"level":"info","message":"Model name MemberOffer","timestamp":"2026-07-14T05:36:52.052Z"}
{"level":"info","message":"Model name loyaltyTransaction","timestamp":"2026-07-14T05:36:52.057Z"}
{"level":"info","message":"Model name washjob","timestamp":"2026-07-14T05:36:52.061Z"}
{"level":"info","message":"Model name washjobHis","timestamp":"2026-07-14T05:36:52.061Z"}
{"level":"info","message":"Model name washjobline","timestamp":"2026-07-14T05:36:52.061Z"}
{"level":"info","message":"Model name QRRequest","timestamp":"2026-07-14T05:36:52.061Z"}
{"level":"info","message":"Associating table QRRequest with models","timestamp":"2026-07-14T05:36:52.061Z"}
{"level":"info","message":"Model name saleHeader","timestamp":"2026-07-14T05:36:52.063Z"}
{"level":"info","message":"Model name salePayment","timestamp":"2026-07-14T05:36:52.073Z"}
{"level":"info","message":"Model name saleLine","timestamp":"2026-07-14T05:36:52.076Z"}
{"level":"info","message":"Associating table SaleLine with models","timestamp":"2026-07-14T05:36:52.077Z"}
{"level":"info","message":"Model name quotationHeader","timestamp":"2026-07-14T05:36:52.079Z"}
{"level":"info","message":"Model name quotationLine","timestamp":"2026-07-14T05:36:52.079Z"}
{"level":"info","message":"Associating table QuotationLine with models","timestamp":"2026-07-14T05:36:52.079Z"}
{"level":"info","message":"Model name poHeader","timestamp":"2026-07-14T05:36:52.080Z"}
{"level":"info","message":"Model name poLine","timestamp":"2026-07-14T05:36:52.080Z"}
{"level":"info","message":"Model name poHeaderHIS","timestamp":"2026-07-14T05:36:52.080Z"}
{"level":"info","message":"Model name poLineHIS","timestamp":"2026-07-14T05:36:52.080Z"}
{"level":"info","message":"Model name receivingHeader","timestamp":"2026-07-14T05:36:52.080Z"}
{"level":"info","message":"Model name receivingLine","timestamp":"2026-07-14T05:36:52.080Z"}
{"level":"info","message":"Model name reservation","timestamp":"2026-07-14T05:36:52.080Z"}
{"level":"info","message":"Model name reservationLine","timestamp":"2026-07-14T05:36:52.080Z"}
{"level":"info","message":"Model name transferHeader","timestamp":"2026-07-14T05:36:52.080Z"}
{"level":"info","message":"Model name transferLine","timestamp":"2026-07-14T05:36:52.080Z"}
{"level":"info","message":"Model name menuHeader","timestamp":"2026-07-14T05:36:52.080Z"}
{"level":"info","message":"Model name menuLine","timestamp":"2026-07-14T05:36:52.080Z"}
{"level":"info","message":"Model name MenuHeaderLines","timestamp":"2026-07-14T05:36:52.080Z"}
{"level":"info","message":"Model name webMenuHeader","timestamp":"2026-07-14T05:36:52.080Z"}
{"level":"info","message":"Model name QRResponse","timestamp":"2026-07-14T05:36:52.080Z"}
{"level":"info","message":"Associating table QRResponse with models","timestamp":"2026-07-14T05:36:52.080Z"}
{"level":"info","message":"Model name PaymentCallback","timestamp":"2026-07-14T05:36:52.081Z"}
{"level":"info","message":"Associating table PaymentCallback with models","timestamp":"2026-07-14T05:36:52.081Z"}
{"level":"info","message":"Model name Color","timestamp":"2026-07-14T05:36:52.081Z"}
{"level":"info","message":"Associating table Color with models","timestamp":"2026-07-14T05:36:52.081Z"}
{"level":"info","message":"Model name Size","timestamp":"2026-07-14T05:36:52.082Z"}
{"level":"info","message":"Associating table Size with models","timestamp":"2026-07-14T05:36:52.082Z"}
{"level":"info","message":"Model name card","timestamp":"2026-07-14T05:36:52.083Z"}
{"level":"info","message":"Associating table Card with models","timestamp":"2026-07-14T05:36:52.083Z"}
{"level":"info","message":"Model name Transaction","timestamp":"2026-07-14T05:36:52.090Z"}
{"level":"info","message":"Model name glPostingBatch","timestamp":"2026-07-14T05:36:52.093Z"}
{"level":"info","message":"Model name gl","timestamp":"2026-07-14T05:36:52.093Z"}
{"level":"info","message":"Model name chartAccount","timestamp":"2026-07-14T05:36:52.093Z"}
{"level":"info","message":"Model name fixedAssetProduct","timestamp":"2026-07-14T05:36:52.093Z"}
{"level":"info","message":"Model name fixedAssetContract","timestamp":"2026-07-14T05:36:52.093Z"}
{"level":"info","message":"Model name fixedAssetDepreciation","timestamp":"2026-07-14T05:36:52.093Z"}
{"level":"info","message":"Model name apPaymentHeader","timestamp":"2026-07-14T05:36:52.093Z"}
{"level":"info","message":"Model name arReceiveHeader","timestamp":"2026-07-14T05:36:52.093Z"}
{"level":"info","message":"Model name payment","timestamp":"2026-07-14T05:36:52.093Z"}
{"level":"info","message":"Model name bank","timestamp":"2026-07-14T05:36:52.093Z"}
{"level":"info","message":"Model name bankAccount","timestamp":"2026-07-14T05:36:52.093Z"}
{"level":"info","message":"Associating table Bank with models","timestamp":"2026-07-14T05:36:52.093Z"}
{"level":"info","message":"Model name ministry","timestamp":"2026-07-14T05:36:52.096Z"}
{"level":"info","message":"Model name moneySettlement","timestamp":"2026-07-14T05:36:52.099Z"}
{"level":"info","message":"Model name moneyAdvanceAudit","timestamp":"2026-07-14T05:36:52.100Z"}
{"level":"info","message":"Associating table MoneyAdvanceAudit with models","timestamp":"2026-07-14T05:36:52.101Z"}
{"level":"info","message":"Model name moneyAdvance","timestamp":"2026-07-14T05:36:52.101Z"}
{"level":"info","message":"Associating table MoneyAdvance with models","timestamp":"2026-07-14T05:36:52.101Z"}
{"level":"info","message":"Model name AccountStatement","timestamp":"2026-07-14T05:36:52.104Z"}
{"level":"info","message":"Associating table AccountStatement with models","timestamp":"2026-07-14T05:36:52.105Z"}
{"level":"info","message":"Model name Project","timestamp":"2026-07-14T05:36:52.115Z"}
{"level":"info","message":"Model name ProjectBudget","timestamp":"2026-07-14T05:36:52.118Z"}
{"level":"info","message":"Model name ProjectContract","timestamp":"2026-07-14T05:36:52.118Z"}
{"level":"info","message":"Model name ProjectInvoice","timestamp":"2026-07-14T05:36:52.119Z"}
{"level":"info","message":"Model name WithdrawalApplication","timestamp":"2026-07-14T05:36:52.119Z"}
{"level":"info","message":"Model name revenue_target","timestamp":"2026-07-14T05:36:52.120Z"}
{"level":"info","message":"Model name apInvoice","timestamp":"2026-07-14T05:36:52.120Z"}
{"level":"info","message":"Associating table APInvoice with models","timestamp":"2026-07-14T05:36:52.121Z"}
{"level":"info","message":"Model name apInvoiceAudit","timestamp":"2026-07-14T05:36:52.123Z"}
{"level":"info","message":"Associating table APInvoiceAudit with models","timestamp":"2026-07-14T05:36:52.123Z"}
{"level":"info","message":"Model name invoiceLineItem","timestamp":"2026-07-14T05:36:52.124Z"}
{"level":"info","message":"Associating table InvoiceLineItem with models","timestamp":"2026-07-14T05:36:52.124Z"}
{"level":"info","message":"Model name apInvoiceSettlement","timestamp":"2026-07-14T05:36:52.125Z"}
{"level":"info","message":"Associating table APInvoiceSettlement with models","timestamp":"2026-07-14T05:36:52.125Z"}
{"level":"info","message":"Model name apSettlementAudit","timestamp":"2026-07-14T05:36:52.127Z"}
{"level":"info","message":"Associating table APSettlementAudit with models","timestamp":"2026-07-14T05:36:52.127Z"}
{"level":"info","message":"Model name apInvoiceSettlementLine","timestamp":"2026-07-14T05:36:52.127Z"}
{"level":"info","message":"Associating InvoiceSettlementLine with models","timestamp":"2026-07-14T05:36:52.127Z"}
{"level":"info","message":"Model name arInvoiceHeader","timestamp":"2026-07-14T05:36:52.128Z"}
{"level":"info","message":"Associating table ARInvoiceHeader with models","timestamp":"2026-07-14T05:36:52.128Z"}
{"level":"info","message":"Model name arInvoiceHeaderAudit","timestamp":"2026-07-14T05:36:52.131Z"}
{"level":"info","message":"Associating table ARInvoiceHeaderAudit with models","timestamp":"2026-07-14T05:36:52.131Z"}
{"level":"info","message":"Model name arInvoiceLine","timestamp":"2026-07-14T05:36:52.131Z"}
{"level":"info","message":"Associating table InvoiceLine with models","timestamp":"2026-07-14T05:36:52.131Z"}
{"level":"info","message":"Model name arReceiveHeaderV2","timestamp":"2026-07-14T05:36:52.133Z"}
{"level":"info","message":"Associating table ARReceiveHeader with models","timestamp":"2026-07-14T05:36:52.133Z"}
{"level":"info","message":"Model name arReceiveHeaderAudit","timestamp":"2026-07-14T05:36:52.136Z"}
{"level":"info","message":"Associating table ARReceiveHeaderAudit with models","timestamp":"2026-07-14T05:36:52.136Z"}
{"level":"info","message":"Model name arReceiveLine","timestamp":"2026-07-14T05:36:52.137Z"}
{"level":"info","message":"Associating table ReceiveLine with models","timestamp":"2026-07-14T05:36:52.137Z"}
{"level":"info","message":"Model name vendor","timestamp":"2026-07-14T05:36:52.138Z"}
{"level":"info","message":"Model name shipping","timestamp":"2026-07-14T05:36:52.138Z"}
{"level":"info","message":"Model name shipping_order","timestamp":"2026-07-14T05:36:52.138Z"}
{"level":"info","message":"Model name shipping_checkout_batch","timestamp":"2026-07-14T05:36:52.138Z"}
{"level":"info","message":"Model name service","timestamp":"2026-07-14T05:36:52.138Z"}
{"level":"info","message":"Model name authority","timestamp":"2026-07-14T05:36:52.138Z"}
{"level":"info","message":"Model name terminal","timestamp":"2026-07-14T05:36:52.138Z"}
{"level":"info","message":"Model name terminalAudit","timestamp":"2026-07-14T05:36:52.139Z"}
{"level":"info","message":"Associating table TerminalAudit with models","timestamp":"2026-07-14T05:36:52.139Z"}
{"level":"info","message":"Model name campaign","timestamp":"2026-07-14T05:36:52.139Z"}
{"level":"info","message":"Model name campaignEntry","timestamp":"2026-07-14T05:36:52.139Z"}
{"level":"info","message":"Model name rider","timestamp":"2026-07-14T05:36:52.139Z"}
{"level":"info","message":"Model name outlet","timestamp":"2026-07-14T05:36:52.139Z"}
{"level":"info","message":"Model name geography","timestamp":"2026-07-14T05:36:52.139Z"}
{"level":"info","message":"Model name country","timestamp":"2026-07-14T05:36:52.139Z"}
{"level":"info","message":"Model name village","timestamp":"2026-07-14T05:36:52.139Z"}
{"level":"info","message":"Model name district","timestamp":"2026-07-14T05:36:52.140Z"}
{"level":"info","message":"Model name accountDailyBalance","timestamp":"2026-07-14T05:36:52.141Z"}
{"level":"info","message":"Model name businessDate","timestamp":"2026-07-14T05:36:52.141Z"}
{"level":"info","message":"Model name tuturial","timestamp":"2026-07-14T05:36:52.141Z"}
{"level":"info","message":"Hello, Winston!","timestamp":"2026-07-14T05:37:40.425Z"}
{"level":"warn","message":"This is a warning message.","timestamp":"2026-07-14T05:37:40.428Z"}
{"level":"error","message":"This is an error message.","timestamp":"2026-07-14T05:37:40.429Z"}
{"level":"info","message":"This is an information message.","timestamp":"2026-07-14T05:37:40.430Z"}
{"ip":"192.168.1.1","level":"info","message":"User logged in","timestamp":"2026-07-14T05:37:40.431Z","username":"johndoe"}
{"level":"info","message":"Model name sequelize","timestamp":"2026-07-14T05:37:40.808Z"}
{"level":"info","message":"Model name Sequelize","timestamp":"2026-07-14T05:37:40.809Z"}
{"level":"info","message":"Model name centralSequelize","timestamp":"2026-07-14T05:37:40.809Z"}
{"level":"info","message":"Model name spf","timestamp":"2026-07-14T05:37:40.810Z"}
{"level":"info","message":"Model name client","timestamp":"2026-07-14T05:37:40.811Z"}
{"level":"info","message":"Model name clientAudit","timestamp":"2026-07-14T05:37:40.815Z"}
{"level":"info","message":"Associating table ClientAudit with models","timestamp":"2026-07-14T05:37:40.816Z"}
{"level":"info","message":"Model name group","timestamp":"2026-07-14T05:37:40.821Z"}
{"level":"info","message":"Model name GroupMenuHeader","timestamp":"2026-07-14T05:37:40.823Z"}
{"level":"info","message":"Model name role","timestamp":"2026-07-14T05:37:40.823Z"}
{"level":"info","message":"Model name user","timestamp":"2026-07-14T05:37:40.828Z"}
{"level":"info","message":"Model name Agency","timestamp":"2026-07-14T05:37:40.831Z"}
{"level":"info","message":"Associating table Agency with models","timestamp":"2026-07-14T05:37:40.832Z"}
{"level":"info","message":"Model name Applicant","timestamp":"2026-07-14T05:37:40.836Z"}
{"level":"info","message":"Associating table Applicant with models","timestamp":"2026-07-14T05:37:40.839Z"}
{"level":"info","message":"Model name MOU","timestamp":"2026-07-14T05:37:40.857Z"}
{"level":"info","message":"Associating table Job with models","timestamp":"2026-07-14T05:37:40.861Z"}
{"level":"info","message":"Model name jobAdvertise","timestamp":"2026-07-14T05:37:40.872Z"}
{"level":"info","message":"Associating table JobAdvertise with models","timestamp":"2026-07-14T05:37:40.875Z"}
{"level":"info","message":"Model name JobBatch","timestamp":"2026-07-14T05:37:40.880Z"}
{"level":"info","message":"Associating table JobBatch with models","timestamp":"2026-07-14T05:37:40.884Z"}
{"level":"info","message":"Model name benefit","timestamp":"2026-07-14T05:37:40.891Z"}
{"level":"info","message":"Associating table Benefit with models","timestamp":"2026-07-14T05:37:40.891Z"}
{"level":"info","message":"Model name company","timestamp":"2026-07-14T05:37:40.894Z"}
{"level":"info","message":"Model name location","timestamp":"2026-07-14T05:37:40.897Z"}
{"level":"info","message":"Model name currency","timestamp":"2026-07-14T05:37:40.897Z"}
{"level":"info","message":"Model name currencyAudit","timestamp":"2026-07-14T05:37:40.898Z"}
{"level":"info","message":"Associating table CurrencyAudit with models","timestamp":"2026-07-14T05:37:40.899Z"}
{"level":"info","message":"Model name unit","timestamp":"2026-07-14T05:37:40.900Z"}
{"level":"info","message":"Model name printerModel","timestamp":"2026-07-14T05:37:40.909Z"}
{"level":"info","message":"Model name stockTransactionModel","timestamp":"2026-07-14T05:37:40.913Z"}
{"level":"info","message":"Model name mainCategory","timestamp":"2026-07-14T05:37:40.919Z"}
{"level":"info","message":"Model name category","timestamp":"2026-07-14T05:37:40.919Z"}
{"level":"info","message":"Associating table Color with models","timestamp":"2026-07-14T05:37:40.919Z"}
{"level":"info","message":"Model name student","timestamp":"2026-07-14T05:37:40.919Z"}
{"level":"info","message":"Associating table Student with models","timestamp":"2026-07-14T05:37:40.919Z"}
{"level":"info","message":"Model name nfcCard","timestamp":"2026-07-14T05:37:40.921Z"}
{"level":"info","message":"Associating table NfcCard with models","timestamp":"2026-07-14T05:37:40.921Z"}
{"level":"info","message":"Model name transactionEntry","timestamp":"2026-07-14T05:37:40.922Z"}
{"level":"info","message":"Associating table TransactionEntry","timestamp":"2026-07-14T05:37:40.922Z"}
{"level":"info","message":"Model name tax","timestamp":"2026-07-14T05:37:40.922Z"}
{"level":"info","message":"Model name product","timestamp":"2026-07-14T05:37:40.922Z"}
{"level":"info","message":"Model name productAudit","timestamp":"2026-07-14T05:37:40.950Z"}
{"level":"info","message":"Associating table ProductAudit with models","timestamp":"2026-07-14T05:37:40.954Z"}
{"level":"info","message":"Model name productTemp","timestamp":"2026-07-14T05:37:40.954Z"}
{"level":"info","message":"Model name productSize","timestamp":"2026-07-14T05:37:40.954Z"}
{"level":"info","message":"Model name image","timestamp":"2026-07-14T05:37:40.954Z"}
{"level":"info","message":"Associating table IMAGE with models","timestamp":"2026-07-14T05:37:40.954Z"}
{"level":"info","message":"Model name priceList","timestamp":"2026-07-14T05:37:40.956Z"}
{"level":"info","message":"Model name webProductGroup","timestamp":"2026-07-14T05:37:40.959Z"}
{"level":"info","message":"Model name customer","timestamp":"2026-07-14T05:37:40.959Z"}
{"level":"info","message":"Model name order","timestamp":"2026-07-14T05:37:40.959Z"}
{"level":"info","message":"Model name orderHIS","timestamp":"2026-07-14T05:37:40.960Z"}
{"level":"info","message":"Model name orderTable","timestamp":"2026-07-14T05:37:40.960Z"}
{"level":"info","message":"Model name recipe","timestamp":"2026-07-14T05:37:40.960Z"}
{"level":"info","message":"Model name table","timestamp":"2026-07-14T05:37:40.963Z"}
{"level":"info","message":"Model name ticket","timestamp":"2026-07-14T05:37:40.972Z"}
{"level":"info","message":"Model name promotion","timestamp":"2026-07-14T05:37:40.983Z"}
{"level":"info","message":"Model name ticketLine","timestamp":"2026-07-14T05:37:40.995Z"}
{"level":"info","message":"Model name MemberOffer","timestamp":"2026-07-14T05:37:40.998Z"}
{"level":"info","message":"Model name loyaltyTransaction","timestamp":"2026-07-14T05:37:41.000Z"}
{"level":"info","message":"Model name washjob","timestamp":"2026-07-14T05:37:41.006Z"}
{"level":"info","message":"Model name washjobHis","timestamp":"2026-07-14T05:37:41.006Z"}
{"level":"info","message":"Model name washjobline","timestamp":"2026-07-14T05:37:41.007Z"}
{"level":"info","message":"Model name QRRequest","timestamp":"2026-07-14T05:37:41.007Z"}
{"level":"info","message":"Associating table QRRequest with models","timestamp":"2026-07-14T05:37:41.007Z"}
{"level":"info","message":"Model name saleHeader","timestamp":"2026-07-14T05:37:41.009Z"}
{"level":"info","message":"Model name salePayment","timestamp":"2026-07-14T05:37:41.018Z"}
{"level":"info","message":"Model name saleLine","timestamp":"2026-07-14T05:37:41.022Z"}
{"level":"info","message":"Associating table SaleLine with models","timestamp":"2026-07-14T05:37:41.022Z"}
{"level":"info","message":"Model name quotationHeader","timestamp":"2026-07-14T05:37:41.025Z"}
{"level":"info","message":"Model name quotationLine","timestamp":"2026-07-14T05:37:41.025Z"}
{"level":"info","message":"Associating table QuotationLine with models","timestamp":"2026-07-14T05:37:41.025Z"}
{"level":"info","message":"Model name poHeader","timestamp":"2026-07-14T05:37:41.025Z"}
{"level":"info","message":"Model name poLine","timestamp":"2026-07-14T05:37:41.025Z"}
{"level":"info","message":"Model name poHeaderHIS","timestamp":"2026-07-14T05:37:41.025Z"}
{"level":"info","message":"Model name poLineHIS","timestamp":"2026-07-14T05:37:41.025Z"}
{"level":"info","message":"Model name receivingHeader","timestamp":"2026-07-14T05:37:41.025Z"}
{"level":"info","message":"Model name receivingLine","timestamp":"2026-07-14T05:37:41.025Z"}
{"level":"info","message":"Model name reservation","timestamp":"2026-07-14T05:37:41.025Z"}
{"level":"info","message":"Model name reservationLine","timestamp":"2026-07-14T05:37:41.026Z"}
{"level":"info","message":"Model name transferHeader","timestamp":"2026-07-14T05:37:41.026Z"}
{"level":"info","message":"Model name transferLine","timestamp":"2026-07-14T05:37:41.026Z"}
{"level":"info","message":"Model name menuHeader","timestamp":"2026-07-14T05:37:41.026Z"}
{"level":"info","message":"Model name menuLine","timestamp":"2026-07-14T05:37:41.026Z"}
{"level":"info","message":"Model name MenuHeaderLines","timestamp":"2026-07-14T05:37:41.026Z"}
{"level":"info","message":"Model name webMenuHeader","timestamp":"2026-07-14T05:37:41.026Z"}
{"level":"info","message":"Model name QRResponse","timestamp":"2026-07-14T05:37:41.026Z"}
{"level":"info","message":"Associating table QRResponse with models","timestamp":"2026-07-14T05:37:41.026Z"}
{"level":"info","message":"Model name PaymentCallback","timestamp":"2026-07-14T05:37:41.026Z"}
{"level":"info","message":"Associating table PaymentCallback with models","timestamp":"2026-07-14T05:37:41.027Z"}
{"level":"info","message":"Model name Color","timestamp":"2026-07-14T05:37:41.027Z"}
{"level":"info","message":"Associating table Color with models","timestamp":"2026-07-14T05:37:41.027Z"}
{"level":"info","message":"Model name Size","timestamp":"2026-07-14T05:37:41.028Z"}
{"level":"info","message":"Associating table Size with models","timestamp":"2026-07-14T05:37:41.028Z"}
{"level":"info","message":"Model name card","timestamp":"2026-07-14T05:37:41.028Z"}
{"level":"info","message":"Associating table Card with models","timestamp":"2026-07-14T05:37:41.028Z"}
{"level":"info","message":"Model name Transaction","timestamp":"2026-07-14T05:37:41.035Z"}
{"level":"info","message":"Model name glPostingBatch","timestamp":"2026-07-14T05:37:41.038Z"}
{"level":"info","message":"Model name gl","timestamp":"2026-07-14T05:37:41.038Z"}
{"level":"info","message":"Model name chartAccount","timestamp":"2026-07-14T05:37:41.038Z"}
{"level":"info","message":"Model name fixedAssetProduct","timestamp":"2026-07-14T05:37:41.038Z"}
{"level":"info","message":"Model name fixedAssetContract","timestamp":"2026-07-14T05:37:41.039Z"}
{"level":"info","message":"Model name fixedAssetDepreciation","timestamp":"2026-07-14T05:37:41.039Z"}
{"level":"info","message":"Model name apPaymentHeader","timestamp":"2026-07-14T05:37:41.039Z"}
{"level":"info","message":"Model name arReceiveHeader","timestamp":"2026-07-14T05:37:41.039Z"}
{"level":"info","message":"Model name payment","timestamp":"2026-07-14T05:37:41.039Z"}
{"level":"info","message":"Model name bank","timestamp":"2026-07-14T05:37:41.039Z"}
{"level":"info","message":"Model name bankAccount","timestamp":"2026-07-14T05:37:41.039Z"}
{"level":"info","message":"Associating table Bank with models","timestamp":"2026-07-14T05:37:41.039Z"}
{"level":"info","message":"Model name ministry","timestamp":"2026-07-14T05:37:41.042Z"}
{"level":"info","message":"Model name moneySettlement","timestamp":"2026-07-14T05:37:41.044Z"}
{"level":"info","message":"Model name moneyAdvanceAudit","timestamp":"2026-07-14T05:37:41.046Z"}
{"level":"info","message":"Associating table MoneyAdvanceAudit with models","timestamp":"2026-07-14T05:37:41.046Z"}
{"level":"info","message":"Model name moneyAdvance","timestamp":"2026-07-14T05:37:41.046Z"}
{"level":"info","message":"Associating table MoneyAdvance with models","timestamp":"2026-07-14T05:37:41.047Z"}
{"level":"info","message":"Model name AccountStatement","timestamp":"2026-07-14T05:37:41.049Z"}
{"level":"info","message":"Associating table AccountStatement with models","timestamp":"2026-07-14T05:37:41.050Z"}
{"level":"info","message":"Model name Project","timestamp":"2026-07-14T05:37:41.058Z"}
{"level":"info","message":"Model name ProjectBudget","timestamp":"2026-07-14T05:37:41.063Z"}
{"level":"info","message":"Model name ProjectContract","timestamp":"2026-07-14T05:37:41.063Z"}
{"level":"info","message":"Model name ProjectInvoice","timestamp":"2026-07-14T05:37:41.064Z"}
{"level":"info","message":"Model name WithdrawalApplication","timestamp":"2026-07-14T05:37:41.064Z"}
{"level":"info","message":"Model name revenue_target","timestamp":"2026-07-14T05:37:41.065Z"}
{"level":"info","message":"Model name apInvoice","timestamp":"2026-07-14T05:37:41.065Z"}
{"level":"info","message":"Associating table APInvoice with models","timestamp":"2026-07-14T05:37:41.065Z"}
{"level":"info","message":"Model name apInvoiceAudit","timestamp":"2026-07-14T05:37:41.068Z"}
{"level":"info","message":"Associating table APInvoiceAudit with models","timestamp":"2026-07-14T05:37:41.068Z"}
{"level":"info","message":"Model name invoiceLineItem","timestamp":"2026-07-14T05:37:41.069Z"}
{"level":"info","message":"Associating table InvoiceLineItem with models","timestamp":"2026-07-14T05:37:41.069Z"}
{"level":"info","message":"Model name apInvoiceSettlement","timestamp":"2026-07-14T05:37:41.070Z"}
{"level":"info","message":"Associating table APInvoiceSettlement with models","timestamp":"2026-07-14T05:37:41.070Z"}
{"level":"info","message":"Model name apSettlementAudit","timestamp":"2026-07-14T05:37:41.071Z"}
{"level":"info","message":"Associating table APSettlementAudit with models","timestamp":"2026-07-14T05:37:41.072Z"}
{"level":"info","message":"Model name apInvoiceSettlementLine","timestamp":"2026-07-14T05:37:41.072Z"}
{"level":"info","message":"Associating InvoiceSettlementLine with models","timestamp":"2026-07-14T05:37:41.072Z"}
{"level":"info","message":"Model name arInvoiceHeader","timestamp":"2026-07-14T05:37:41.073Z"}
{"level":"info","message":"Associating table ARInvoiceHeader with models","timestamp":"2026-07-14T05:37:41.073Z"}
{"level":"info","message":"Model name arInvoiceHeaderAudit","timestamp":"2026-07-14T05:37:41.076Z"}
{"level":"info","message":"Associating table ARInvoiceHeaderAudit with models","timestamp":"2026-07-14T05:37:41.076Z"}
{"level":"info","message":"Model name arInvoiceLine","timestamp":"2026-07-14T05:37:41.076Z"}
{"level":"info","message":"Associating table InvoiceLine with models","timestamp":"2026-07-14T05:37:41.076Z"}
{"level":"info","message":"Model name arReceiveHeaderV2","timestamp":"2026-07-14T05:37:41.077Z"}
{"level":"info","message":"Associating table ARReceiveHeader with models","timestamp":"2026-07-14T05:37:41.077Z"}
{"level":"info","message":"Model name arReceiveHeaderAudit","timestamp":"2026-07-14T05:37:41.079Z"}
{"level":"info","message":"Associating table ARReceiveHeaderAudit with models","timestamp":"2026-07-14T05:37:41.079Z"}
{"level":"info","message":"Model name arReceiveLine","timestamp":"2026-07-14T05:37:41.080Z"}
{"level":"info","message":"Associating table ReceiveLine with models","timestamp":"2026-07-14T05:37:41.080Z"}
{"level":"info","message":"Model name vendor","timestamp":"2026-07-14T05:37:41.081Z"}
{"level":"info","message":"Model name shipping","timestamp":"2026-07-14T05:37:41.081Z"}
{"level":"info","message":"Model name shipping_order","timestamp":"2026-07-14T05:37:41.081Z"}
{"level":"info","message":"Model name shipping_checkout_batch","timestamp":"2026-07-14T05:37:41.081Z"}
{"level":"info","message":"Model name service","timestamp":"2026-07-14T05:37:41.081Z"}
{"level":"info","message":"Model name authority","timestamp":"2026-07-14T05:37:41.081Z"}
{"level":"info","message":"Model name terminal","timestamp":"2026-07-14T05:37:41.081Z"}
{"level":"info","message":"Model name terminalAudit","timestamp":"2026-07-14T05:37:41.081Z"}
{"level":"info","message":"Associating table TerminalAudit with models","timestamp":"2026-07-14T05:37:41.081Z"}
{"level":"info","message":"Model name campaign","timestamp":"2026-07-14T05:37:41.082Z"}
{"level":"info","message":"Model name campaignEntry","timestamp":"2026-07-14T05:37:41.082Z"}
{"level":"info","message":"Model name rider","timestamp":"2026-07-14T05:37:41.082Z"}
{"level":"info","message":"Model name outlet","timestamp":"2026-07-14T05:37:41.082Z"}
{"level":"info","message":"Model name geography","timestamp":"2026-07-14T05:37:41.082Z"}
{"level":"info","message":"Model name country","timestamp":"2026-07-14T05:37:41.082Z"}
{"level":"info","message":"Model name village","timestamp":"2026-07-14T05:37:41.082Z"}
{"level":"info","message":"Model name district","timestamp":"2026-07-14T05:37:41.083Z"}
{"level":"info","message":"Model name accountDailyBalance","timestamp":"2026-07-14T05:37:41.084Z"}
{"level":"info","message":"Model name businessDate","timestamp":"2026-07-14T05:37:41.084Z"}
{"level":"info","message":"Model name tuturial","timestamp":"2026-07-14T05:37:41.084Z"}
{"level":"info","message":"Hello, Winston!","timestamp":"2026-07-14T05:45:53.239Z"}
{"level":"warn","message":"This is a warning message.","timestamp":"2026-07-14T05:45:53.242Z"}
{"level":"error","message":"This is an error message.","timestamp":"2026-07-14T05:45:53.243Z"}
{"level":"info","message":"This is an information message.","timestamp":"2026-07-14T05:45:53.244Z"}
{"ip":"192.168.1.1","level":"info","message":"User logged in","timestamp":"2026-07-14T05:45:53.245Z","username":"johndoe"}
{"level":"info","message":"Model name sequelize","timestamp":"2026-07-14T05:45:53.567Z"}
{"level":"info","message":"Model name Sequelize","timestamp":"2026-07-14T05:45:53.568Z"}
{"level":"info","message":"Model name centralSequelize","timestamp":"2026-07-14T05:45:53.569Z"}
{"level":"info","message":"Model name spf","timestamp":"2026-07-14T05:45:53.569Z"}
{"level":"info","message":"Model name client","timestamp":"2026-07-14T05:45:53.570Z"}
{"level":"info","message":"Model name clientAudit","timestamp":"2026-07-14T05:45:53.574Z"}
{"level":"info","message":"Associating table ClientAudit with models","timestamp":"2026-07-14T05:45:53.576Z"}
{"level":"info","message":"Model name group","timestamp":"2026-07-14T05:45:53.580Z"}
{"level":"info","message":"Model name GroupMenuHeader","timestamp":"2026-07-14T05:45:53.582Z"}
{"level":"info","message":"Model name role","timestamp":"2026-07-14T05:45:53.582Z"}
{"level":"info","message":"Model name user","timestamp":"2026-07-14T05:45:53.587Z"}
{"level":"info","message":"Model name Agency","timestamp":"2026-07-14T05:45:53.590Z"}
{"level":"info","message":"Associating table Agency with models","timestamp":"2026-07-14T05:45:53.591Z"}
{"level":"info","message":"Model name Applicant","timestamp":"2026-07-14T05:45:53.594Z"}
{"level":"info","message":"Associating table Applicant with models","timestamp":"2026-07-14T05:45:53.597Z"}
{"level":"info","message":"Model name MOU","timestamp":"2026-07-14T05:45:53.616Z"}
{"level":"info","message":"Associating table Job with models","timestamp":"2026-07-14T05:45:53.621Z"}
{"level":"info","message":"Model name jobAdvertise","timestamp":"2026-07-14T05:45:53.636Z"}
{"level":"info","message":"Associating table JobAdvertise with models","timestamp":"2026-07-14T05:45:53.640Z"}
{"level":"info","message":"Model name JobBatch","timestamp":"2026-07-14T05:45:53.641Z"}
{"level":"info","message":"Associating table JobBatch with models","timestamp":"2026-07-14T05:45:53.642Z"}
{"level":"info","message":"Model name benefit","timestamp":"2026-07-14T05:45:53.650Z"}
{"level":"info","message":"Associating table Benefit with models","timestamp":"2026-07-14T05:45:53.650Z"}
{"level":"info","message":"Model name company","timestamp":"2026-07-14T05:45:53.654Z"}
{"level":"info","message":"Model name location","timestamp":"2026-07-14T05:45:53.657Z"}
{"level":"info","message":"Model name currency","timestamp":"2026-07-14T05:45:53.657Z"}
{"level":"info","message":"Model name currencyAudit","timestamp":"2026-07-14T05:45:53.658Z"}
{"level":"info","message":"Associating table CurrencyAudit with models","timestamp":"2026-07-14T05:45:53.658Z"}
{"level":"info","message":"Model name unit","timestamp":"2026-07-14T05:45:53.659Z"}
{"level":"info","message":"Model name printerModel","timestamp":"2026-07-14T05:45:53.669Z"}
{"level":"info","message":"Model name stockTransactionModel","timestamp":"2026-07-14T05:45:53.673Z"}
{"level":"info","message":"Model name mainCategory","timestamp":"2026-07-14T05:45:53.680Z"}
{"level":"info","message":"Model name category","timestamp":"2026-07-14T05:45:53.680Z"}
{"level":"info","message":"Associating table Color with models","timestamp":"2026-07-14T05:45:53.680Z"}
{"level":"info","message":"Model name student","timestamp":"2026-07-14T05:45:53.680Z"}
{"level":"info","message":"Associating table Student with models","timestamp":"2026-07-14T05:45:53.680Z"}
{"level":"info","message":"Model name nfcCard","timestamp":"2026-07-14T05:45:53.682Z"}
{"level":"info","message":"Associating table NfcCard with models","timestamp":"2026-07-14T05:45:53.682Z"}
{"level":"info","message":"Model name transactionEntry","timestamp":"2026-07-14T05:45:53.683Z"}
{"level":"info","message":"Associating table TransactionEntry","timestamp":"2026-07-14T05:45:53.683Z"}
{"level":"info","message":"Model name tax","timestamp":"2026-07-14T05:45:53.683Z"}
{"level":"info","message":"Model name product","timestamp":"2026-07-14T05:45:53.684Z"}
{"level":"info","message":"Model name productAudit","timestamp":"2026-07-14T05:45:53.713Z"}
{"level":"info","message":"Associating table ProductAudit with models","timestamp":"2026-07-14T05:45:53.717Z"}
{"level":"info","message":"Model name productTemp","timestamp":"2026-07-14T05:45:53.718Z"}
{"level":"info","message":"Model name productSize","timestamp":"2026-07-14T05:45:53.722Z"}
{"level":"info","message":"Model name image","timestamp":"2026-07-14T05:45:53.722Z"}
{"level":"info","message":"Associating table IMAGE with models","timestamp":"2026-07-14T05:45:53.723Z"}
{"level":"info","message":"Model name priceList","timestamp":"2026-07-14T05:45:53.728Z"}
{"level":"info","message":"Model name webProductGroup","timestamp":"2026-07-14T05:45:53.731Z"}
{"level":"info","message":"Model name customer","timestamp":"2026-07-14T05:45:53.731Z"}
{"level":"info","message":"Model name order","timestamp":"2026-07-14T05:45:53.731Z"}
{"level":"info","message":"Model name orderHIS","timestamp":"2026-07-14T05:45:53.731Z"}
{"level":"info","message":"Model name orderTable","timestamp":"2026-07-14T05:45:53.731Z"}
{"level":"info","message":"Model name recipe","timestamp":"2026-07-14T05:45:53.731Z"}
{"level":"info","message":"Model name table","timestamp":"2026-07-14T05:45:53.734Z"}
{"level":"info","message":"Model name ticket","timestamp":"2026-07-14T05:45:53.742Z"}
{"level":"info","message":"Model name promotion","timestamp":"2026-07-14T05:45:53.755Z"}
{"level":"info","message":"Model name ticketLine","timestamp":"2026-07-14T05:45:53.764Z"}
{"level":"info","message":"Model name MemberOffer","timestamp":"2026-07-14T05:45:53.768Z"}
{"level":"info","message":"Model name loyaltyTransaction","timestamp":"2026-07-14T05:45:53.771Z"}
{"level":"info","message":"Model name washjob","timestamp":"2026-07-14T05:45:53.776Z"}
{"level":"info","message":"Model name washjobHis","timestamp":"2026-07-14T05:45:53.776Z"}
{"level":"info","message":"Model name washjobline","timestamp":"2026-07-14T05:45:53.776Z"}
{"level":"info","message":"Model name QRRequest","timestamp":"2026-07-14T05:45:53.776Z"}
{"level":"info","message":"Associating table QRRequest with models","timestamp":"2026-07-14T05:45:53.776Z"}
{"level":"info","message":"Model name saleHeader","timestamp":"2026-07-14T05:45:53.779Z"}
{"level":"info","message":"Model name salePayment","timestamp":"2026-07-14T05:45:53.789Z"}
{"level":"info","message":"Model name saleLine","timestamp":"2026-07-14T05:45:53.792Z"}
{"level":"info","message":"Associating table SaleLine with models","timestamp":"2026-07-14T05:45:53.792Z"}
{"level":"info","message":"Model name quotationHeader","timestamp":"2026-07-14T05:45:53.795Z"}
{"level":"info","message":"Model name quotationLine","timestamp":"2026-07-14T05:45:53.795Z"}
{"level":"info","message":"Associating table QuotationLine with models","timestamp":"2026-07-14T05:45:53.795Z"}
{"level":"info","message":"Model name poHeader","timestamp":"2026-07-14T05:45:53.795Z"}
{"level":"info","message":"Model name poLine","timestamp":"2026-07-14T05:45:53.796Z"}
{"level":"info","message":"Model name poHeaderHIS","timestamp":"2026-07-14T05:45:53.796Z"}
{"level":"info","message":"Model name poLineHIS","timestamp":"2026-07-14T05:45:53.796Z"}
{"level":"info","message":"Model name receivingHeader","timestamp":"2026-07-14T05:45:53.796Z"}
{"level":"info","message":"Model name receivingLine","timestamp":"2026-07-14T05:45:53.796Z"}
{"level":"info","message":"Model name reservation","timestamp":"2026-07-14T05:45:53.796Z"}
{"level":"info","message":"Model name reservationLine","timestamp":"2026-07-14T05:45:53.796Z"}
{"level":"info","message":"Model name transferHeader","timestamp":"2026-07-14T05:45:53.796Z"}
{"level":"info","message":"Model name transferLine","timestamp":"2026-07-14T05:45:53.796Z"}
{"level":"info","message":"Model name menuHeader","timestamp":"2026-07-14T05:45:53.796Z"}
{"level":"info","message":"Model name menuLine","timestamp":"2026-07-14T05:45:53.796Z"}
{"level":"info","message":"Model name MenuHeaderLines","timestamp":"2026-07-14T05:45:53.796Z"}
{"level":"info","message":"Model name webMenuHeader","timestamp":"2026-07-14T05:45:53.797Z"}
{"level":"info","message":"Model name QRResponse","timestamp":"2026-07-14T05:45:53.797Z"}
{"level":"info","message":"Associating table QRResponse with models","timestamp":"2026-07-14T05:45:53.797Z"}
{"level":"info","message":"Model name PaymentCallback","timestamp":"2026-07-14T05:45:53.797Z"}
{"level":"info","message":"Associating table PaymentCallback with models","timestamp":"2026-07-14T05:45:53.797Z"}
{"level":"info","message":"Model name Color","timestamp":"2026-07-14T05:45:53.798Z"}
{"level":"info","message":"Associating table Color with models","timestamp":"2026-07-14T05:45:53.798Z"}
{"level":"info","message":"Model name Size","timestamp":"2026-07-14T05:45:53.798Z"}
{"level":"info","message":"Associating table Size with models","timestamp":"2026-07-14T05:45:53.798Z"}
{"level":"info","message":"Model name card","timestamp":"2026-07-14T05:45:53.799Z"}
{"level":"info","message":"Associating table Card with models","timestamp":"2026-07-14T05:45:53.799Z"}
{"level":"info","message":"Model name Transaction","timestamp":"2026-07-14T05:45:53.805Z"}
{"level":"info","message":"Model name glPostingBatch","timestamp":"2026-07-14T05:45:53.808Z"}
{"level":"info","message":"Model name gl","timestamp":"2026-07-14T05:45:53.808Z"}
{"level":"info","message":"Model name chartAccount","timestamp":"2026-07-14T05:45:53.808Z"}
{"level":"info","message":"Model name fixedAssetProduct","timestamp":"2026-07-14T05:45:53.809Z"}
{"level":"info","message":"Model name fixedAssetContract","timestamp":"2026-07-14T05:45:53.809Z"}
{"level":"info","message":"Model name fixedAssetDepreciation","timestamp":"2026-07-14T05:45:53.809Z"}
{"level":"info","message":"Model name apPaymentHeader","timestamp":"2026-07-14T05:45:53.809Z"}
{"level":"info","message":"Model name arReceiveHeader","timestamp":"2026-07-14T05:45:53.809Z"}
{"level":"info","message":"Model name payment","timestamp":"2026-07-14T05:45:53.809Z"}
{"level":"info","message":"Model name bank","timestamp":"2026-07-14T05:45:53.809Z"}
{"level":"info","message":"Model name bankAccount","timestamp":"2026-07-14T05:45:53.809Z"}
{"level":"info","message":"Associating table Bank with models","timestamp":"2026-07-14T05:45:53.809Z"}
{"level":"info","message":"Model name ministry","timestamp":"2026-07-14T05:45:53.813Z"}
{"level":"info","message":"Model name moneySettlement","timestamp":"2026-07-14T05:45:53.815Z"}
{"level":"info","message":"Model name moneyAdvanceAudit","timestamp":"2026-07-14T05:45:53.817Z"}
{"level":"info","message":"Associating table MoneyAdvanceAudit with models","timestamp":"2026-07-14T05:45:53.817Z"}
{"level":"info","message":"Model name moneyAdvance","timestamp":"2026-07-14T05:45:53.817Z"}
{"level":"info","message":"Associating table MoneyAdvance with models","timestamp":"2026-07-14T05:45:53.817Z"}
{"level":"info","message":"Model name AccountStatement","timestamp":"2026-07-14T05:45:53.820Z"}
{"level":"info","message":"Associating table AccountStatement with models","timestamp":"2026-07-14T05:45:53.820Z"}
{"level":"info","message":"Model name Project","timestamp":"2026-07-14T05:45:53.828Z"}
{"level":"info","message":"Model name ProjectBudget","timestamp":"2026-07-14T05:45:53.834Z"}
{"level":"info","message":"Model name ProjectContract","timestamp":"2026-07-14T05:45:53.834Z"}
{"level":"info","message":"Model name ProjectInvoice","timestamp":"2026-07-14T05:45:53.835Z"}
{"level":"info","message":"Model name WithdrawalApplication","timestamp":"2026-07-14T05:45:53.835Z"}
{"level":"info","message":"Model name revenue_target","timestamp":"2026-07-14T05:45:53.836Z"}
{"level":"info","message":"Model name apInvoice","timestamp":"2026-07-14T05:45:53.836Z"}
{"level":"info","message":"Associating table APInvoice with models","timestamp":"2026-07-14T05:45:53.836Z"}
{"level":"info","message":"Model name apInvoiceAudit","timestamp":"2026-07-14T05:45:53.839Z"}
{"level":"info","message":"Associating table APInvoiceAudit with models","timestamp":"2026-07-14T05:45:53.839Z"}
{"level":"info","message":"Model name invoiceLineItem","timestamp":"2026-07-14T05:45:53.839Z"}
{"level":"info","message":"Associating table InvoiceLineItem with models","timestamp":"2026-07-14T05:45:53.839Z"}
{"level":"info","message":"Model name apInvoiceSettlement","timestamp":"2026-07-14T05:45:53.840Z"}
{"level":"info","message":"Associating table APInvoiceSettlement with models","timestamp":"2026-07-14T05:45:53.840Z"}
{"level":"info","message":"Model name apSettlementAudit","timestamp":"2026-07-14T05:45:53.842Z"}
{"level":"info","message":"Associating table APSettlementAudit with models","timestamp":"2026-07-14T05:45:53.842Z"}
{"level":"info","message":"Model name apInvoiceSettlementLine","timestamp":"2026-07-14T05:45:53.842Z"}
{"level":"info","message":"Associating InvoiceSettlementLine with models","timestamp":"2026-07-14T05:45:53.843Z"}
{"level":"info","message":"Model name arInvoiceHeader","timestamp":"2026-07-14T05:45:53.844Z"}
{"level":"info","message":"Associating table ARInvoiceHeader with models","timestamp":"2026-07-14T05:45:53.844Z"}
{"level":"info","message":"Model name arInvoiceHeaderAudit","timestamp":"2026-07-14T05:45:53.847Z"}
{"level":"info","message":"Associating table ARInvoiceHeaderAudit with models","timestamp":"2026-07-14T05:45:53.848Z"}
{"level":"info","message":"Model name arInvoiceLine","timestamp":"2026-07-14T05:45:53.848Z"}
{"level":"info","message":"Associating table InvoiceLine with models","timestamp":"2026-07-14T05:45:53.848Z"}
{"level":"info","message":"Model name arReceiveHeaderV2","timestamp":"2026-07-14T05:45:53.849Z"}
{"level":"info","message":"Associating table ARReceiveHeader with models","timestamp":"2026-07-14T05:45:53.849Z"}
{"level":"info","message":"Model name arReceiveHeaderAudit","timestamp":"2026-07-14T05:45:53.852Z"}
{"level":"info","message":"Associating table ARReceiveHeaderAudit with models","timestamp":"2026-07-14T05:45:53.852Z"}
{"level":"info","message":"Model name arReceiveLine","timestamp":"2026-07-14T05:45:53.852Z"}
{"level":"info","message":"Associating table ReceiveLine with models","timestamp":"2026-07-14T05:45:53.852Z"}
{"level":"info","message":"Model name vendor","timestamp":"2026-07-14T05:45:53.853Z"}
{"level":"info","message":"Model name shipping","timestamp":"2026-07-14T05:45:53.853Z"}
{"level":"info","message":"Model name shipping_order","timestamp":"2026-07-14T05:45:53.853Z"}
{"level":"info","message":"Model name shipping_checkout_batch","timestamp":"2026-07-14T05:45:53.853Z"}
{"level":"info","message":"Model name service","timestamp":"2026-07-14T05:45:53.853Z"}
{"level":"info","message":"Model name authority","timestamp":"2026-07-14T05:45:53.853Z"}
{"level":"info","message":"Model name terminal","timestamp":"2026-07-14T05:45:53.853Z"}
{"level":"info","message":"Model name terminalAudit","timestamp":"2026-07-14T05:45:53.854Z"}
{"level":"info","message":"Associating table TerminalAudit with models","timestamp":"2026-07-14T05:45:53.854Z"}
{"level":"info","message":"Model name campaign","timestamp":"2026-07-14T05:45:53.854Z"}
{"level":"info","message":"Model name campaignEntry","timestamp":"2026-07-14T05:45:53.854Z"}
{"level":"info","message":"Model name rider","timestamp":"2026-07-14T05:45:53.854Z"}
{"level":"info","message":"Model name outlet","timestamp":"2026-07-14T05:45:53.854Z"}
{"level":"info","message":"Model name geography","timestamp":"2026-07-14T05:45:53.854Z"}
{"level":"info","message":"Model name country","timestamp":"2026-07-14T05:45:53.854Z"}
{"level":"info","message":"Model name village","timestamp":"2026-07-14T05:45:53.854Z"}
{"level":"info","message":"Model name district","timestamp":"2026-07-14T05:45:53.855Z"}
{"level":"info","message":"Model name accountDailyBalance","timestamp":"2026-07-14T05:45:53.856Z"}
{"level":"info","message":"Model name businessDate","timestamp":"2026-07-14T05:45:53.856Z"}
{"level":"info","message":"Model name tuturial","timestamp":"2026-07-14T05:45:53.856Z"}
{"level":"info","message":"Hello, Winston!","timestamp":"2026-07-14T05:46:45.309Z"}
{"level":"warn","message":"This is a warning message.","timestamp":"2026-07-14T05:46:45.313Z"}
{"level":"error","message":"This is an error message.","timestamp":"2026-07-14T05:46:45.314Z"}
{"level":"info","message":"This is an information message.","timestamp":"2026-07-14T05:46:45.315Z"}
{"ip":"192.168.1.1","level":"info","message":"User logged in","timestamp":"2026-07-14T05:46:45.317Z","username":"johndoe"}
{"level":"info","message":"Model name sequelize","timestamp":"2026-07-14T05:46:45.718Z"}
{"level":"info","message":"Model name Sequelize","timestamp":"2026-07-14T05:46:45.719Z"}
{"level":"info","message":"Model name centralSequelize","timestamp":"2026-07-14T05:46:45.719Z"}
{"level":"info","message":"Model name spf","timestamp":"2026-07-14T05:46:45.720Z"}
{"level":"info","message":"Model name client","timestamp":"2026-07-14T05:46:45.720Z"}
{"level":"info","message":"Model name clientAudit","timestamp":"2026-07-14T05:46:45.725Z"}
{"level":"info","message":"Associating table ClientAudit with models","timestamp":"2026-07-14T05:46:45.726Z"}
{"level":"info","message":"Model name group","timestamp":"2026-07-14T05:46:45.730Z"}
{"level":"info","message":"Model name GroupMenuHeader","timestamp":"2026-07-14T05:46:45.733Z"}
{"level":"info","message":"Model name role","timestamp":"2026-07-14T05:46:45.733Z"}
{"level":"info","message":"Model name user","timestamp":"2026-07-14T05:46:45.738Z"}
{"level":"info","message":"Model name Agency","timestamp":"2026-07-14T05:46:45.740Z"}
{"level":"info","message":"Associating table Agency with models","timestamp":"2026-07-14T05:46:45.742Z"}
{"level":"info","message":"Model name Applicant","timestamp":"2026-07-14T05:46:45.746Z"}
{"level":"info","message":"Associating table Applicant with models","timestamp":"2026-07-14T05:46:45.749Z"}
{"level":"info","message":"Model name MOU","timestamp":"2026-07-14T05:46:45.766Z"}
{"level":"info","message":"Associating table Job with models","timestamp":"2026-07-14T05:46:45.771Z"}
{"level":"info","message":"Model name jobAdvertise","timestamp":"2026-07-14T05:46:45.782Z"}
{"level":"info","message":"Associating table JobAdvertise with models","timestamp":"2026-07-14T05:46:45.785Z"}
{"level":"info","message":"Model name JobBatch","timestamp":"2026-07-14T05:46:45.786Z"}
{"level":"info","message":"Associating table JobBatch with models","timestamp":"2026-07-14T05:46:45.787Z"}
{"level":"info","message":"Model name benefit","timestamp":"2026-07-14T05:46:45.794Z"}
{"level":"info","message":"Associating table Benefit with models","timestamp":"2026-07-14T05:46:45.794Z"}
{"level":"info","message":"Model name company","timestamp":"2026-07-14T05:46:45.798Z"}
{"level":"info","message":"Model name location","timestamp":"2026-07-14T05:46:45.801Z"}
{"level":"info","message":"Model name currency","timestamp":"2026-07-14T05:46:45.802Z"}
{"level":"info","message":"Model name currencyAudit","timestamp":"2026-07-14T05:46:45.803Z"}
{"level":"info","message":"Associating table CurrencyAudit with models","timestamp":"2026-07-14T05:46:45.803Z"}
{"level":"info","message":"Model name unit","timestamp":"2026-07-14T05:46:45.804Z"}
{"level":"info","message":"Model name printerModel","timestamp":"2026-07-14T05:46:45.813Z"}
{"level":"info","message":"Model name stockTransactionModel","timestamp":"2026-07-14T05:46:45.817Z"}
{"level":"info","message":"Model name mainCategory","timestamp":"2026-07-14T05:46:45.823Z"}
{"level":"info","message":"Model name category","timestamp":"2026-07-14T05:46:45.823Z"}
{"level":"info","message":"Associating table Color with models","timestamp":"2026-07-14T05:46:45.823Z"}
{"level":"info","message":"Model name student","timestamp":"2026-07-14T05:46:45.824Z"}
{"level":"info","message":"Associating table Student with models","timestamp":"2026-07-14T05:46:45.824Z"}
{"level":"info","message":"Model name nfcCard","timestamp":"2026-07-14T05:46:45.825Z"}
{"level":"info","message":"Associating table NfcCard with models","timestamp":"2026-07-14T05:46:45.825Z"}
{"level":"info","message":"Model name transactionEntry","timestamp":"2026-07-14T05:46:45.826Z"}
{"level":"info","message":"Associating table TransactionEntry","timestamp":"2026-07-14T05:46:45.826Z"}
{"level":"info","message":"Model name tax","timestamp":"2026-07-14T05:46:45.826Z"}
{"level":"info","message":"Model name product","timestamp":"2026-07-14T05:46:45.826Z"}
{"level":"info","message":"Model name productAudit","timestamp":"2026-07-14T05:46:45.856Z"}
{"level":"info","message":"Associating table ProductAudit with models","timestamp":"2026-07-14T05:46:45.860Z"}
{"level":"info","message":"Model name productTemp","timestamp":"2026-07-14T05:46:45.866Z"}
{"level":"info","message":"Model name productSize","timestamp":"2026-07-14T05:46:45.869Z"}
{"level":"info","message":"Model name image","timestamp":"2026-07-14T05:46:45.869Z"}
{"level":"info","message":"Associating table IMAGE with models","timestamp":"2026-07-14T05:46:45.870Z"}
{"level":"info","message":"Model name priceList","timestamp":"2026-07-14T05:46:45.876Z"}
{"level":"info","message":"Model name webProductGroup","timestamp":"2026-07-14T05:46:45.876Z"}
{"level":"info","message":"Model name customer","timestamp":"2026-07-14T05:46:45.876Z"}
{"level":"info","message":"Model name order","timestamp":"2026-07-14T05:46:45.877Z"}
{"level":"info","message":"Model name orderHIS","timestamp":"2026-07-14T05:46:45.877Z"}
{"level":"info","message":"Model name orderTable","timestamp":"2026-07-14T05:46:45.877Z"}
{"level":"info","message":"Model name recipe","timestamp":"2026-07-14T05:46:45.877Z"}
{"level":"info","message":"Model name table","timestamp":"2026-07-14T05:46:45.877Z"}
{"level":"info","message":"Model name ticket","timestamp":"2026-07-14T05:46:45.885Z"}
{"level":"info","message":"Model name promotion","timestamp":"2026-07-14T05:46:45.889Z"}
{"level":"info","message":"Model name ticketLine","timestamp":"2026-07-14T05:46:45.895Z"}
{"level":"info","message":"Model name MemberOffer","timestamp":"2026-07-14T05:46:45.902Z"}
{"level":"info","message":"Model name loyaltyTransaction","timestamp":"2026-07-14T05:46:45.907Z"}
{"level":"info","message":"Model name washjob","timestamp":"2026-07-14T05:46:45.910Z"}
{"level":"info","message":"Model name washjobHis","timestamp":"2026-07-14T05:46:45.911Z"}
{"level":"info","message":"Model name washjobline","timestamp":"2026-07-14T05:46:45.911Z"}
{"level":"info","message":"Model name QRRequest","timestamp":"2026-07-14T05:46:45.911Z"}
{"level":"info","message":"Associating table QRRequest with models","timestamp":"2026-07-14T05:46:45.911Z"}
{"level":"info","message":"Model name saleHeader","timestamp":"2026-07-14T05:46:45.914Z"}
{"level":"info","message":"Model name salePayment","timestamp":"2026-07-14T05:46:45.923Z"}
{"level":"info","message":"Model name saleLine","timestamp":"2026-07-14T05:46:45.927Z"}
{"level":"info","message":"Associating table SaleLine with models","timestamp":"2026-07-14T05:46:45.927Z"}
{"level":"info","message":"Model name quotationHeader","timestamp":"2026-07-14T05:46:45.931Z"}
{"level":"info","message":"Model name quotationLine","timestamp":"2026-07-14T05:46:45.931Z"}
{"level":"info","message":"Associating table QuotationLine with models","timestamp":"2026-07-14T05:46:45.931Z"}
{"level":"info","message":"Model name poHeader","timestamp":"2026-07-14T05:46:45.931Z"}
{"level":"info","message":"Model name poLine","timestamp":"2026-07-14T05:46:45.932Z"}
{"level":"info","message":"Model name poHeaderHIS","timestamp":"2026-07-14T05:46:45.932Z"}
{"level":"info","message":"Model name poLineHIS","timestamp":"2026-07-14T05:46:45.932Z"}
{"level":"info","message":"Model name receivingHeader","timestamp":"2026-07-14T05:46:45.932Z"}
{"level":"info","message":"Model name receivingLine","timestamp":"2026-07-14T05:46:45.932Z"}
{"level":"info","message":"Model name reservation","timestamp":"2026-07-14T05:46:45.932Z"}
{"level":"info","message":"Model name reservationLine","timestamp":"2026-07-14T05:46:45.932Z"}
{"level":"info","message":"Model name transferHeader","timestamp":"2026-07-14T05:46:45.932Z"}
{"level":"info","message":"Model name transferLine","timestamp":"2026-07-14T05:46:45.932Z"}
{"level":"info","message":"Model name menuHeader","timestamp":"2026-07-14T05:46:45.932Z"}
{"level":"info","message":"Model name menuLine","timestamp":"2026-07-14T05:46:45.932Z"}
{"level":"info","message":"Model name MenuHeaderLines","timestamp":"2026-07-14T05:46:45.932Z"}
{"level":"info","message":"Model name webMenuHeader","timestamp":"2026-07-14T05:46:45.932Z"}
{"level":"info","message":"Model name QRResponse","timestamp":"2026-07-14T05:46:45.932Z"}
{"level":"info","message":"Associating table QRResponse with models","timestamp":"2026-07-14T05:46:45.932Z"}
{"level":"info","message":"Model name PaymentCallback","timestamp":"2026-07-14T05:46:45.933Z"}
{"level":"info","message":"Associating table PaymentCallback with models","timestamp":"2026-07-14T05:46:45.933Z"}
{"level":"info","message":"Model name Color","timestamp":"2026-07-14T05:46:45.933Z"}
{"level":"info","message":"Associating table Color with models","timestamp":"2026-07-14T05:46:45.933Z"}
{"level":"info","message":"Model name Size","timestamp":"2026-07-14T05:46:45.934Z"}
{"level":"info","message":"Associating table Size with models","timestamp":"2026-07-14T05:46:45.934Z"}
{"level":"info","message":"Model name card","timestamp":"2026-07-14T05:46:45.934Z"}
{"level":"info","message":"Associating table Card with models","timestamp":"2026-07-14T05:46:45.934Z"}
{"level":"info","message":"Model name Transaction","timestamp":"2026-07-14T05:46:45.943Z"}
{"level":"info","message":"Model name glPostingBatch","timestamp":"2026-07-14T05:46:45.947Z"}
{"level":"info","message":"Model name gl","timestamp":"2026-07-14T05:46:45.947Z"}
{"level":"info","message":"Model name chartAccount","timestamp":"2026-07-14T05:46:45.947Z"}
{"level":"info","message":"Model name fixedAssetProduct","timestamp":"2026-07-14T05:46:45.947Z"}
{"level":"info","message":"Model name fixedAssetContract","timestamp":"2026-07-14T05:46:45.947Z"}
{"level":"info","message":"Model name fixedAssetDepreciation","timestamp":"2026-07-14T05:46:45.947Z"}
{"level":"info","message":"Model name apPaymentHeader","timestamp":"2026-07-14T05:46:45.947Z"}
{"level":"info","message":"Model name arReceiveHeader","timestamp":"2026-07-14T05:46:45.947Z"}
{"level":"info","message":"Model name payment","timestamp":"2026-07-14T05:46:45.947Z"}
{"level":"info","message":"Model name bank","timestamp":"2026-07-14T05:46:45.947Z"}
{"level":"info","message":"Model name bankAccount","timestamp":"2026-07-14T05:46:45.947Z"}
{"level":"info","message":"Associating table Bank with models","timestamp":"2026-07-14T05:46:45.948Z"}
{"level":"info","message":"Model name ministry","timestamp":"2026-07-14T05:46:45.951Z"}
{"level":"info","message":"Model name moneySettlement","timestamp":"2026-07-14T05:46:45.953Z"}
{"level":"info","message":"Model name moneyAdvanceAudit","timestamp":"2026-07-14T05:46:45.955Z"}
{"level":"info","message":"Associating table MoneyAdvanceAudit with models","timestamp":"2026-07-14T05:46:45.955Z"}
{"level":"info","message":"Model name moneyAdvance","timestamp":"2026-07-14T05:46:45.955Z"}
{"level":"info","message":"Associating table MoneyAdvance with models","timestamp":"2026-07-14T05:46:45.956Z"}
{"level":"info","message":"Model name AccountStatement","timestamp":"2026-07-14T05:46:45.958Z"}
{"level":"info","message":"Associating table AccountStatement with models","timestamp":"2026-07-14T05:46:45.958Z"}
{"level":"info","message":"Model name Project","timestamp":"2026-07-14T05:46:45.965Z"}
{"level":"info","message":"Model name ProjectBudget","timestamp":"2026-07-14T05:46:45.970Z"}
{"level":"info","message":"Model name ProjectContract","timestamp":"2026-07-14T05:46:45.970Z"}
{"level":"info","message":"Model name ProjectInvoice","timestamp":"2026-07-14T05:46:45.971Z"}
{"level":"info","message":"Model name WithdrawalApplication","timestamp":"2026-07-14T05:46:45.971Z"}
{"level":"info","message":"Model name revenue_target","timestamp":"2026-07-14T05:46:45.972Z"}
{"level":"info","message":"Model name apInvoice","timestamp":"2026-07-14T05:46:45.973Z"}
{"level":"info","message":"Associating table APInvoice with models","timestamp":"2026-07-14T05:46:45.973Z"}
{"level":"info","message":"Model name apInvoiceAudit","timestamp":"2026-07-14T05:46:45.975Z"}
{"level":"info","message":"Associating table APInvoiceAudit with models","timestamp":"2026-07-14T05:46:45.976Z"}
{"level":"info","message":"Model name invoiceLineItem","timestamp":"2026-07-14T05:46:45.976Z"}
{"level":"info","message":"Associating table InvoiceLineItem with models","timestamp":"2026-07-14T05:46:45.976Z"}
{"level":"info","message":"Model name apInvoiceSettlement","timestamp":"2026-07-14T05:46:45.977Z"}
{"level":"info","message":"Associating table APInvoiceSettlement with models","timestamp":"2026-07-14T05:46:45.977Z"}
{"level":"info","message":"Model name apSettlementAudit","timestamp":"2026-07-14T05:46:45.980Z"}
{"level":"info","message":"Associating table APSettlementAudit with models","timestamp":"2026-07-14T05:46:45.980Z"}
{"level":"info","message":"Model name apInvoiceSettlementLine","timestamp":"2026-07-14T05:46:45.980Z"}
{"level":"info","message":"Associating InvoiceSettlementLine with models","timestamp":"2026-07-14T05:46:45.980Z"}
{"level":"info","message":"Model name arInvoiceHeader","timestamp":"2026-07-14T05:46:45.982Z"}
{"level":"info","message":"Associating table ARInvoiceHeader with models","timestamp":"2026-07-14T05:46:45.982Z"}
{"level":"info","message":"Model name arInvoiceHeaderAudit","timestamp":"2026-07-14T05:46:45.985Z"}
{"level":"info","message":"Associating table ARInvoiceHeaderAudit with models","timestamp":"2026-07-14T05:46:45.985Z"}
{"level":"info","message":"Model name arInvoiceLine","timestamp":"2026-07-14T05:46:45.985Z"}
{"level":"info","message":"Associating table InvoiceLine with models","timestamp":"2026-07-14T05:46:45.985Z"}
{"level":"info","message":"Model name arReceiveHeaderV2","timestamp":"2026-07-14T05:46:45.987Z"}
{"level":"info","message":"Associating table ARReceiveHeader with models","timestamp":"2026-07-14T05:46:45.987Z"}
{"level":"info","message":"Model name arReceiveHeaderAudit","timestamp":"2026-07-14T05:46:45.989Z"}
{"level":"info","message":"Associating table ARReceiveHeaderAudit with models","timestamp":"2026-07-14T05:46:45.989Z"}
{"level":"info","message":"Model name arReceiveLine","timestamp":"2026-07-14T05:46:45.990Z"}
{"level":"info","message":"Associating table ReceiveLine with models","timestamp":"2026-07-14T05:46:45.990Z"}
{"level":"info","message":"Model name vendor","timestamp":"2026-07-14T05:46:45.991Z"}
{"level":"info","message":"Model name shipping","timestamp":"2026-07-14T05:46:45.991Z"}
{"level":"info","message":"Model name shipping_order","timestamp":"2026-07-14T05:46:45.991Z"}
{"level":"info","message":"Model name shipping_checkout_batch","timestamp":"2026-07-14T05:46:45.991Z"}
{"level":"info","message":"Model name service","timestamp":"2026-07-14T05:46:45.991Z"}
{"level":"info","message":"Model name authority","timestamp":"2026-07-14T05:46:45.991Z"}
{"level":"info","message":"Model name terminal","timestamp":"2026-07-14T05:46:45.991Z"}
{"level":"info","message":"Model name terminalAudit","timestamp":"2026-07-14T05:46:45.992Z"}
{"level":"info","message":"Associating table TerminalAudit with models","timestamp":"2026-07-14T05:46:45.992Z"}
{"level":"info","message":"Model name campaign","timestamp":"2026-07-14T05:46:45.992Z"}
{"level":"info","message":"Model name campaignEntry","timestamp":"2026-07-14T05:46:45.992Z"}
{"level":"info","message":"Model name rider","timestamp":"2026-07-14T05:46:45.992Z"}
{"level":"info","message":"Model name outlet","timestamp":"2026-07-14T05:46:45.992Z"}
{"level":"info","message":"Model name geography","timestamp":"2026-07-14T05:46:45.992Z"}
{"level":"info","message":"Model name country","timestamp":"2026-07-14T05:46:45.992Z"}
{"level":"info","message":"Model name village","timestamp":"2026-07-14T05:46:45.992Z"}
{"level":"info","message":"Model name district","timestamp":"2026-07-14T05:46:45.993Z"}
{"level":"info","message":"Model name accountDailyBalance","timestamp":"2026-07-14T05:46:45.994Z"}
{"level":"info","message":"Model name businessDate","timestamp":"2026-07-14T05:46:45.994Z"}
{"level":"info","message":"Model name tuturial","timestamp":"2026-07-14T05:46:45.994Z"}
{"level":"info","message":"client_db Connection established","timestamp":"2026-07-14T05:46:46.294Z"}
{"level":"info","message":"tutorial_db Connection established","timestamp":"2026-07-14T05:46:46.316Z"}
{"level":"info","message":"Hello, Winston!","timestamp":"2026-07-14T07:10:55.654Z"}
{"level":"warn","message":"This is a warning message.","timestamp":"2026-07-14T07:10:55.658Z"}
{"level":"error","message":"This is an error message.","timestamp":"2026-07-14T07:10:55.660Z"}
{"level":"info","message":"This is an information message.","timestamp":"2026-07-14T07:10:55.661Z"}
{"ip":"192.168.1.1","level":"info","message":"User logged in","timestamp":"2026-07-14T07:10:55.663Z","username":"johndoe"}
{"level":"info","message":"Model name sequelize","timestamp":"2026-07-14T07:10:56.248Z"}
{"level":"info","message":"Model name Sequelize","timestamp":"2026-07-14T07:10:56.249Z"}
{"level":"info","message":"Model name centralSequelize","timestamp":"2026-07-14T07:10:56.249Z"}
{"level":"info","message":"Model name spf","timestamp":"2026-07-14T07:10:56.250Z"}
{"level":"info","message":"Model name client","timestamp":"2026-07-14T07:10:56.250Z"}
{"level":"info","message":"Model name clientAudit","timestamp":"2026-07-14T07:10:56.255Z"}
{"level":"info","message":"Associating table ClientAudit with models","timestamp":"2026-07-14T07:10:56.257Z"}
{"level":"info","message":"Model name group","timestamp":"2026-07-14T07:10:56.262Z"}
{"level":"info","message":"Model name GroupMenuHeader","timestamp":"2026-07-14T07:10:56.263Z"}
{"level":"info","message":"Model name role","timestamp":"2026-07-14T07:10:56.264Z"}
{"level":"info","message":"Model name user","timestamp":"2026-07-14T07:10:56.269Z"}
{"level":"info","message":"Model name Agency","timestamp":"2026-07-14T07:10:56.272Z"}
{"level":"info","message":"Associating table Agency with models","timestamp":"2026-07-14T07:10:56.273Z"}
{"level":"info","message":"Model name Applicant","timestamp":"2026-07-14T07:10:56.277Z"}
{"level":"info","message":"Associating table Applicant with models","timestamp":"2026-07-14T07:10:56.280Z"}
{"level":"info","message":"Model name MOU","timestamp":"2026-07-14T07:10:56.304Z"}
{"level":"info","message":"Associating table Job with models","timestamp":"2026-07-14T07:10:56.309Z"}
{"level":"info","message":"Model name jobAdvertise","timestamp":"2026-07-14T07:10:56.341Z"}
{"level":"info","message":"Associating table JobAdvertise with models","timestamp":"2026-07-14T07:10:56.347Z"}
{"level":"info","message":"Model name JobBatch","timestamp":"2026-07-14T07:10:56.348Z"}
{"level":"info","message":"Associating table JobBatch with models","timestamp":"2026-07-14T07:10:56.350Z"}
{"level":"info","message":"Model name benefit","timestamp":"2026-07-14T07:10:56.384Z"}
{"level":"info","message":"Associating table Benefit with models","timestamp":"2026-07-14T07:10:56.384Z"}
{"level":"info","message":"Model name company","timestamp":"2026-07-14T07:10:56.390Z"}
{"level":"info","message":"Model name location","timestamp":"2026-07-14T07:10:56.394Z"}
{"level":"info","message":"Model name currency","timestamp":"2026-07-14T07:10:56.394Z"}
{"level":"info","message":"Model name currencyAudit","timestamp":"2026-07-14T07:10:56.397Z"}
{"level":"info","message":"Associating table CurrencyAudit with models","timestamp":"2026-07-14T07:10:56.398Z"}
{"level":"info","message":"Model name unit","timestamp":"2026-07-14T07:10:56.399Z"}
{"level":"info","message":"Model name printerModel","timestamp":"2026-07-14T07:10:56.414Z"}
{"level":"info","message":"Model name stockTransactionModel","timestamp":"2026-07-14T07:10:56.418Z"}
{"level":"info","message":"Model name mainCategory","timestamp":"2026-07-14T07:10:56.424Z"}
{"level":"info","message":"Model name category","timestamp":"2026-07-14T07:10:56.425Z"}
{"level":"info","message":"Associating table Color with models","timestamp":"2026-07-14T07:10:56.425Z"}
{"level":"info","message":"Model name student","timestamp":"2026-07-14T07:10:56.425Z"}
{"level":"info","message":"Associating table Student with models","timestamp":"2026-07-14T07:10:56.425Z"}
{"level":"info","message":"Model name nfcCard","timestamp":"2026-07-14T07:10:56.427Z"}
{"level":"info","message":"Associating table NfcCard with models","timestamp":"2026-07-14T07:10:56.427Z"}
{"level":"info","message":"Model name transactionEntry","timestamp":"2026-07-14T07:10:56.427Z"}
{"level":"info","message":"Associating table TransactionEntry","timestamp":"2026-07-14T07:10:56.427Z"}
{"level":"info","message":"Model name tax","timestamp":"2026-07-14T07:10:56.428Z"}
{"level":"info","message":"Model name product","timestamp":"2026-07-14T07:10:56.428Z"}
{"level":"info","message":"Model name productAudit","timestamp":"2026-07-14T07:10:56.462Z"}
{"level":"info","message":"Associating table ProductAudit with models","timestamp":"2026-07-14T07:10:56.467Z"}
{"level":"info","message":"Model name productTemp","timestamp":"2026-07-14T07:10:56.477Z"}
{"level":"info","message":"Model name productSize","timestamp":"2026-07-14T07:10:56.478Z"}
{"level":"info","message":"Model name image","timestamp":"2026-07-14T07:10:56.479Z"}
{"level":"info","message":"Associating table IMAGE with models","timestamp":"2026-07-14T07:10:56.479Z"}
{"level":"info","message":"Model name priceList","timestamp":"2026-07-14T07:10:56.479Z"}
{"level":"info","message":"Model name webProductGroup","timestamp":"2026-07-14T07:10:56.479Z"}
{"level":"info","message":"Model name customer","timestamp":"2026-07-14T07:10:56.479Z"}
{"level":"info","message":"Model name order","timestamp":"2026-07-14T07:10:56.479Z"}
{"level":"info","message":"Model name orderHIS","timestamp":"2026-07-14T07:10:56.479Z"}
{"level":"info","message":"Model name orderTable","timestamp":"2026-07-14T07:10:56.479Z"}
{"level":"info","message":"Model name recipe","timestamp":"2026-07-14T07:10:56.479Z"}
{"level":"info","message":"Model name table","timestamp":"2026-07-14T07:10:56.480Z"}
{"level":"info","message":"Model name ticket","timestamp":"2026-07-14T07:10:56.487Z"}
{"level":"info","message":"Model name promotion","timestamp":"2026-07-14T07:10:56.492Z"}
{"level":"info","message":"Model name ticketLine","timestamp":"2026-07-14T07:10:56.497Z"}
{"level":"info","message":"Model name MemberOffer","timestamp":"2026-07-14T07:10:56.504Z"}
{"level":"info","message":"Model name loyaltyTransaction","timestamp":"2026-07-14T07:10:56.509Z"}
{"level":"info","message":"Model name washjob","timestamp":"2026-07-14T07:10:56.513Z"}
{"level":"info","message":"Model name washjobHis","timestamp":"2026-07-14T07:10:56.513Z"}
{"level":"info","message":"Model name washjobline","timestamp":"2026-07-14T07:10:56.513Z"}
{"level":"info","message":"Model name QRRequest","timestamp":"2026-07-14T07:10:56.513Z"}
{"level":"info","message":"Associating table QRRequest with models","timestamp":"2026-07-14T07:10:56.513Z"}
{"level":"info","message":"Model name saleHeader","timestamp":"2026-07-14T07:10:56.515Z"}
{"level":"info","message":"Model name salePayment","timestamp":"2026-07-14T07:10:56.525Z"}
{"level":"info","message":"Model name saleLine","timestamp":"2026-07-14T07:10:56.529Z"}
{"level":"info","message":"Associating table SaleLine with models","timestamp":"2026-07-14T07:10:56.529Z"}
{"level":"info","message":"Model name quotationHeader","timestamp":"2026-07-14T07:10:56.532Z"}
{"level":"info","message":"Model name quotationLine","timestamp":"2026-07-14T07:10:56.532Z"}
{"level":"info","message":"Associating table QuotationLine with models","timestamp":"2026-07-14T07:10:56.532Z"}
{"level":"info","message":"Model name poHeader","timestamp":"2026-07-14T07:10:56.532Z"}
{"level":"info","message":"Model name poLine","timestamp":"2026-07-14T07:10:56.532Z"}
{"level":"info","message":"Model name poHeaderHIS","timestamp":"2026-07-14T07:10:56.532Z"}
{"level":"info","message":"Model name poLineHIS","timestamp":"2026-07-14T07:10:56.532Z"}
{"level":"info","message":"Model name receivingHeader","timestamp":"2026-07-14T07:10:56.532Z"}
{"level":"info","message":"Model name receivingLine","timestamp":"2026-07-14T07:10:56.533Z"}
{"level":"info","message":"Model name reservation","timestamp":"2026-07-14T07:10:56.533Z"}
{"level":"info","message":"Model name reservationLine","timestamp":"2026-07-14T07:10:56.533Z"}
{"level":"info","message":"Model name transferHeader","timestamp":"2026-07-14T07:10:56.533Z"}
{"level":"info","message":"Model name transferLine","timestamp":"2026-07-14T07:10:56.533Z"}
{"level":"info","message":"Model name menuHeader","timestamp":"2026-07-14T07:10:56.533Z"}
{"level":"info","message":"Model name menuLine","timestamp":"2026-07-14T07:10:56.533Z"}
{"level":"info","message":"Model name MenuHeaderLines","timestamp":"2026-07-14T07:10:56.533Z"}
{"level":"info","message":"Model name webMenuHeader","timestamp":"2026-07-14T07:10:56.533Z"}
{"level":"info","message":"Model name QRResponse","timestamp":"2026-07-14T07:10:56.533Z"}
{"level":"info","message":"Associating table QRResponse with models","timestamp":"2026-07-14T07:10:56.533Z"}
{"level":"info","message":"Model name PaymentCallback","timestamp":"2026-07-14T07:10:56.534Z"}
{"level":"info","message":"Associating table PaymentCallback with models","timestamp":"2026-07-14T07:10:56.534Z"}
{"level":"info","message":"Model name Color","timestamp":"2026-07-14T07:10:56.534Z"}
{"level":"info","message":"Associating table Color with models","timestamp":"2026-07-14T07:10:56.534Z"}
{"level":"info","message":"Model name Size","timestamp":"2026-07-14T07:10:56.535Z"}
{"level":"info","message":"Associating table Size with models","timestamp":"2026-07-14T07:10:56.535Z"}
{"level":"info","message":"Model name card","timestamp":"2026-07-14T07:10:56.536Z"}
{"level":"info","message":"Associating table Card with models","timestamp":"2026-07-14T07:10:56.536Z"}
{"level":"info","message":"Model name Transaction","timestamp":"2026-07-14T07:10:56.547Z"}
{"level":"info","message":"Model name glPostingBatch","timestamp":"2026-07-14T07:10:56.550Z"}
{"level":"info","message":"Model name gl","timestamp":"2026-07-14T07:10:56.550Z"}
{"level":"info","message":"Model name chartAccount","timestamp":"2026-07-14T07:10:56.550Z"}
{"level":"info","message":"Model name fixedAssetProduct","timestamp":"2026-07-14T07:10:56.550Z"}
{"level":"info","message":"Model name fixedAssetContract","timestamp":"2026-07-14T07:10:56.550Z"}
{"level":"info","message":"Model name fixedAssetDepreciation","timestamp":"2026-07-14T07:10:56.550Z"}
{"level":"info","message":"Model name apPaymentHeader","timestamp":"2026-07-14T07:10:56.550Z"}
{"level":"info","message":"Model name arReceiveHeader","timestamp":"2026-07-14T07:10:56.550Z"}
{"level":"info","message":"Model name payment","timestamp":"2026-07-14T07:10:56.550Z"}
{"level":"info","message":"Model name bank","timestamp":"2026-07-14T07:10:56.550Z"}
{"level":"info","message":"Model name bankAccount","timestamp":"2026-07-14T07:10:56.551Z"}
{"level":"info","message":"Associating table Bank with models","timestamp":"2026-07-14T07:10:56.551Z"}
{"level":"info","message":"Model name ministry","timestamp":"2026-07-14T07:10:56.554Z"}
{"level":"info","message":"Model name moneySettlement","timestamp":"2026-07-14T07:10:56.556Z"}
{"level":"info","message":"Model name moneyAdvanceAudit","timestamp":"2026-07-14T07:10:56.558Z"}
{"level":"info","message":"Associating table MoneyAdvanceAudit with models","timestamp":"2026-07-14T07:10:56.558Z"}
{"level":"info","message":"Model name moneyAdvance","timestamp":"2026-07-14T07:10:56.558Z"}
{"level":"info","message":"Associating table MoneyAdvance with models","timestamp":"2026-07-14T07:10:56.558Z"}
{"level":"info","message":"Model name AccountStatement","timestamp":"2026-07-14T07:10:56.561Z"}
{"level":"info","message":"Associating table AccountStatement with models","timestamp":"2026-07-14T07:10:56.562Z"}
{"level":"info","message":"Model name Project","timestamp":"2026-07-14T07:10:56.569Z"}
{"level":"info","message":"Model name ProjectBudget","timestamp":"2026-07-14T07:10:56.572Z"}
{"level":"info","message":"Model name ProjectContract","timestamp":"2026-07-14T07:10:56.572Z"}
{"level":"info","message":"Model name ProjectInvoice","timestamp":"2026-07-14T07:10:56.573Z"}
{"level":"info","message":"Model name WithdrawalApplication","timestamp":"2026-07-14T07:10:56.573Z"}
{"level":"info","message":"Model name revenue_target","timestamp":"2026-07-14T07:10:56.573Z"}
{"level":"info","message":"Model name apInvoice","timestamp":"2026-07-14T07:10:56.574Z"}
{"level":"info","message":"Associating table APInvoice with models","timestamp":"2026-07-14T07:10:56.574Z"}
{"level":"info","message":"Model name apInvoiceAudit","timestamp":"2026-07-14T07:10:56.577Z"}
{"level":"info","message":"Associating table APInvoiceAudit with models","timestamp":"2026-07-14T07:10:56.577Z"}
{"level":"info","message":"Model name invoiceLineItem","timestamp":"2026-07-14T07:10:56.577Z"}
{"level":"info","message":"Associating table InvoiceLineItem with models","timestamp":"2026-07-14T07:10:56.577Z"}
{"level":"info","message":"Model name apInvoiceSettlement","timestamp":"2026-07-14T07:10:56.578Z"}
{"level":"info","message":"Associating table APInvoiceSettlement with models","timestamp":"2026-07-14T07:10:56.578Z"}
{"level":"info","message":"Model name apSettlementAudit","timestamp":"2026-07-14T07:10:56.580Z"}
{"level":"info","message":"Associating table APSettlementAudit with models","timestamp":"2026-07-14T07:10:56.580Z"}
{"level":"info","message":"Model name apInvoiceSettlementLine","timestamp":"2026-07-14T07:10:56.580Z"}
{"level":"info","message":"Associating InvoiceSettlementLine with models","timestamp":"2026-07-14T07:10:56.581Z"}
{"level":"info","message":"Model name arInvoiceHeader","timestamp":"2026-07-14T07:10:56.582Z"}
{"level":"info","message":"Associating table ARInvoiceHeader with models","timestamp":"2026-07-14T07:10:56.582Z"}
{"level":"info","message":"Model name arInvoiceHeaderAudit","timestamp":"2026-07-14T07:10:56.585Z"}
{"level":"info","message":"Associating table ARInvoiceHeaderAudit with models","timestamp":"2026-07-14T07:10:56.585Z"}
{"level":"info","message":"Model name arInvoiceLine","timestamp":"2026-07-14T07:10:56.585Z"}
{"level":"info","message":"Associating table InvoiceLine with models","timestamp":"2026-07-14T07:10:56.585Z"}
{"level":"info","message":"Model name arReceiveHeaderV2","timestamp":"2026-07-14T07:10:56.587Z"}
{"level":"info","message":"Associating table ARReceiveHeader with models","timestamp":"2026-07-14T07:10:56.587Z"}
{"level":"info","message":"Model name arReceiveHeaderAudit","timestamp":"2026-07-14T07:10:56.589Z"}
{"level":"info","message":"Associating table ARReceiveHeaderAudit with models","timestamp":"2026-07-14T07:10:56.589Z"}
{"level":"info","message":"Model name arReceiveLine","timestamp":"2026-07-14T07:10:56.589Z"}
{"level":"info","message":"Associating table ReceiveLine with models","timestamp":"2026-07-14T07:10:56.589Z"}
{"level":"info","message":"Model name vendor","timestamp":"2026-07-14T07:10:56.590Z"}
{"level":"info","message":"Model name shipping","timestamp":"2026-07-14T07:10:56.590Z"}
{"level":"info","message":"Model name shipping_order","timestamp":"2026-07-14T07:10:56.591Z"}
{"level":"info","message":"Model name shipping_checkout_batch","timestamp":"2026-07-14T07:10:56.591Z"}
{"level":"info","message":"Model name service","timestamp":"2026-07-14T07:10:56.591Z"}
{"level":"info","message":"Model name authority","timestamp":"2026-07-14T07:10:56.591Z"}
{"level":"info","message":"Model name terminal","timestamp":"2026-07-14T07:10:56.591Z"}
{"level":"info","message":"Model name terminalAudit","timestamp":"2026-07-14T07:10:56.591Z"}
{"level":"info","message":"Associating table TerminalAudit with models","timestamp":"2026-07-14T07:10:56.591Z"}
{"level":"info","message":"Model name campaign","timestamp":"2026-07-14T07:10:56.591Z"}
{"level":"info","message":"Model name campaignEntry","timestamp":"2026-07-14T07:10:56.591Z"}
{"level":"info","message":"Model name rider","timestamp":"2026-07-14T07:10:56.591Z"}
{"level":"info","message":"Model name outlet","timestamp":"2026-07-14T07:10:56.592Z"}
{"level":"info","message":"Model name geography","timestamp":"2026-07-14T07:10:56.592Z"}
{"level":"info","message":"Model name country","timestamp":"2026-07-14T07:10:56.592Z"}
{"level":"info","message":"Model name village","timestamp":"2026-07-14T07:10:56.592Z"}
{"level":"info","message":"Model name district","timestamp":"2026-07-14T07:10:56.592Z"}
{"level":"info","message":"Model name accountDailyBalance","timestamp":"2026-07-14T07:10:56.593Z"}
{"level":"info","message":"Model name businessDate","timestamp":"2026-07-14T07:10:56.594Z"}
{"level":"info","message":"Model name tuturial","timestamp":"2026-07-14T07:10:56.594Z"}
{"level":"info","message":"Using callback URL for bankCode LVB: http://localhost:8030/api/qr/callback","timestamp":"2026-07-14T07:10:56.692Z"}
{"level":"info","message":"tutorial_db Connection established","timestamp":"2026-07-14T07:10:56.941Z"}
{"level":"info","message":"client_db Connection established","timestamp":"2026-07-14T07:10:56.972Z"}
{"level":"info","message":"Loaded secure configuration for bank: LVB","timestamp":"2026-07-14T07:10:56.988Z"}
{"level":"info","message":"QR Request record created: POS-TEST-1784013056684","timestamp":"2026-07-14T07:10:57.024Z"}
{"level":"info","message":"[LVB Provider] Logging in to LVB API as 055022_1...","timestamp":"2026-07-14T07:10:57.025Z"}
{"level":"info","message":"[LVB Provider] Login successful, token obtained","timestamp":"2026-07-14T07:11:02.738Z"}
{"level":"info","message":"QR generated successfully: POS-TEST-1784013056684 for bank LVB","timestamp":"2026-07-14T07:11:03.293Z"}
{"level":"info","message":"Hello, Winston!","timestamp":"2026-07-14T07:11:39.408Z"}
{"level":"warn","message":"This is a warning message.","timestamp":"2026-07-14T07:11:39.412Z"}
{"level":"error","message":"This is an error message.","timestamp":"2026-07-14T07:11:39.412Z"}
{"level":"info","message":"This is an information message.","timestamp":"2026-07-14T07:11:39.413Z"}
{"ip":"192.168.1.1","level":"info","message":"User logged in","timestamp":"2026-07-14T07:11:39.415Z","username":"johndoe"}
{"level":"info","message":"Model name sequelize","timestamp":"2026-07-14T07:11:39.746Z"}
{"level":"info","message":"Model name Sequelize","timestamp":"2026-07-14T07:11:39.748Z"}
{"level":"info","message":"Model name centralSequelize","timestamp":"2026-07-14T07:11:39.748Z"}
{"level":"info","message":"Model name spf","timestamp":"2026-07-14T07:11:39.748Z"}
{"level":"info","message":"Model name client","timestamp":"2026-07-14T07:11:39.749Z"}
{"level":"info","message":"Model name clientAudit","timestamp":"2026-07-14T07:11:39.753Z"}
{"level":"info","message":"Associating table ClientAudit with models","timestamp":"2026-07-14T07:11:39.755Z"}
{"level":"info","message":"Model name group","timestamp":"2026-07-14T07:11:39.759Z"}
{"level":"info","message":"Model name GroupMenuHeader","timestamp":"2026-07-14T07:11:39.761Z"}
{"level":"info","message":"Model name role","timestamp":"2026-07-14T07:11:39.762Z"}
{"level":"info","message":"Model name user","timestamp":"2026-07-14T07:11:39.767Z"}
{"level":"info","message":"Model name Agency","timestamp":"2026-07-14T07:11:39.769Z"}
{"level":"info","message":"Associating table Agency with models","timestamp":"2026-07-14T07:11:39.771Z"}
{"level":"info","message":"Model name Applicant","timestamp":"2026-07-14T07:11:39.774Z"}
{"level":"info","message":"Associating table Applicant with models","timestamp":"2026-07-14T07:11:39.777Z"}
{"level":"info","message":"Model name MOU","timestamp":"2026-07-14T07:11:39.798Z"}
{"level":"info","message":"Associating table Job with models","timestamp":"2026-07-14T07:11:39.805Z"}
{"level":"info","message":"Model name jobAdvertise","timestamp":"2026-07-14T07:11:39.816Z"}
{"level":"info","message":"Associating table JobAdvertise with models","timestamp":"2026-07-14T07:11:39.820Z"}
{"level":"info","message":"Model name JobBatch","timestamp":"2026-07-14T07:11:39.824Z"}
{"level":"info","message":"Associating table JobBatch with models","timestamp":"2026-07-14T07:11:39.826Z"}
{"level":"info","message":"Model name benefit","timestamp":"2026-07-14T07:11:39.834Z"}
{"level":"info","message":"Associating table Benefit with models","timestamp":"2026-07-14T07:11:39.834Z"}
{"level":"info","message":"Model name company","timestamp":"2026-07-14T07:11:39.837Z"}
{"level":"info","message":"Model name location","timestamp":"2026-07-14T07:11:39.840Z"}
{"level":"info","message":"Model name currency","timestamp":"2026-07-14T07:11:39.840Z"}
{"level":"info","message":"Model name currencyAudit","timestamp":"2026-07-14T07:11:39.841Z"}
{"level":"info","message":"Associating table CurrencyAudit with models","timestamp":"2026-07-14T07:11:39.841Z"}
{"level":"info","message":"Model name unit","timestamp":"2026-07-14T07:11:39.843Z"}
{"level":"info","message":"Model name printerModel","timestamp":"2026-07-14T07:11:39.852Z"}
{"level":"info","message":"Model name stockTransactionModel","timestamp":"2026-07-14T07:11:39.856Z"}
{"level":"info","message":"Model name mainCategory","timestamp":"2026-07-14T07:11:39.862Z"}
{"level":"info","message":"Model name category","timestamp":"2026-07-14T07:11:39.862Z"}
{"level":"info","message":"Associating table Color with models","timestamp":"2026-07-14T07:11:39.863Z"}
{"level":"info","message":"Model name student","timestamp":"2026-07-14T07:11:39.863Z"}
{"level":"info","message":"Associating table Student with models","timestamp":"2026-07-14T07:11:39.863Z"}
{"level":"info","message":"Model name nfcCard","timestamp":"2026-07-14T07:11:39.865Z"}
{"level":"info","message":"Associating table NfcCard with models","timestamp":"2026-07-14T07:11:39.865Z"}
{"level":"info","message":"Model name transactionEntry","timestamp":"2026-07-14T07:11:39.865Z"}
{"level":"info","message":"Associating table TransactionEntry","timestamp":"2026-07-14T07:11:39.866Z"}
{"level":"info","message":"Model name tax","timestamp":"2026-07-14T07:11:39.866Z"}
{"level":"info","message":"Model name product","timestamp":"2026-07-14T07:11:39.866Z"}
{"level":"info","message":"Model name productAudit","timestamp":"2026-07-14T07:11:39.895Z"}
{"level":"info","message":"Associating table ProductAudit with models","timestamp":"2026-07-14T07:11:39.899Z"}
{"level":"info","message":"Model name productTemp","timestamp":"2026-07-14T07:11:39.904Z"}
{"level":"info","message":"Model name productSize","timestamp":"2026-07-14T07:11:39.907Z"}
{"level":"info","message":"Model name image","timestamp":"2026-07-14T07:11:39.908Z"}
{"level":"info","message":"Associating table IMAGE with models","timestamp":"2026-07-14T07:11:39.908Z"}
{"level":"info","message":"Model name priceList","timestamp":"2026-07-14T07:11:39.908Z"}
{"level":"info","message":"Model name webProductGroup","timestamp":"2026-07-14T07:11:39.908Z"}
{"level":"info","message":"Model name customer","timestamp":"2026-07-14T07:11:39.908Z"}
{"level":"info","message":"Model name order","timestamp":"2026-07-14T07:11:39.908Z"}
{"level":"info","message":"Model name orderHIS","timestamp":"2026-07-14T07:11:39.908Z"}
{"level":"info","message":"Model name orderTable","timestamp":"2026-07-14T07:11:39.908Z"}
{"level":"info","message":"Model name recipe","timestamp":"2026-07-14T07:11:39.908Z"}
{"level":"info","message":"Model name table","timestamp":"2026-07-14T07:11:39.909Z"}
{"level":"info","message":"Model name ticket","timestamp":"2026-07-14T07:11:39.917Z"}
{"level":"info","message":"Model name promotion","timestamp":"2026-07-14T07:11:39.932Z"}
{"level":"info","message":"Model name ticketLine","timestamp":"2026-07-14T07:11:39.940Z"}
{"level":"info","message":"Model name MemberOffer","timestamp":"2026-07-14T07:11:39.948Z"}
{"level":"info","message":"Model name loyaltyTransaction","timestamp":"2026-07-14T07:11:39.952Z"}
{"level":"info","message":"Model name washjob","timestamp":"2026-07-14T07:11:39.957Z"}
{"level":"info","message":"Model name washjobHis","timestamp":"2026-07-14T07:11:39.957Z"}
{"level":"info","message":"Model name washjobline","timestamp":"2026-07-14T07:11:39.957Z"}
{"level":"info","message":"Model name QRRequest","timestamp":"2026-07-14T07:11:39.957Z"}
{"level":"info","message":"Associating table QRRequest with models","timestamp":"2026-07-14T07:11:39.957Z"}
{"level":"info","message":"Model name saleHeader","timestamp":"2026-07-14T07:11:39.959Z"}
{"level":"info","message":"Model name salePayment","timestamp":"2026-07-14T07:11:39.969Z"}
{"level":"info","message":"Model name saleLine","timestamp":"2026-07-14T07:11:39.973Z"}
{"level":"info","message":"Associating table SaleLine with models","timestamp":"2026-07-14T07:11:39.973Z"}
{"level":"info","message":"Model name quotationHeader","timestamp":"2026-07-14T07:11:39.976Z"}
{"level":"info","message":"Model name quotationLine","timestamp":"2026-07-14T07:11:39.976Z"}
{"level":"info","message":"Associating table QuotationLine with models","timestamp":"2026-07-14T07:11:39.976Z"}
{"level":"info","message":"Model name poHeader","timestamp":"2026-07-14T07:11:39.977Z"}
{"level":"info","message":"Model name poLine","timestamp":"2026-07-14T07:11:39.977Z"}
{"level":"info","message":"Model name poHeaderHIS","timestamp":"2026-07-14T07:11:39.977Z"}
{"level":"info","message":"Model name poLineHIS","timestamp":"2026-07-14T07:11:39.977Z"}
{"level":"info","message":"Model name receivingHeader","timestamp":"2026-07-14T07:11:39.977Z"}
{"level":"info","message":"Model name receivingLine","timestamp":"2026-07-14T07:11:39.977Z"}
{"level":"info","message":"Model name reservation","timestamp":"2026-07-14T07:11:39.977Z"}
{"level":"info","message":"Model name reservationLine","timestamp":"2026-07-14T07:11:39.977Z"}
{"level":"info","message":"Model name transferHeader","timestamp":"2026-07-14T07:11:39.977Z"}
{"level":"info","message":"Model name transferLine","timestamp":"2026-07-14T07:11:39.977Z"}
{"level":"info","message":"Model name menuHeader","timestamp":"2026-07-14T07:11:39.977Z"}
{"level":"info","message":"Model name menuLine","timestamp":"2026-07-14T07:11:39.977Z"}
{"level":"info","message":"Model name MenuHeaderLines","timestamp":"2026-07-14T07:11:39.977Z"}
{"level":"info","message":"Model name webMenuHeader","timestamp":"2026-07-14T07:11:39.977Z"}
{"level":"info","message":"Model name QRResponse","timestamp":"2026-07-14T07:11:39.977Z"}
{"level":"info","message":"Associating table QRResponse with models","timestamp":"2026-07-14T07:11:39.977Z"}
{"level":"info","message":"Model name PaymentCallback","timestamp":"2026-07-14T07:11:39.978Z"}
{"level":"info","message":"Associating table PaymentCallback with models","timestamp":"2026-07-14T07:11:39.978Z"}
{"level":"info","message":"Model name Color","timestamp":"2026-07-14T07:11:39.978Z"}
{"level":"info","message":"Associating table Color with models","timestamp":"2026-07-14T07:11:39.978Z"}
{"level":"info","message":"Model name Size","timestamp":"2026-07-14T07:11:39.979Z"}
{"level":"info","message":"Associating table Size with models","timestamp":"2026-07-14T07:11:39.979Z"}
{"level":"info","message":"Model name card","timestamp":"2026-07-14T07:11:39.980Z"}
{"level":"info","message":"Associating table Card with models","timestamp":"2026-07-14T07:11:39.980Z"}
{"level":"info","message":"Model name Transaction","timestamp":"2026-07-14T07:11:39.988Z"}
{"level":"info","message":"Model name glPostingBatch","timestamp":"2026-07-14T07:11:39.992Z"}
{"level":"info","message":"Model name gl","timestamp":"2026-07-14T07:11:39.992Z"}
{"level":"info","message":"Model name chartAccount","timestamp":"2026-07-14T07:11:39.993Z"}
{"level":"info","message":"Model name fixedAssetProduct","timestamp":"2026-07-14T07:11:39.993Z"}
{"level":"info","message":"Model name fixedAssetContract","timestamp":"2026-07-14T07:11:39.993Z"}
{"level":"info","message":"Model name fixedAssetDepreciation","timestamp":"2026-07-14T07:11:39.993Z"}
{"level":"info","message":"Model name apPaymentHeader","timestamp":"2026-07-14T07:11:39.993Z"}
{"level":"info","message":"Model name arReceiveHeader","timestamp":"2026-07-14T07:11:39.993Z"}
{"level":"info","message":"Model name payment","timestamp":"2026-07-14T07:11:39.993Z"}
{"level":"info","message":"Model name bank","timestamp":"2026-07-14T07:11:39.993Z"}
{"level":"info","message":"Model name bankAccount","timestamp":"2026-07-14T07:11:39.993Z"}
{"level":"info","message":"Associating table Bank with models","timestamp":"2026-07-14T07:11:39.993Z"}
{"level":"info","message":"Model name ministry","timestamp":"2026-07-14T07:11:39.998Z"}
{"level":"info","message":"Model name moneySettlement","timestamp":"2026-07-14T07:11:40.001Z"}
{"level":"info","message":"Model name moneyAdvanceAudit","timestamp":"2026-07-14T07:11:40.003Z"}
{"level":"info","message":"Associating table MoneyAdvanceAudit with models","timestamp":"2026-07-14T07:11:40.003Z"}
{"level":"info","message":"Model name moneyAdvance","timestamp":"2026-07-14T07:11:40.004Z"}
{"level":"info","message":"Associating table MoneyAdvance with models","timestamp":"2026-07-14T07:11:40.004Z"}
{"level":"info","message":"Model name AccountStatement","timestamp":"2026-07-14T07:11:40.008Z"}
{"level":"info","message":"Associating table AccountStatement with models","timestamp":"2026-07-14T07:11:40.012Z"}
{"level":"info","message":"Model name Project","timestamp":"2026-07-14T07:11:40.021Z"}
{"level":"info","message":"Model name ProjectBudget","timestamp":"2026-07-14T07:11:40.024Z"}
{"level":"info","message":"Model name ProjectContract","timestamp":"2026-07-14T07:11:40.024Z"}
{"level":"info","message":"Model name ProjectInvoice","timestamp":"2026-07-14T07:11:40.025Z"}
{"level":"info","message":"Model name WithdrawalApplication","timestamp":"2026-07-14T07:11:40.026Z"}
{"level":"info","message":"Model name revenue_target","timestamp":"2026-07-14T07:11:40.026Z"}
{"level":"info","message":"Model name apInvoice","timestamp":"2026-07-14T07:11:40.026Z"}
{"level":"info","message":"Associating table APInvoice with models","timestamp":"2026-07-14T07:11:40.027Z"}
{"level":"info","message":"Model name apInvoiceAudit","timestamp":"2026-07-14T07:11:40.029Z"}
{"level":"info","message":"Associating table APInvoiceAudit with models","timestamp":"2026-07-14T07:11:40.030Z"}
{"level":"info","message":"Model name invoiceLineItem","timestamp":"2026-07-14T07:11:40.030Z"}
{"level":"info","message":"Associating table InvoiceLineItem with models","timestamp":"2026-07-14T07:11:40.030Z"}
{"level":"info","message":"Model name apInvoiceSettlement","timestamp":"2026-07-14T07:11:40.031Z"}
{"level":"info","message":"Associating table APInvoiceSettlement with models","timestamp":"2026-07-14T07:11:40.031Z"}
{"level":"info","message":"Model name apSettlementAudit","timestamp":"2026-07-14T07:11:40.033Z"}
{"level":"info","message":"Associating table APSettlementAudit with models","timestamp":"2026-07-14T07:11:40.033Z"}
{"level":"info","message":"Model name apInvoiceSettlementLine","timestamp":"2026-07-14T07:11:40.033Z"}
{"level":"info","message":"Associating InvoiceSettlementLine with models","timestamp":"2026-07-14T07:11:40.033Z"}
{"level":"info","message":"Model name arInvoiceHeader","timestamp":"2026-07-14T07:11:40.035Z"}
{"level":"info","message":"Associating table ARInvoiceHeader with models","timestamp":"2026-07-14T07:11:40.035Z"}
{"level":"info","message":"Model name arInvoiceHeaderAudit","timestamp":"2026-07-14T07:11:40.038Z"}
{"level":"info","message":"Associating table ARInvoiceHeaderAudit with models","timestamp":"2026-07-14T07:11:40.038Z"}
{"level":"info","message":"Model name arInvoiceLine","timestamp":"2026-07-14T07:11:40.039Z"}
{"level":"info","message":"Associating table InvoiceLine with models","timestamp":"2026-07-14T07:11:40.039Z"}
{"level":"info","message":"Model name arReceiveHeaderV2","timestamp":"2026-07-14T07:11:40.041Z"}
{"level":"info","message":"Associating table ARReceiveHeader with models","timestamp":"2026-07-14T07:11:40.041Z"}
{"level":"info","message":"Model name arReceiveHeaderAudit","timestamp":"2026-07-14T07:11:40.045Z"}
{"level":"info","message":"Associating table ARReceiveHeaderAudit with models","timestamp":"2026-07-14T07:11:40.045Z"}
{"level":"info","message":"Model name arReceiveLine","timestamp":"2026-07-14T07:11:40.045Z"}
{"level":"info","message":"Associating table ReceiveLine with models","timestamp":"2026-07-14T07:11:40.046Z"}
{"level":"info","message":"Model name vendor","timestamp":"2026-07-14T07:11:40.047Z"}
{"level":"info","message":"Model name shipping","timestamp":"2026-07-14T07:11:40.047Z"}
{"level":"info","message":"Model name shipping_order","timestamp":"2026-07-14T07:11:40.047Z"}
{"level":"info","message":"Model name shipping_checkout_batch","timestamp":"2026-07-14T07:11:40.047Z"}
{"level":"info","message":"Model name service","timestamp":"2026-07-14T07:11:40.048Z"}
{"level":"info","message":"Model name authority","timestamp":"2026-07-14T07:11:40.048Z"}
{"level":"info","message":"Model name terminal","timestamp":"2026-07-14T07:11:40.048Z"}
{"level":"info","message":"Model name terminalAudit","timestamp":"2026-07-14T07:11:40.048Z"}
{"level":"info","message":"Associating table TerminalAudit with models","timestamp":"2026-07-14T07:11:40.049Z"}
{"level":"info","message":"Model name campaign","timestamp":"2026-07-14T07:11:40.049Z"}
{"level":"info","message":"Model name campaignEntry","timestamp":"2026-07-14T07:11:40.049Z"}
{"level":"info","message":"Model name rider","timestamp":"2026-07-14T07:11:40.049Z"}
{"level":"info","message":"Model name outlet","timestamp":"2026-07-14T07:11:40.049Z"}
{"level":"info","message":"Model name geography","timestamp":"2026-07-14T07:11:40.049Z"}
{"level":"info","message":"Model name country","timestamp":"2026-07-14T07:11:40.049Z"}
{"level":"info","message":"Model name village","timestamp":"2026-07-14T07:11:40.049Z"}
{"level":"info","message":"Model name district","timestamp":"2026-07-14T07:11:40.051Z"}
{"level":"info","message":"Model name accountDailyBalance","timestamp":"2026-07-14T07:11:40.056Z"}
{"level":"info","message":"Model name businessDate","timestamp":"2026-07-14T07:11:40.058Z"}
{"level":"info","message":"Model name tuturial","timestamp":"2026-07-14T07:11:40.058Z"}
{"level":"info","message":"client_db Connection established","timestamp":"2026-07-14T07:11:40.407Z"}
{"level":"info","message":"tutorial_db Connection established","timestamp":"2026-07-14T07:11:40.435Z"}
{"level":"info","message":"Hello, Winston!","timestamp":"2026-07-19T05:33:16.957Z"}
{"level":"warn","message":"This is a warning message.","timestamp":"2026-07-19T05:33:16.961Z"}
{"level":"error","message":"This is an error message.","timestamp":"2026-07-19T05:33:16.962Z"}
{"level":"info","message":"This is an information message.","timestamp":"2026-07-19T05:33:16.963Z"}
{"ip":"192.168.1.1","level":"info","message":"User logged in","timestamp":"2026-07-19T05:33:16.966Z","username":"johndoe"}
{"level":"info","message":"Model name sequelize","timestamp":"2026-07-19T05:33:17.321Z"}
{"level":"info","message":"Model name Sequelize","timestamp":"2026-07-19T05:33:17.322Z"}
{"level":"info","message":"Model name centralSequelize","timestamp":"2026-07-19T05:33:17.322Z"}
{"level":"info","message":"Model name spf","timestamp":"2026-07-19T05:33:17.323Z"}
{"level":"info","message":"Model name client","timestamp":"2026-07-19T05:33:17.324Z"}
{"level":"info","message":"Model name clientAudit","timestamp":"2026-07-19T05:33:17.328Z"}
{"level":"info","message":"Associating table ClientAudit with models","timestamp":"2026-07-19T05:33:17.329Z"}
{"level":"info","message":"Model name group","timestamp":"2026-07-19T05:33:17.334Z"}
{"level":"info","message":"Model name GroupMenuHeader","timestamp":"2026-07-19T05:33:17.336Z"}
{"level":"info","message":"Model name role","timestamp":"2026-07-19T05:33:17.337Z"}
{"level":"info","message":"Model name user","timestamp":"2026-07-19T05:33:17.342Z"}
{"level":"info","message":"Model name Agency","timestamp":"2026-07-19T05:33:17.345Z"}
{"level":"info","message":"Associating table Agency with models","timestamp":"2026-07-19T05:33:17.347Z"}
{"level":"info","message":"Model name Applicant","timestamp":"2026-07-19T05:33:17.350Z"}
{"level":"info","message":"Associating table Applicant with models","timestamp":"2026-07-19T05:33:17.353Z"}
{"level":"info","message":"Model name MOU","timestamp":"2026-07-19T05:33:17.375Z"}
{"level":"info","message":"Associating table Job with models","timestamp":"2026-07-19T05:33:17.380Z"}
{"level":"info","message":"Model name jobAdvertise","timestamp":"2026-07-19T05:33:17.394Z"}
{"level":"info","message":"Associating table JobAdvertise with models","timestamp":"2026-07-19T05:33:17.397Z"}
{"level":"info","message":"Model name JobBatch","timestamp":"2026-07-19T05:33:17.398Z"}
{"level":"info","message":"Associating table JobBatch with models","timestamp":"2026-07-19T05:33:17.400Z"}
{"level":"info","message":"Model name benefit","timestamp":"2026-07-19T05:33:17.408Z"}
{"level":"info","message":"Associating table Benefit with models","timestamp":"2026-07-19T05:33:17.408Z"}
{"level":"info","message":"Model name company","timestamp":"2026-07-19T05:33:17.412Z"}
{"level":"info","message":"Model name location","timestamp":"2026-07-19T05:33:17.416Z"}
{"level":"info","message":"Model name currency","timestamp":"2026-07-19T05:33:17.416Z"}
{"level":"info","message":"Model name currencyAudit","timestamp":"2026-07-19T05:33:17.417Z"}
{"level":"info","message":"Associating table CurrencyAudit with models","timestamp":"2026-07-19T05:33:17.418Z"}
{"level":"info","message":"Model name unit","timestamp":"2026-07-19T05:33:17.419Z"}
{"level":"info","message":"Model name printerModel","timestamp":"2026-07-19T05:33:17.437Z"}
{"level":"info","message":"Model name stockTransactionModel","timestamp":"2026-07-19T05:33:17.442Z"}
{"level":"info","message":"Model name mainCategory","timestamp":"2026-07-19T05:33:17.451Z"}
{"level":"info","message":"Model name category","timestamp":"2026-07-19T05:33:17.452Z"}
{"level":"info","message":"Associating table Color with models","timestamp":"2026-07-19T05:33:17.452Z"}
{"level":"info","message":"Model name student","timestamp":"2026-07-19T05:33:17.452Z"}
{"level":"info","message":"Associating table Student with models","timestamp":"2026-07-19T05:33:17.452Z"}
{"level":"info","message":"Model name nfcCard","timestamp":"2026-07-19T05:33:17.455Z"}
{"level":"info","message":"Associating table NfcCard with models","timestamp":"2026-07-19T05:33:17.455Z"}
{"level":"info","message":"Model name transactionEntry","timestamp":"2026-07-19T05:33:17.455Z"}
{"level":"info","message":"Associating table TransactionEntry","timestamp":"2026-07-19T05:33:17.456Z"}
{"level":"info","message":"Model name tax","timestamp":"2026-07-19T05:33:17.457Z"}
{"level":"info","message":"Model name product","timestamp":"2026-07-19T05:33:17.457Z"}
{"level":"info","message":"Model name productAudit","timestamp":"2026-07-19T05:33:17.493Z"}
{"level":"info","message":"Associating table ProductAudit with models","timestamp":"2026-07-19T05:33:17.497Z"}
{"level":"info","message":"Model name productTemp","timestamp":"2026-07-19T05:33:17.498Z"}
{"level":"info","message":"Model name productSize","timestamp":"2026-07-19T05:33:17.499Z"}
{"level":"info","message":"Model name image","timestamp":"2026-07-19T05:33:17.499Z"}
{"level":"info","message":"Associating table IMAGE with models","timestamp":"2026-07-19T05:33:17.499Z"}
{"level":"info","message":"Model name priceList","timestamp":"2026-07-19T05:33:17.499Z"}
{"level":"info","message":"Model name webProductGroup","timestamp":"2026-07-19T05:33:17.499Z"}
{"level":"info","message":"Model name customer","timestamp":"2026-07-19T05:33:17.499Z"}
{"level":"info","message":"Model name order","timestamp":"2026-07-19T05:33:17.500Z"}
{"level":"info","message":"Model name orderHIS","timestamp":"2026-07-19T05:33:17.500Z"}
{"level":"info","message":"Model name orderTable","timestamp":"2026-07-19T05:33:17.500Z"}
{"level":"info","message":"Model name recipe","timestamp":"2026-07-19T05:33:17.500Z"}
{"level":"info","message":"Model name table","timestamp":"2026-07-19T05:33:17.501Z"}
{"level":"info","message":"Model name ticket","timestamp":"2026-07-19T05:33:17.509Z"}
{"level":"info","message":"Model name promotion","timestamp":"2026-07-19T05:33:17.514Z"}
{"level":"info","message":"Model name ticketLine","timestamp":"2026-07-19T05:33:17.515Z"}
{"level":"info","message":"Model name MemberOffer","timestamp":"2026-07-19T05:33:17.523Z"}
{"level":"info","message":"Model name loyaltyTransaction","timestamp":"2026-07-19T05:33:17.530Z"}
{"level":"info","message":"Model name washjob","timestamp":"2026-07-19T05:33:17.532Z"}
{"level":"info","message":"Model name washjobHis","timestamp":"2026-07-19T05:33:17.532Z"}
{"level":"info","message":"Model name washjobline","timestamp":"2026-07-19T05:33:17.532Z"}
{"level":"info","message":"Model name QRRequest","timestamp":"2026-07-19T05:33:17.532Z"}
{"level":"info","message":"Associating table QRRequest with models","timestamp":"2026-07-19T05:33:17.533Z"}
{"level":"info","message":"Model name saleHeader","timestamp":"2026-07-19T05:33:17.537Z"}
{"level":"info","message":"Model name salePayment","timestamp":"2026-07-19T05:33:17.551Z"}
{"level":"info","message":"Model name saleLine","timestamp":"2026-07-19T05:33:17.556Z"}
{"level":"info","message":"Associating table SaleLine with models","timestamp":"2026-07-19T05:33:17.556Z"}
{"level":"info","message":"Model name quotationHeader","timestamp":"2026-07-19T05:33:17.559Z"}
{"level":"info","message":"Model name quotationLine","timestamp":"2026-07-19T05:33:17.559Z"}
{"level":"info","message":"Associating table QuotationLine with models","timestamp":"2026-07-19T05:33:17.559Z"}
{"level":"info","message":"Model name poHeader","timestamp":"2026-07-19T05:33:17.560Z"}
{"level":"info","message":"Model name poLine","timestamp":"2026-07-19T05:33:17.560Z"}
{"level":"info","message":"Model name poHeaderHIS","timestamp":"2026-07-19T05:33:17.560Z"}
{"level":"info","message":"Model name poLineHIS","timestamp":"2026-07-19T05:33:17.560Z"}
{"level":"info","message":"Model name receivingHeader","timestamp":"2026-07-19T05:33:17.560Z"}
{"level":"info","message":"Model name receivingLine","timestamp":"2026-07-19T05:33:17.560Z"}
{"level":"info","message":"Model name reservation","timestamp":"2026-07-19T05:33:17.560Z"}
{"level":"info","message":"Model name reservationLine","timestamp":"2026-07-19T05:33:17.560Z"}
{"level":"info","message":"Model name transferHeader","timestamp":"2026-07-19T05:33:17.560Z"}
{"level":"info","message":"Model name transferLine","timestamp":"2026-07-19T05:33:17.560Z"}
{"level":"info","message":"Model name menuHeader","timestamp":"2026-07-19T05:33:17.560Z"}
{"level":"info","message":"Model name menuLine","timestamp":"2026-07-19T05:33:17.560Z"}
{"level":"info","message":"Model name MenuHeaderLines","timestamp":"2026-07-19T05:33:17.560Z"}
{"level":"info","message":"Model name webMenuHeader","timestamp":"2026-07-19T05:33:17.560Z"}
{"level":"info","message":"Model name QRResponse","timestamp":"2026-07-19T05:33:17.560Z"}
{"level":"info","message":"Associating table QRResponse with models","timestamp":"2026-07-19T05:33:17.560Z"}
{"level":"info","message":"Model name PaymentCallback","timestamp":"2026-07-19T05:33:17.561Z"}
{"level":"info","message":"Associating table PaymentCallback with models","timestamp":"2026-07-19T05:33:17.561Z"}
{"level":"info","message":"Model name Color","timestamp":"2026-07-19T05:33:17.561Z"}
{"level":"info","message":"Associating table Color with models","timestamp":"2026-07-19T05:33:17.561Z"}
{"level":"info","message":"Model name Size","timestamp":"2026-07-19T05:33:17.562Z"}
{"level":"info","message":"Associating table Size with models","timestamp":"2026-07-19T05:33:17.562Z"}
{"level":"info","message":"Model name card","timestamp":"2026-07-19T05:33:17.563Z"}
{"level":"info","message":"Associating table Card with models","timestamp":"2026-07-19T05:33:17.563Z"}
{"level":"info","message":"Model name Transaction","timestamp":"2026-07-19T05:33:17.577Z"}
{"level":"info","message":"Model name glPostingBatch","timestamp":"2026-07-19T05:33:17.581Z"}
{"level":"info","message":"Model name gl","timestamp":"2026-07-19T05:33:17.581Z"}
{"level":"info","message":"Model name chartAccount","timestamp":"2026-07-19T05:33:17.581Z"}
{"level":"info","message":"Model name fixedAssetProduct","timestamp":"2026-07-19T05:33:17.581Z"}
{"level":"info","message":"Model name fixedAssetContract","timestamp":"2026-07-19T05:33:17.581Z"}
{"level":"info","message":"Model name fixedAssetDepreciation","timestamp":"2026-07-19T05:33:17.581Z"}
{"level":"info","message":"Model name apPaymentHeader","timestamp":"2026-07-19T05:33:17.581Z"}
{"level":"info","message":"Model name arReceiveHeader","timestamp":"2026-07-19T05:33:17.581Z"}
{"level":"info","message":"Model name payment","timestamp":"2026-07-19T05:33:17.581Z"}
{"level":"info","message":"Model name bank","timestamp":"2026-07-19T05:33:17.581Z"}
{"level":"info","message":"Model name bankAccount","timestamp":"2026-07-19T05:33:17.581Z"}
{"level":"info","message":"Associating table Bank with models","timestamp":"2026-07-19T05:33:17.581Z"}
{"level":"info","message":"Model name ministry","timestamp":"2026-07-19T05:33:17.585Z"}
{"level":"info","message":"Model name moneySettlement","timestamp":"2026-07-19T05:33:17.588Z"}
{"level":"info","message":"Model name moneyAdvanceAudit","timestamp":"2026-07-19T05:33:17.589Z"}
{"level":"info","message":"Associating table MoneyAdvanceAudit with models","timestamp":"2026-07-19T05:33:17.589Z"}
{"level":"info","message":"Model name moneyAdvance","timestamp":"2026-07-19T05:33:17.590Z"}
{"level":"info","message":"Associating table MoneyAdvance with models","timestamp":"2026-07-19T05:33:17.590Z"}
{"level":"info","message":"Model name AccountStatement","timestamp":"2026-07-19T05:33:17.592Z"}
{"level":"info","message":"Associating table AccountStatement with models","timestamp":"2026-07-19T05:33:17.597Z"}
{"level":"info","message":"Model name Project","timestamp":"2026-07-19T05:33:17.607Z"}
{"level":"info","message":"Model name ProjectBudget","timestamp":"2026-07-19T05:33:17.610Z"}
{"level":"info","message":"Model name ProjectContract","timestamp":"2026-07-19T05:33:17.611Z"}
{"level":"info","message":"Model name ProjectInvoice","timestamp":"2026-07-19T05:33:17.611Z"}
{"level":"info","message":"Model name WithdrawalApplication","timestamp":"2026-07-19T05:33:17.612Z"}
{"level":"info","message":"Model name revenue_target","timestamp":"2026-07-19T05:33:17.613Z"}
{"level":"info","message":"Model name apInvoice","timestamp":"2026-07-19T05:33:17.615Z"}
{"level":"info","message":"Associating table APInvoice with models","timestamp":"2026-07-19T05:33:17.615Z"}
{"level":"info","message":"Model name apInvoiceAudit","timestamp":"2026-07-19T05:33:17.618Z"}
{"level":"info","message":"Associating table APInvoiceAudit with models","timestamp":"2026-07-19T05:33:17.618Z"}
{"level":"info","message":"Model name invoiceLineItem","timestamp":"2026-07-19T05:33:17.618Z"}
{"level":"info","message":"Associating table InvoiceLineItem with models","timestamp":"2026-07-19T05:33:17.618Z"}
{"level":"info","message":"Model name apInvoiceSettlement","timestamp":"2026-07-19T05:33:17.620Z"}
{"level":"info","message":"Associating table APInvoiceSettlement with models","timestamp":"2026-07-19T05:33:17.620Z"}
{"level":"info","message":"Model name apSettlementAudit","timestamp":"2026-07-19T05:33:17.622Z"}
{"level":"info","message":"Associating table APSettlementAudit with models","timestamp":"2026-07-19T05:33:17.622Z"}
{"level":"info","message":"Model name apInvoiceSettlementLine","timestamp":"2026-07-19T05:33:17.622Z"}
{"level":"info","message":"Associating InvoiceSettlementLine with models","timestamp":"2026-07-19T05:33:17.623Z"}
{"level":"info","message":"Model name arInvoiceHeader","timestamp":"2026-07-19T05:33:17.624Z"}
{"level":"info","message":"Associating table ARInvoiceHeader with models","timestamp":"2026-07-19T05:33:17.624Z"}
{"level":"info","message":"Model name arInvoiceHeaderAudit","timestamp":"2026-07-19T05:33:17.627Z"}
{"level":"info","message":"Associating table ARInvoiceHeaderAudit with models","timestamp":"2026-07-19T05:33:17.627Z"}
{"level":"info","message":"Model name arInvoiceLine","timestamp":"2026-07-19T05:33:17.628Z"}
{"level":"info","message":"Associating table InvoiceLine with models","timestamp":"2026-07-19T05:33:17.628Z"}
{"level":"info","message":"Model name arReceiveHeaderV2","timestamp":"2026-07-19T05:33:17.629Z"}
{"level":"info","message":"Associating table ARReceiveHeader with models","timestamp":"2026-07-19T05:33:17.629Z"}
{"level":"info","message":"Model name arReceiveHeaderAudit","timestamp":"2026-07-19T05:33:17.632Z"}
{"level":"info","message":"Associating table ARReceiveHeaderAudit with models","timestamp":"2026-07-19T05:33:17.632Z"}
{"level":"info","message":"Model name arReceiveLine","timestamp":"2026-07-19T05:33:17.632Z"}
{"level":"info","message":"Associating table ReceiveLine with models","timestamp":"2026-07-19T05:33:17.632Z"}
{"level":"info","message":"Model name vendor","timestamp":"2026-07-19T05:33:17.633Z"}
{"level":"info","message":"Model name shipping","timestamp":"2026-07-19T05:33:17.634Z"}
{"level":"info","message":"Model name shipping_order","timestamp":"2026-07-19T05:33:17.634Z"}
{"level":"info","message":"Model name shipping_checkout_batch","timestamp":"2026-07-19T05:33:17.634Z"}
{"level":"info","message":"Model name service","timestamp":"2026-07-19T05:33:17.634Z"}
{"level":"info","message":"Model name authority","timestamp":"2026-07-19T05:33:17.634Z"}
{"level":"info","message":"Model name terminal","timestamp":"2026-07-19T05:33:17.634Z"}
{"level":"info","message":"Model name terminalAudit","timestamp":"2026-07-19T05:33:17.634Z"}
{"level":"info","message":"Associating table TerminalAudit with models","timestamp":"2026-07-19T05:33:17.634Z"}
{"level":"info","message":"Model name campaign","timestamp":"2026-07-19T05:33:17.635Z"}
{"level":"info","message":"Model name campaignEntry","timestamp":"2026-07-19T05:33:17.635Z"}
{"level":"info","message":"Model name rider","timestamp":"2026-07-19T05:33:17.635Z"}
{"level":"info","message":"Model name outlet","timestamp":"2026-07-19T05:33:17.635Z"}
{"level":"info","message":"Model name geography","timestamp":"2026-07-19T05:33:17.635Z"}
{"level":"info","message":"Model name country","timestamp":"2026-07-19T05:33:17.635Z"}
{"level":"info","message":"Model name village","timestamp":"2026-07-19T05:33:17.635Z"}
{"level":"info","message":"Model name district","timestamp":"2026-07-19T05:33:17.636Z"}
{"level":"info","message":"Model name accountDailyBalance","timestamp":"2026-07-19T05:33:17.636Z"}
{"level":"info","message":"Model name businessDate","timestamp":"2026-07-19T05:33:17.637Z"}
{"level":"info","message":"Model name tuturial","timestamp":"2026-07-19T05:33:17.637Z"}
{"level":"error","message":"tutorial_db Connection error: Error: pool is draining and cannot accept work","timestamp":"2026-07-19T05:33:17.772Z"}
{"level":"error","message":"client_db Connection error: Error: pool is draining and cannot accept work","timestamp":"2026-07-19T05:33:17.779Z"}
{"level":"error","message":"Error synchronizing database: pool is draining and cannot accept work","stack":"Error: pool is draining and cannot accept work\n    at Pool.acquire (/Users/soubinkittiphanh/Desktop/Pro/dcommerce/dc_api/node_modules/sequelize-pool/lib/Pool.js:189:35)\n    at ConnectionManager.getConnection (/Users/soubinkittiphanh/Desktop/Pro/dcommerce/dc_api/node_modules/sequelize/lib/dialects/abstract/connection-manager.js:202:32)\n    at processTicksAndRejections (node:internal/process/task_queues:96:5)\n    at async /Users/soubinkittiphanh/Desktop/Pro/dcommerce/dc_api/node_modules/sequelize/lib/sequelize.js:305:26\n    at async synchronizeDatabase (/Users/soubinkittiphanh/Desktop/Pro/dcommerce/dc_api/src/models/index.js:584:5)","timestamp":"2026-07-19T05:33:17.782Z"}
{"level":"error","message":"Error synchronizing central database: ConnectionManager.getConnection was called after the connection manager was closed!","stack":"Error: ConnectionManager.getConnection was called after the connection manager was closed!\n    at ConnectionManager.getConnection (/Users/soubinkittiphanh/Desktop/Pro/dcommerce/dc_api/node_modules/sequelize/lib/dialects/abstract/connection-manager.js:70:13)\n    at /Users/soubinkittiphanh/Desktop/Pro/dcommerce/dc_api/node_modules/sequelize/lib/sequelize.js:305:111\n    at /Users/soubinkittiphanh/Desktop/Pro/dcommerce/dc_api/node_modules/retry-as-promised/dist/index.js:59:25\n    at new Promise (<anonymous>)\n    at retryAsPromised (/Users/soubinkittiphanh/Desktop/Pro/dcommerce/dc_api/node_modules/retry-as-promised/dist/index.js:48:12)\n    at Sequelize.query (/Users/soubinkittiphanh/Desktop/Pro/dcommerce/dc_api/node_modules/sequelize/lib/sequelize.js:300:12)\n    at synchronizeDatabase (/Users/soubinkittiphanh/Desktop/Pro/dcommerce/dc_api/src/models/index.js:601:31)\n    at processTicksAndRejections (node:internal/process/task_queues:96:5)","timestamp":"2026-07-19T05:33:17.783Z"}
{"level":"info","message":"Hello, Winston!","timestamp":"2026-07-19T05:33:34.899Z"}
{"level":"warn","message":"This is a warning message.","timestamp":"2026-07-19T05:33:34.903Z"}
{"level":"error","message":"This is an error message.","timestamp":"2026-07-19T05:33:34.903Z"}
{"level":"info","message":"This is an information message.","timestamp":"2026-07-19T05:33:34.904Z"}
{"ip":"192.168.1.1","level":"info","message":"User logged in","timestamp":"2026-07-19T05:33:34.906Z","username":"johndoe"}
{"level":"info","message":"Model name sequelize","timestamp":"2026-07-19T05:33:35.223Z"}
{"level":"info","message":"Model name Sequelize","timestamp":"2026-07-19T05:33:35.224Z"}
{"level":"info","message":"Model name centralSequelize","timestamp":"2026-07-19T05:33:35.224Z"}
{"level":"info","message":"Model name spf","timestamp":"2026-07-19T05:33:35.225Z"}
{"level":"info","message":"Model name client","timestamp":"2026-07-19T05:33:35.226Z"}
{"level":"info","message":"Model name clientAudit","timestamp":"2026-07-19T05:33:35.231Z"}
{"level":"info","message":"Associating table ClientAudit with models","timestamp":"2026-07-19T05:33:35.232Z"}
{"level":"info","message":"Model name group","timestamp":"2026-07-19T05:33:35.237Z"}
{"level":"info","message":"Model name GroupMenuHeader","timestamp":"2026-07-19T05:33:35.239Z"}
{"level":"info","message":"Model name role","timestamp":"2026-07-19T05:33:35.239Z"}
{"level":"info","message":"Model name user","timestamp":"2026-07-19T05:33:35.245Z"}
{"level":"info","message":"Model name Agency","timestamp":"2026-07-19T05:33:35.248Z"}
{"level":"info","message":"Associating table Agency with models","timestamp":"2026-07-19T05:33:35.250Z"}
{"level":"info","message":"Model name Applicant","timestamp":"2026-07-19T05:33:35.253Z"}
{"level":"info","message":"Associating table Applicant with models","timestamp":"2026-07-19T05:33:35.256Z"}
{"level":"info","message":"Model name MOU","timestamp":"2026-07-19T05:33:35.276Z"}
{"level":"info","message":"Associating table Job with models","timestamp":"2026-07-19T05:33:35.281Z"}
{"level":"info","message":"Model name jobAdvertise","timestamp":"2026-07-19T05:33:35.296Z"}
{"level":"info","message":"Associating table JobAdvertise with models","timestamp":"2026-07-19T05:33:35.300Z"}
{"level":"info","message":"Model name JobBatch","timestamp":"2026-07-19T05:33:35.301Z"}
{"level":"info","message":"Associating table JobBatch with models","timestamp":"2026-07-19T05:33:35.303Z"}
{"level":"info","message":"Model name benefit","timestamp":"2026-07-19T05:33:35.311Z"}
{"level":"info","message":"Associating table Benefit with models","timestamp":"2026-07-19T05:33:35.312Z"}
{"level":"info","message":"Model name company","timestamp":"2026-07-19T05:33:35.316Z"}
{"level":"info","message":"Model name location","timestamp":"2026-07-19T05:33:35.319Z"}
{"level":"info","message":"Model name currency","timestamp":"2026-07-19T05:33:35.319Z"}
{"level":"info","message":"Model name currencyAudit","timestamp":"2026-07-19T05:33:35.320Z"}
{"level":"info","message":"Associating table CurrencyAudit with models","timestamp":"2026-07-19T05:33:35.321Z"}
{"level":"info","message":"Model name unit","timestamp":"2026-07-19T05:33:35.322Z"}
{"level":"info","message":"Model name printerModel","timestamp":"2026-07-19T05:33:35.338Z"}
{"level":"info","message":"Model name stockTransactionModel","timestamp":"2026-07-19T05:33:35.343Z"}
{"level":"info","message":"Model name mainCategory","timestamp":"2026-07-19T05:33:35.350Z"}
{"level":"info","message":"Model name category","timestamp":"2026-07-19T05:33:35.353Z"}
{"level":"info","message":"Associating table Color with models","timestamp":"2026-07-19T05:33:35.353Z"}
{"level":"info","message":"Model name student","timestamp":"2026-07-19T05:33:35.354Z"}
{"level":"info","message":"Associating table Student with models","timestamp":"2026-07-19T05:33:35.354Z"}
{"level":"info","message":"Model name nfcCard","timestamp":"2026-07-19T05:33:35.356Z"}
{"level":"info","message":"Associating table NfcCard with models","timestamp":"2026-07-19T05:33:35.356Z"}
{"level":"info","message":"Model name transactionEntry","timestamp":"2026-07-19T05:33:35.357Z"}
{"level":"info","message":"Associating table TransactionEntry","timestamp":"2026-07-19T05:33:35.357Z"}
{"level":"info","message":"Model name tax","timestamp":"2026-07-19T05:33:35.358Z"}
{"level":"info","message":"Model name product","timestamp":"2026-07-19T05:33:35.359Z"}
{"level":"info","message":"Model name productAudit","timestamp":"2026-07-19T05:33:35.389Z"}
{"level":"info","message":"Associating table ProductAudit with models","timestamp":"2026-07-19T05:33:35.393Z"}
{"level":"info","message":"Model name productTemp","timestamp":"2026-07-19T05:33:35.395Z"}
{"level":"info","message":"Model name productSize","timestamp":"2026-07-19T05:33:35.395Z"}
{"level":"info","message":"Model name image","timestamp":"2026-07-19T05:33:35.395Z"}
{"level":"info","message":"Associating table IMAGE with models","timestamp":"2026-07-19T05:33:35.395Z"}
{"level":"info","message":"Model name priceList","timestamp":"2026-07-19T05:33:35.395Z"}
{"level":"info","message":"Model name webProductGroup","timestamp":"2026-07-19T05:33:35.395Z"}
{"level":"info","message":"Model name customer","timestamp":"2026-07-19T05:33:35.396Z"}
{"level":"info","message":"Model name order","timestamp":"2026-07-19T05:33:35.396Z"}
{"level":"info","message":"Model name orderHIS","timestamp":"2026-07-19T05:33:35.396Z"}
{"level":"info","message":"Model name orderTable","timestamp":"2026-07-19T05:33:35.396Z"}
{"level":"info","message":"Model name recipe","timestamp":"2026-07-19T05:33:35.396Z"}
{"level":"info","message":"Model name table","timestamp":"2026-07-19T05:33:35.397Z"}
{"level":"info","message":"Model name ticket","timestamp":"2026-07-19T05:33:35.405Z"}
{"level":"info","message":"Model name promotion","timestamp":"2026-07-19T05:33:35.418Z"}
{"level":"info","message":"Model name ticketLine","timestamp":"2026-07-19T05:33:35.419Z"}
{"level":"info","message":"Model name MemberOffer","timestamp":"2026-07-19T05:33:35.426Z"}
{"level":"info","message":"Model name loyaltyTransaction","timestamp":"2026-07-19T05:33:35.430Z"}
{"level":"info","message":"Model name washjob","timestamp":"2026-07-19T05:33:35.430Z"}
{"level":"info","message":"Model name washjobHis","timestamp":"2026-07-19T05:33:35.431Z"}
{"level":"info","message":"Model name washjobline","timestamp":"2026-07-19T05:33:35.431Z"}
{"level":"info","message":"Model name QRRequest","timestamp":"2026-07-19T05:33:35.431Z"}
{"level":"info","message":"Associating table QRRequest with models","timestamp":"2026-07-19T05:33:35.431Z"}
{"level":"info","message":"Model name saleHeader","timestamp":"2026-07-19T05:33:35.433Z"}
{"level":"info","message":"Model name salePayment","timestamp":"2026-07-19T05:33:35.443Z"}
{"level":"info","message":"Model name saleLine","timestamp":"2026-07-19T05:33:35.449Z"}
{"level":"info","message":"Associating table SaleLine with models","timestamp":"2026-07-19T05:33:35.450Z"}
{"level":"info","message":"Model name quotationHeader","timestamp":"2026-07-19T05:33:35.453Z"}
{"level":"info","message":"Model name quotationLine","timestamp":"2026-07-19T05:33:35.453Z"}
{"level":"info","message":"Associating table QuotationLine with models","timestamp":"2026-07-19T05:33:35.453Z"}
{"level":"info","message":"Model name poHeader","timestamp":"2026-07-19T05:33:35.453Z"}
{"level":"info","message":"Model name poLine","timestamp":"2026-07-19T05:33:35.453Z"}
{"level":"info","message":"Model name poHeaderHIS","timestamp":"2026-07-19T05:33:35.453Z"}
{"level":"info","message":"Model name poLineHIS","timestamp":"2026-07-19T05:33:35.453Z"}
{"level":"info","message":"Model name receivingHeader","timestamp":"2026-07-19T05:33:35.453Z"}
{"level":"info","message":"Model name receivingLine","timestamp":"2026-07-19T05:33:35.453Z"}
{"level":"info","message":"Model name reservation","timestamp":"2026-07-19T05:33:35.453Z"}
{"level":"info","message":"Model name reservationLine","timestamp":"2026-07-19T05:33:35.453Z"}
{"level":"info","message":"Model name transferHeader","timestamp":"2026-07-19T05:33:35.453Z"}
{"level":"info","message":"Model name transferLine","timestamp":"2026-07-19T05:33:35.453Z"}
{"level":"info","message":"Model name menuHeader","timestamp":"2026-07-19T05:33:35.453Z"}
{"level":"info","message":"Model name menuLine","timestamp":"2026-07-19T05:33:35.453Z"}
{"level":"info","message":"Model name MenuHeaderLines","timestamp":"2026-07-19T05:33:35.454Z"}
{"level":"info","message":"Model name webMenuHeader","timestamp":"2026-07-19T05:33:35.454Z"}
{"level":"info","message":"Model name QRResponse","timestamp":"2026-07-19T05:33:35.454Z"}
{"level":"info","message":"Associating table QRResponse with models","timestamp":"2026-07-19T05:33:35.454Z"}
{"level":"info","message":"Model name PaymentCallback","timestamp":"2026-07-19T05:33:35.454Z"}
{"level":"info","message":"Associating table PaymentCallback with models","timestamp":"2026-07-19T05:33:35.454Z"}
{"level":"info","message":"Model name Color","timestamp":"2026-07-19T05:33:35.454Z"}
{"level":"info","message":"Associating table Color with models","timestamp":"2026-07-19T05:33:35.455Z"}
{"level":"info","message":"Model name Size","timestamp":"2026-07-19T05:33:35.456Z"}
{"level":"info","message":"Associating table Size with models","timestamp":"2026-07-19T05:33:35.456Z"}
{"level":"info","message":"Model name card","timestamp":"2026-07-19T05:33:35.456Z"}
{"level":"info","message":"Associating table Card with models","timestamp":"2026-07-19T05:33:35.456Z"}
{"level":"info","message":"Model name Transaction","timestamp":"2026-07-19T05:33:35.469Z"}
{"level":"info","message":"Model name glPostingBatch","timestamp":"2026-07-19T05:33:35.472Z"}
{"level":"info","message":"Model name gl","timestamp":"2026-07-19T05:33:35.473Z"}
{"level":"info","message":"Model name chartAccount","timestamp":"2026-07-19T05:33:35.473Z"}
{"level":"info","message":"Model name fixedAssetProduct","timestamp":"2026-07-19T05:33:35.473Z"}
{"level":"info","message":"Model name fixedAssetContract","timestamp":"2026-07-19T05:33:35.473Z"}
{"level":"info","message":"Model name fixedAssetDepreciation","timestamp":"2026-07-19T05:33:35.473Z"}
{"level":"info","message":"Model name apPaymentHeader","timestamp":"2026-07-19T05:33:35.473Z"}
{"level":"info","message":"Model name arReceiveHeader","timestamp":"2026-07-19T05:33:35.473Z"}
{"level":"info","message":"Model name payment","timestamp":"2026-07-19T05:33:35.473Z"}
{"level":"info","message":"Model name bank","timestamp":"2026-07-19T05:33:35.473Z"}
{"level":"info","message":"Model name bankAccount","timestamp":"2026-07-19T05:33:35.473Z"}
{"level":"info","message":"Associating table Bank with models","timestamp":"2026-07-19T05:33:35.473Z"}
{"level":"info","message":"Model name ministry","timestamp":"2026-07-19T05:33:35.474Z"}
{"level":"info","message":"Model name moneySettlement","timestamp":"2026-07-19T05:33:35.476Z"}
{"level":"info","message":"Model name moneyAdvanceAudit","timestamp":"2026-07-19T05:33:35.478Z"}
{"level":"info","message":"Associating table MoneyAdvanceAudit with models","timestamp":"2026-07-19T05:33:35.478Z"}
{"level":"info","message":"Model name moneyAdvance","timestamp":"2026-07-19T05:33:35.479Z"}
{"level":"info","message":"Associating table MoneyAdvance with models","timestamp":"2026-07-19T05:33:35.479Z"}
{"level":"info","message":"Model name AccountStatement","timestamp":"2026-07-19T05:33:35.490Z"}
{"level":"info","message":"Associating table AccountStatement with models","timestamp":"2026-07-19T05:33:35.494Z"}
{"level":"info","message":"Model name Project","timestamp":"2026-07-19T05:33:35.495Z"}
{"level":"info","message":"Model name ProjectBudget","timestamp":"2026-07-19T05:33:35.500Z"}
{"level":"info","message":"Model name ProjectContract","timestamp":"2026-07-19T05:33:35.501Z"}
{"level":"info","message":"Model name ProjectInvoice","timestamp":"2026-07-19T05:33:35.502Z"}
{"level":"info","message":"Model name WithdrawalApplication","timestamp":"2026-07-19T05:33:35.502Z"}
{"level":"info","message":"Model name revenue_target","timestamp":"2026-07-19T05:33:35.503Z"}
{"level":"info","message":"Model name apInvoice","timestamp":"2026-07-19T05:33:35.504Z"}
{"level":"info","message":"Associating table APInvoice with models","timestamp":"2026-07-19T05:33:35.504Z"}
{"level":"info","message":"Model name apInvoiceAudit","timestamp":"2026-07-19T05:33:35.507Z"}
{"level":"info","message":"Associating table APInvoiceAudit with models","timestamp":"2026-07-19T05:33:35.507Z"}
{"level":"info","message":"Model name invoiceLineItem","timestamp":"2026-07-19T05:33:35.507Z"}
{"level":"info","message":"Associating table InvoiceLineItem with models","timestamp":"2026-07-19T05:33:35.507Z"}
{"level":"info","message":"Model name apInvoiceSettlement","timestamp":"2026-07-19T05:33:35.509Z"}
{"level":"info","message":"Associating table APInvoiceSettlement with models","timestamp":"2026-07-19T05:33:35.509Z"}
{"level":"info","message":"Model name apSettlementAudit","timestamp":"2026-07-19T05:33:35.511Z"}
{"level":"info","message":"Associating table APSettlementAudit with models","timestamp":"2026-07-19T05:33:35.511Z"}
{"level":"info","message":"Model name apInvoiceSettlementLine","timestamp":"2026-07-19T05:33:35.511Z"}
{"level":"info","message":"Associating InvoiceSettlementLine with models","timestamp":"2026-07-19T05:33:35.512Z"}
{"level":"info","message":"Model name arInvoiceHeader","timestamp":"2026-07-19T05:33:35.513Z"}
{"level":"info","message":"Associating table ARInvoiceHeader with models","timestamp":"2026-07-19T05:33:35.513Z"}
{"level":"info","message":"Model name arInvoiceHeaderAudit","timestamp":"2026-07-19T05:33:35.516Z"}
{"level":"info","message":"Associating table ARInvoiceHeaderAudit with models","timestamp":"2026-07-19T05:33:35.516Z"}
{"level":"info","message":"Model name arInvoiceLine","timestamp":"2026-07-19T05:33:35.517Z"}
{"level":"info","message":"Associating table InvoiceLine with models","timestamp":"2026-07-19T05:33:35.517Z"}
{"level":"info","message":"Model name arReceiveHeaderV2","timestamp":"2026-07-19T05:33:35.518Z"}
{"level":"info","message":"Associating table ARReceiveHeader with models","timestamp":"2026-07-19T05:33:35.518Z"}
{"level":"info","message":"Model name arReceiveHeaderAudit","timestamp":"2026-07-19T05:33:35.520Z"}
{"level":"info","message":"Associating table ARReceiveHeaderAudit with models","timestamp":"2026-07-19T05:33:35.521Z"}
{"level":"info","message":"Model name arReceiveLine","timestamp":"2026-07-19T05:33:35.521Z"}
{"level":"info","message":"Associating table ReceiveLine with models","timestamp":"2026-07-19T05:33:35.521Z"}
{"level":"info","message":"Model name vendor","timestamp":"2026-07-19T05:33:35.522Z"}
{"level":"info","message":"Model name shipping","timestamp":"2026-07-19T05:33:35.522Z"}
{"level":"info","message":"Model name shipping_order","timestamp":"2026-07-19T05:33:35.522Z"}
{"level":"info","message":"Model name shipping_checkout_batch","timestamp":"2026-07-19T05:33:35.522Z"}
{"level":"info","message":"Model name service","timestamp":"2026-07-19T05:33:35.522Z"}
{"level":"info","message":"Model name authority","timestamp":"2026-07-19T05:33:35.522Z"}
{"level":"info","message":"Model name terminal","timestamp":"2026-07-19T05:33:35.522Z"}
{"level":"info","message":"Model name terminalAudit","timestamp":"2026-07-19T05:33:35.523Z"}
{"level":"info","message":"Associating table TerminalAudit with models","timestamp":"2026-07-19T05:33:35.523Z"}
{"level":"info","message":"Model name campaign","timestamp":"2026-07-19T05:33:35.524Z"}
{"level":"info","message":"Model name campaignEntry","timestamp":"2026-07-19T05:33:35.524Z"}
{"level":"info","message":"Model name rider","timestamp":"2026-07-19T05:33:35.524Z"}
{"level":"info","message":"Model name outlet","timestamp":"2026-07-19T05:33:35.524Z"}
{"level":"info","message":"Model name geography","timestamp":"2026-07-19T05:33:35.524Z"}
{"level":"info","message":"Model name country","timestamp":"2026-07-19T05:33:35.524Z"}
{"level":"info","message":"Model name village","timestamp":"2026-07-19T05:33:35.525Z"}
{"level":"info","message":"Model name district","timestamp":"2026-07-19T05:33:35.525Z"}
{"level":"info","message":"Model name accountDailyBalance","timestamp":"2026-07-19T05:33:35.525Z"}
{"level":"info","message":"Model name businessDate","timestamp":"2026-07-19T05:33:35.526Z"}
{"level":"info","message":"Model name tuturial","timestamp":"2026-07-19T05:33:35.526Z"}
{"level":"error","message":"tutorial_db Connection error: Error: pool is draining and cannot accept work","timestamp":"2026-07-19T05:33:35.662Z"}
{"level":"error","message":"client_db Connection error: Error: pool is draining and cannot accept work","timestamp":"2026-07-19T05:33:35.669Z"}
{"level":"error","message":"Error synchronizing database: pool is draining and cannot accept work","stack":"Error: pool is draining and cannot accept work\n    at Pool.acquire (/Users/soubinkittiphanh/Desktop/Pro/dcommerce/dc_api/node_modules/sequelize-pool/lib/Pool.js:189:35)\n    at ConnectionManager.getConnection (/Users/soubinkittiphanh/Desktop/Pro/dcommerce/dc_api/node_modules/sequelize/lib/dialects/abstract/connection-manager.js:202:32)\n    at processTicksAndRejections (node:internal/process/task_queues:96:5)\n    at async /Users/soubinkittiphanh/Desktop/Pro/dcommerce/dc_api/node_modules/sequelize/lib/sequelize.js:305:26\n    at async synchronizeDatabase (/Users/soubinkittiphanh/Desktop/Pro/dcommerce/dc_api/src/models/index.js:588:5)","timestamp":"2026-07-19T05:33:35.672Z"}
{"level":"error","message":"Error synchronizing central database: ConnectionManager.getConnection was called after the connection manager was closed!","stack":"Error: ConnectionManager.getConnection was called after the connection manager was closed!\n    at ConnectionManager.getConnection (/Users/soubinkittiphanh/Desktop/Pro/dcommerce/dc_api/node_modules/sequelize/lib/dialects/abstract/connection-manager.js:70:13)\n    at /Users/soubinkittiphanh/Desktop/Pro/dcommerce/dc_api/node_modules/sequelize/lib/sequelize.js:305:111\n    at /Users/soubinkittiphanh/Desktop/Pro/dcommerce/dc_api/node_modules/retry-as-promised/dist/index.js:59:25\n    at new Promise (<anonymous>)\n    at retryAsPromised (/Users/soubinkittiphanh/Desktop/Pro/dcommerce/dc_api/node_modules/retry-as-promised/dist/index.js:48:12)\n    at Sequelize.query (/Users/soubinkittiphanh/Desktop/Pro/dcommerce/dc_api/node_modules/sequelize/lib/sequelize.js:300:12)\n    at synchronizeDatabase (/Users/soubinkittiphanh/Desktop/Pro/dcommerce/dc_api/src/models/index.js:605:31)\n    at processTicksAndRejections (node:internal/process/task_queues:96:5)","timestamp":"2026-07-19T05:33:35.673Z"}
{"level":"info","message":"Hello, Winston!","timestamp":"2026-07-19T05:34:45.039Z"}
{"level":"warn","message":"This is a warning message.","timestamp":"2026-07-19T05:34:45.042Z"}
{"level":"error","message":"This is an error message.","timestamp":"2026-07-19T05:34:45.043Z"}
{"level":"info","message":"This is an information message.","timestamp":"2026-07-19T05:34:45.044Z"}
{"ip":"192.168.1.1","level":"info","message":"User logged in","timestamp":"2026-07-19T05:34:45.046Z","username":"johndoe"}
{"level":"info","message":"Model name sequelize","timestamp":"2026-07-19T05:34:45.353Z"}
{"level":"info","message":"Model name Sequelize","timestamp":"2026-07-19T05:34:45.354Z"}
{"level":"info","message":"Model name centralSequelize","timestamp":"2026-07-19T05:34:45.355Z"}
{"level":"info","message":"Model name spf","timestamp":"2026-07-19T05:34:45.355Z"}
{"level":"info","message":"Model name client","timestamp":"2026-07-19T05:34:45.356Z"}
{"level":"info","message":"Model name clientAudit","timestamp":"2026-07-19T05:34:45.360Z"}
{"level":"info","message":"Associating table ClientAudit with models","timestamp":"2026-07-19T05:34:45.362Z"}
{"level":"info","message":"Model name group","timestamp":"2026-07-19T05:34:45.366Z"}
{"level":"info","message":"Model name GroupMenuHeader","timestamp":"2026-07-19T05:34:45.368Z"}
{"level":"info","message":"Model name role","timestamp":"2026-07-19T05:34:45.369Z"}
{"level":"info","message":"Model name user","timestamp":"2026-07-19T05:34:45.374Z"}
{"level":"info","message":"Model name Agency","timestamp":"2026-07-19T05:34:45.377Z"}
{"level":"info","message":"Associating table Agency with models","timestamp":"2026-07-19T05:34:45.379Z"}
{"level":"info","message":"Model name Applicant","timestamp":"2026-07-19T05:34:45.382Z"}
{"level":"info","message":"Associating table Applicant with models","timestamp":"2026-07-19T05:34:45.385Z"}
{"level":"info","message":"Model name MOU","timestamp":"2026-07-19T05:34:45.409Z"}
{"level":"info","message":"Associating table Job with models","timestamp":"2026-07-19T05:34:45.413Z"}
{"level":"info","message":"Model name jobAdvertise","timestamp":"2026-07-19T05:34:45.424Z"}
{"level":"info","message":"Associating table JobAdvertise with models","timestamp":"2026-07-19T05:34:45.429Z"}
{"level":"info","message":"Model name JobBatch","timestamp":"2026-07-19T05:34:45.434Z"}
{"level":"info","message":"Associating table JobBatch with models","timestamp":"2026-07-19T05:34:45.435Z"}
{"level":"info","message":"Model name benefit","timestamp":"2026-07-19T05:34:45.443Z"}
{"level":"info","message":"Associating table Benefit with models","timestamp":"2026-07-19T05:34:45.443Z"}
{"level":"info","message":"Model name company","timestamp":"2026-07-19T05:34:45.447Z"}
{"level":"info","message":"Model name location","timestamp":"2026-07-19T05:34:45.450Z"}
{"level":"info","message":"Model name currency","timestamp":"2026-07-19T05:34:45.450Z"}
{"level":"info","message":"Model name currencyAudit","timestamp":"2026-07-19T05:34:45.451Z"}
{"level":"info","message":"Associating table CurrencyAudit with models","timestamp":"2026-07-19T05:34:45.451Z"}
{"level":"info","message":"Model name unit","timestamp":"2026-07-19T05:34:45.453Z"}
{"level":"info","message":"Model name printerModel","timestamp":"2026-07-19T05:34:45.468Z"}
{"level":"info","message":"Model name stockTransactionModel","timestamp":"2026-07-19T05:34:45.473Z"}
{"level":"info","message":"Model name mainCategory","timestamp":"2026-07-19T05:34:45.480Z"}
{"level":"info","message":"Model name category","timestamp":"2026-07-19T05:34:45.480Z"}
{"level":"info","message":"Associating table Color with models","timestamp":"2026-07-19T05:34:45.481Z"}
{"level":"info","message":"Model name student","timestamp":"2026-07-19T05:34:45.481Z"}
{"level":"info","message":"Associating table Student with models","timestamp":"2026-07-19T05:34:45.481Z"}
{"level":"info","message":"Model name nfcCard","timestamp":"2026-07-19T05:34:45.483Z"}
{"level":"info","message":"Associating table NfcCard with models","timestamp":"2026-07-19T05:34:45.483Z"}
{"level":"info","message":"Model name transactionEntry","timestamp":"2026-07-19T05:34:45.483Z"}
{"level":"info","message":"Associating table TransactionEntry","timestamp":"2026-07-19T05:34:45.483Z"}
{"level":"info","message":"Model name tax","timestamp":"2026-07-19T05:34:45.485Z"}
{"level":"info","message":"Model name product","timestamp":"2026-07-19T05:34:45.485Z"}
{"level":"info","message":"Model name productAudit","timestamp":"2026-07-19T05:34:45.512Z"}
{"level":"info","message":"Associating table ProductAudit with models","timestamp":"2026-07-19T05:34:45.516Z"}
{"level":"info","message":"Model name productTemp","timestamp":"2026-07-19T05:34:45.516Z"}
{"level":"info","message":"Model name productSize","timestamp":"2026-07-19T05:34:45.516Z"}
{"level":"info","message":"Model name image","timestamp":"2026-07-19T05:34:45.516Z"}
{"level":"info","message":"Associating table IMAGE with models","timestamp":"2026-07-19T05:34:45.516Z"}
{"level":"info","message":"Model name priceList","timestamp":"2026-07-19T05:34:45.517Z"}
{"level":"info","message":"Model name webProductGroup","timestamp":"2026-07-19T05:34:45.517Z"}
{"level":"info","message":"Model name customer","timestamp":"2026-07-19T05:34:45.517Z"}
{"level":"info","message":"Model name order","timestamp":"2026-07-19T05:34:45.517Z"}
{"level":"info","message":"Model name orderHIS","timestamp":"2026-07-19T05:34:45.517Z"}
{"level":"info","message":"Model name orderTable","timestamp":"2026-07-19T05:34:45.517Z"}
{"level":"info","message":"Model name recipe","timestamp":"2026-07-19T05:34:45.517Z"}
{"level":"info","message":"Model name table","timestamp":"2026-07-19T05:34:45.517Z"}
{"level":"info","message":"Model name ticket","timestamp":"2026-07-19T05:34:45.528Z"}
{"level":"info","message":"Model name promotion","timestamp":"2026-07-19T05:34:45.544Z"}
{"level":"info","message":"Model name ticketLine","timestamp":"2026-07-19T05:34:45.545Z"}
{"level":"info","message":"Model name MemberOffer","timestamp":"2026-07-19T05:34:45.548Z"}
{"level":"info","message":"Model name loyaltyTransaction","timestamp":"2026-07-19T05:34:45.548Z"}
{"level":"info","message":"Model name washjob","timestamp":"2026-07-19T05:34:45.549Z"}
{"level":"info","message":"Model name washjobHis","timestamp":"2026-07-19T05:34:45.549Z"}
{"level":"info","message":"Model name washjobline","timestamp":"2026-07-19T05:34:45.549Z"}
{"level":"info","message":"Model name QRRequest","timestamp":"2026-07-19T05:34:45.549Z"}
{"level":"info","message":"Associating table QRRequest with models","timestamp":"2026-07-19T05:34:45.549Z"}
{"level":"info","message":"Model name saleHeader","timestamp":"2026-07-19T05:34:45.550Z"}
{"level":"info","message":"Model name salePayment","timestamp":"2026-07-19T05:34:45.559Z"}
{"level":"info","message":"Model name saleLine","timestamp":"2026-07-19T05:34:45.564Z"}
{"level":"info","message":"Associating table SaleLine with models","timestamp":"2026-07-19T05:34:45.564Z"}
{"level":"info","message":"Model name quotationHeader","timestamp":"2026-07-19T05:34:45.567Z"}
{"level":"info","message":"Model name quotationLine","timestamp":"2026-07-19T05:34:45.567Z"}
{"level":"info","message":"Associating table QuotationLine with models","timestamp":"2026-07-19T05:34:45.567Z"}
{"level":"info","message":"Model name poHeader","timestamp":"2026-07-19T05:34:45.568Z"}
{"level":"info","message":"Model name poLine","timestamp":"2026-07-19T05:34:45.568Z"}
{"level":"info","message":"Model name poHeaderHIS","timestamp":"2026-07-19T05:34:45.568Z"}
{"level":"info","message":"Model name poLineHIS","timestamp":"2026-07-19T05:34:45.568Z"}
{"level":"info","message":"Model name receivingHeader","timestamp":"2026-07-19T05:34:45.568Z"}
{"level":"info","message":"Model name receivingLine","timestamp":"2026-07-19T05:34:45.568Z"}
{"level":"info","message":"Model name reservation","timestamp":"2026-07-19T05:34:45.568Z"}
{"level":"info","message":"Model name reservationLine","timestamp":"2026-07-19T05:34:45.568Z"}
{"level":"info","message":"Model name transferHeader","timestamp":"2026-07-19T05:34:45.568Z"}
{"level":"info","message":"Model name transferLine","timestamp":"2026-07-19T05:34:45.568Z"}
{"level":"info","message":"Model name menuHeader","timestamp":"2026-07-19T05:34:45.568Z"}
{"level":"info","message":"Model name menuLine","timestamp":"2026-07-19T05:34:45.568Z"}
{"level":"info","message":"Model name MenuHeaderLines","timestamp":"2026-07-19T05:34:45.568Z"}
{"level":"info","message":"Model name webMenuHeader","timestamp":"2026-07-19T05:34:45.568Z"}
{"level":"info","message":"Model name QRResponse","timestamp":"2026-07-19T05:34:45.568Z"}
{"level":"info","message":"Associating table QRResponse with models","timestamp":"2026-07-19T05:34:45.568Z"}
{"level":"info","message":"Model name PaymentCallback","timestamp":"2026-07-19T05:34:45.569Z"}
{"level":"info","message":"Associating table PaymentCallback with models","timestamp":"2026-07-19T05:34:45.569Z"}
{"level":"info","message":"Model name Color","timestamp":"2026-07-19T05:34:45.570Z"}
{"level":"info","message":"Associating table Color with models","timestamp":"2026-07-19T05:34:45.570Z"}
{"level":"info","message":"Model name Size","timestamp":"2026-07-19T05:34:45.571Z"}
{"level":"info","message":"Associating table Size with models","timestamp":"2026-07-19T05:34:45.571Z"}
{"level":"info","message":"Model name card","timestamp":"2026-07-19T05:34:45.571Z"}
{"level":"info","message":"Associating table Card with models","timestamp":"2026-07-19T05:34:45.572Z"}
{"level":"info","message":"Model name Transaction","timestamp":"2026-07-19T05:34:45.582Z"}
{"level":"info","message":"Model name glPostingBatch","timestamp":"2026-07-19T05:34:45.585Z"}
{"level":"info","message":"Model name gl","timestamp":"2026-07-19T05:34:45.585Z"}
{"level":"info","message":"Model name chartAccount","timestamp":"2026-07-19T05:34:45.585Z"}
{"level":"info","message":"Model name fixedAssetProduct","timestamp":"2026-07-19T05:34:45.585Z"}
{"level":"info","message":"Model name fixedAssetContract","timestamp":"2026-07-19T05:34:45.585Z"}
{"level":"info","message":"Model name fixedAssetDepreciation","timestamp":"2026-07-19T05:34:45.585Z"}
{"level":"info","message":"Model name apPaymentHeader","timestamp":"2026-07-19T05:34:45.585Z"}
{"level":"info","message":"Model name arReceiveHeader","timestamp":"2026-07-19T05:34:45.585Z"}
{"level":"info","message":"Model name payment","timestamp":"2026-07-19T05:34:45.586Z"}
{"level":"info","message":"Model name bank","timestamp":"2026-07-19T05:34:45.586Z"}
{"level":"info","message":"Model name bankAccount","timestamp":"2026-07-19T05:34:45.586Z"}
{"level":"info","message":"Associating table Bank with models","timestamp":"2026-07-19T05:34:45.586Z"}
{"level":"info","message":"Model name ministry","timestamp":"2026-07-19T05:34:45.586Z"}
{"level":"info","message":"Model name moneySettlement","timestamp":"2026-07-19T05:34:45.588Z"}
{"level":"info","message":"Model name moneyAdvanceAudit","timestamp":"2026-07-19T05:34:45.590Z"}
{"level":"info","message":"Associating table MoneyAdvanceAudit with models","timestamp":"2026-07-19T05:34:45.590Z"}
{"level":"info","message":"Model name moneyAdvance","timestamp":"2026-07-19T05:34:45.591Z"}
{"level":"info","message":"Associating table MoneyAdvance with models","timestamp":"2026-07-19T05:34:45.591Z"}
{"level":"info","message":"Model name AccountStatement","timestamp":"2026-07-19T05:34:45.601Z"}
{"level":"info","message":"Associating table AccountStatement with models","timestamp":"2026-07-19T05:34:45.604Z"}
{"level":"info","message":"Model name Project","timestamp":"2026-07-19T05:34:45.605Z"}
{"level":"info","message":"Model name ProjectBudget","timestamp":"2026-07-19T05:34:45.608Z"}
{"level":"info","message":"Model name ProjectContract","timestamp":"2026-07-19T05:34:45.608Z"}
{"level":"info","message":"Model name ProjectInvoice","timestamp":"2026-07-19T05:34:45.609Z"}
{"level":"info","message":"Model name WithdrawalApplication","timestamp":"2026-07-19T05:34:45.609Z"}
{"level":"info","message":"Model name revenue_target","timestamp":"2026-07-19T05:34:45.610Z"}
{"level":"info","message":"Model name apInvoice","timestamp":"2026-07-19T05:34:45.610Z"}
{"level":"info","message":"Associating table APInvoice with models","timestamp":"2026-07-19T05:34:45.610Z"}
{"level":"info","message":"Model name apInvoiceAudit","timestamp":"2026-07-19T05:34:45.613Z"}
{"level":"info","message":"Associating table APInvoiceAudit with models","timestamp":"2026-07-19T05:34:45.617Z"}
{"level":"info","message":"Model name invoiceLineItem","timestamp":"2026-07-19T05:34:45.623Z"}
{"level":"info","message":"Associating table InvoiceLineItem with models","timestamp":"2026-07-19T05:34:45.623Z"}
{"level":"info","message":"Model name apInvoiceSettlement","timestamp":"2026-07-19T05:34:45.625Z"}
{"level":"info","message":"Associating table APInvoiceSettlement with models","timestamp":"2026-07-19T05:34:45.625Z"}
{"level":"info","message":"Model name apSettlementAudit","timestamp":"2026-07-19T05:34:45.628Z"}
{"level":"info","message":"Associating table APSettlementAudit with models","timestamp":"2026-07-19T05:34:45.628Z"}
{"level":"info","message":"Model name apInvoiceSettlementLine","timestamp":"2026-07-19T05:34:45.628Z"}
{"level":"info","message":"Associating InvoiceSettlementLine with models","timestamp":"2026-07-19T05:34:45.629Z"}
{"level":"info","message":"Model name arInvoiceHeader","timestamp":"2026-07-19T05:34:45.630Z"}
{"level":"info","message":"Associating table ARInvoiceHeader with models","timestamp":"2026-07-19T05:34:45.630Z"}
{"level":"info","message":"Model name arInvoiceHeaderAudit","timestamp":"2026-07-19T05:34:45.633Z"}
{"level":"info","message":"Associating table ARInvoiceHeaderAudit with models","timestamp":"2026-07-19T05:34:45.633Z"}
{"level":"info","message":"Model name arInvoiceLine","timestamp":"2026-07-19T05:34:45.633Z"}
{"level":"info","message":"Associating table InvoiceLine with models","timestamp":"2026-07-19T05:34:45.634Z"}
{"level":"info","message":"Model name arReceiveHeaderV2","timestamp":"2026-07-19T05:34:45.635Z"}
{"level":"info","message":"Associating table ARReceiveHeader with models","timestamp":"2026-07-19T05:34:45.635Z"}
{"level":"info","message":"Model name arReceiveHeaderAudit","timestamp":"2026-07-19T05:34:45.637Z"}
{"level":"info","message":"Associating table ARReceiveHeaderAudit with models","timestamp":"2026-07-19T05:34:45.638Z"}
{"level":"info","message":"Model name arReceiveLine","timestamp":"2026-07-19T05:34:45.638Z"}
{"level":"info","message":"Associating table ReceiveLine with models","timestamp":"2026-07-19T05:34:45.638Z"}
{"level":"info","message":"Model name vendor","timestamp":"2026-07-19T05:34:45.639Z"}
{"level":"info","message":"Model name shipping","timestamp":"2026-07-19T05:34:45.639Z"}
{"level":"info","message":"Model name shipping_order","timestamp":"2026-07-19T05:34:45.639Z"}
{"level":"info","message":"Model name shipping_checkout_batch","timestamp":"2026-07-19T05:34:45.639Z"}
{"level":"info","message":"Model name service","timestamp":"2026-07-19T05:34:45.639Z"}
{"level":"info","message":"Model name authority","timestamp":"2026-07-19T05:34:45.639Z"}
{"level":"info","message":"Model name terminal","timestamp":"2026-07-19T05:34:45.639Z"}
{"level":"info","message":"Model name terminalAudit","timestamp":"2026-07-19T05:34:45.640Z"}
{"level":"info","message":"Associating table TerminalAudit with models","timestamp":"2026-07-19T05:34:45.640Z"}
{"level":"info","message":"Model name campaign","timestamp":"2026-07-19T05:34:45.642Z"}
{"level":"info","message":"Model name campaignEntry","timestamp":"2026-07-19T05:34:45.642Z"}
{"level":"info","message":"Model name rider","timestamp":"2026-07-19T05:34:45.642Z"}
{"level":"info","message":"Model name outlet","timestamp":"2026-07-19T05:34:45.642Z"}
{"level":"info","message":"Model name geography","timestamp":"2026-07-19T05:34:45.642Z"}
{"level":"info","message":"Model name country","timestamp":"2026-07-19T05:34:45.642Z"}
{"level":"info","message":"Model name village","timestamp":"2026-07-19T05:34:45.642Z"}
{"level":"info","message":"Model name district","timestamp":"2026-07-19T05:34:45.645Z"}
{"level":"info","message":"Model name accountDailyBalance","timestamp":"2026-07-19T05:34:45.646Z"}
{"level":"info","message":"Model name businessDate","timestamp":"2026-07-19T05:34:45.652Z"}
{"level":"info","message":"Model name tuturial","timestamp":"2026-07-19T05:34:45.655Z"}
{"level":"info","message":"client_db Connection established","timestamp":"2026-07-19T05:34:45.897Z"}
{"level":"info","message":"tutorial_db Connection established","timestamp":"2026-07-19T05:34:45.933Z"}
{"level":"error","message":"Error synchronizing database: ConnectionManager.getConnection was called after the connection manager was closed!","stack":"Error: ConnectionManager.getConnection was called after the connection manager was closed!\n    at ConnectionManager.getConnection (/Users/soubinkittiphanh/Desktop/Pro/dcommerce/dc_api/node_modules/sequelize/lib/dialects/abstract/connection-manager.js:70:13)\n    at /Users/soubinkittiphanh/Desktop/Pro/dcommerce/dc_api/node_modules/sequelize/lib/sequelize.js:305:111\n    at /Users/soubinkittiphanh/Desktop/Pro/dcommerce/dc_api/node_modules/retry-as-promised/dist/index.js:59:25\n    at new Promise (<anonymous>)\n    at retryAsPromised (/Users/soubinkittiphanh/Desktop/Pro/dcommerce/dc_api/node_modules/retry-as-promised/dist/index.js:48:12)\n    at Sequelize.query (/Users/soubinkittiphanh/Desktop/Pro/dcommerce/dc_api/node_modules/sequelize/lib/sequelize.js:300:12)\n    at MySQLQueryInterface.tableExists (/Users/soubinkittiphanh/Desktop/Pro/dcommerce/dc_api/node_modules/sequelize/lib/dialects/abstract/query-interface.js:102:38)\n    at Function.sync (/Users/soubinkittiphanh/Desktop/Pro/dcommerce/dc_api/node_modules/sequelize/lib/model.js:939:47)\n    at processTicksAndRejections (node:internal/process/task_queues:96:5)\n    at async Sequelize._syncModelsWithCyclicReferences (/Users/soubinkittiphanh/Desktop/Pro/dcommerce/dc_api/node_modules/sequelize/lib/sequelize.js:395:7)","timestamp":"2026-07-19T05:34:45.961Z"}
{"level":"info","message":"Database central is synchronized","timestamp":"2026-07-19T05:34:45.993Z"}
{"level":"info","message":"Hello, Winston!","timestamp":"2026-07-19T05:34:56.107Z"}
{"level":"warn","message":"This is a warning message.","timestamp":"2026-07-19T05:34:56.110Z"}
{"level":"error","message":"This is an error message.","timestamp":"2026-07-19T05:34:56.111Z"}
{"level":"info","message":"This is an information message.","timestamp":"2026-07-19T05:34:56.112Z"}
{"ip":"192.168.1.1","level":"info","message":"User logged in","timestamp":"2026-07-19T05:34:56.113Z","username":"johndoe"}
{"level":"info","message":"Model name sequelize","timestamp":"2026-07-19T05:34:56.423Z"}
{"level":"info","message":"Model name Sequelize","timestamp":"2026-07-19T05:34:56.424Z"}
{"level":"info","message":"Model name centralSequelize","timestamp":"2026-07-19T05:34:56.425Z"}
{"level":"info","message":"Model name spf","timestamp":"2026-07-19T05:34:56.425Z"}
{"level":"info","message":"Model name client","timestamp":"2026-07-19T05:34:56.426Z"}
{"level":"info","message":"Model name clientAudit","timestamp":"2026-07-19T05:34:56.431Z"}
{"level":"info","message":"Associating table ClientAudit with models","timestamp":"2026-07-19T05:34:56.432Z"}
{"level":"info","message":"Model name group","timestamp":"2026-07-19T05:34:56.436Z"}
{"level":"info","message":"Model name GroupMenuHeader","timestamp":"2026-07-19T05:34:56.438Z"}
{"level":"info","message":"Model name role","timestamp":"2026-07-19T05:34:56.439Z"}
{"level":"info","message":"Model name user","timestamp":"2026-07-19T05:34:56.444Z"}
{"level":"info","message":"Model name Agency","timestamp":"2026-07-19T05:34:56.447Z"}
{"level":"info","message":"Associating table Agency with models","timestamp":"2026-07-19T05:34:56.448Z"}
{"level":"info","message":"Model name Applicant","timestamp":"2026-07-19T05:34:56.452Z"}
{"level":"info","message":"Associating table Applicant with models","timestamp":"2026-07-19T05:34:56.457Z"}
{"level":"info","message":"Model name MOU","timestamp":"2026-07-19T05:34:56.478Z"}
{"level":"info","message":"Associating table Job with models","timestamp":"2026-07-19T05:34:56.482Z"}
{"level":"info","message":"Model name jobAdvertise","timestamp":"2026-07-19T05:34:56.494Z"}
{"level":"info","message":"Associating table JobAdvertise with models","timestamp":"2026-07-19T05:34:56.498Z"}
{"level":"info","message":"Model name JobBatch","timestamp":"2026-07-19T05:34:56.504Z"}
{"level":"info","message":"Associating table JobBatch with models","timestamp":"2026-07-19T05:34:56.505Z"}
{"level":"info","message":"Model name benefit","timestamp":"2026-07-19T05:34:56.513Z"}
{"level":"info","message":"Associating table Benefit with models","timestamp":"2026-07-19T05:34:56.513Z"}
{"level":"info","message":"Model name company","timestamp":"2026-07-19T05:34:56.517Z"}
{"level":"info","message":"Model name location","timestamp":"2026-07-19T05:34:56.520Z"}
{"level":"info","message":"Model name currency","timestamp":"2026-07-19T05:34:56.520Z"}
{"level":"info","message":"Model name currencyAudit","timestamp":"2026-07-19T05:34:56.521Z"}
{"level":"info","message":"Associating table CurrencyAudit with models","timestamp":"2026-07-19T05:34:56.521Z"}
{"level":"info","message":"Model name unit","timestamp":"2026-07-19T05:34:56.522Z"}
{"level":"info","message":"Model name printerModel","timestamp":"2026-07-19T05:34:56.537Z"}
{"level":"info","message":"Model name stockTransactionModel","timestamp":"2026-07-19T05:34:56.542Z"}
{"level":"info","message":"Model name mainCategory","timestamp":"2026-07-19T05:34:56.549Z"}
{"level":"info","message":"Model name category","timestamp":"2026-07-19T05:34:56.549Z"}
{"level":"info","message":"Associating table Color with models","timestamp":"2026-07-19T05:34:56.549Z"}
{"level":"info","message":"Model name student","timestamp":"2026-07-19T05:34:56.550Z"}
{"level":"info","message":"Associating table Student with models","timestamp":"2026-07-19T05:34:56.550Z"}
{"level":"info","message":"Model name nfcCard","timestamp":"2026-07-19T05:34:56.552Z"}
{"level":"info","message":"Associating table NfcCard with models","timestamp":"2026-07-19T05:34:56.552Z"}
{"level":"info","message":"Model name transactionEntry","timestamp":"2026-07-19T05:34:56.552Z"}
{"level":"info","message":"Associating table TransactionEntry","timestamp":"2026-07-19T05:34:56.552Z"}
{"level":"info","message":"Model name tax","timestamp":"2026-07-19T05:34:56.554Z"}
{"level":"info","message":"Model name product","timestamp":"2026-07-19T05:34:56.554Z"}
{"level":"info","message":"Model name productAudit","timestamp":"2026-07-19T05:34:56.578Z"}
{"level":"info","message":"Associating table ProductAudit with models","timestamp":"2026-07-19T05:34:56.586Z"}
{"level":"info","message":"Model name productTemp","timestamp":"2026-07-19T05:34:56.586Z"}
{"level":"info","message":"Model name productSize","timestamp":"2026-07-19T05:34:56.587Z"}
{"level":"info","message":"Model name image","timestamp":"2026-07-19T05:34:56.587Z"}
{"level":"info","message":"Associating table IMAGE with models","timestamp":"2026-07-19T05:34:56.587Z"}
{"level":"info","message":"Model name priceList","timestamp":"2026-07-19T05:34:56.587Z"}
{"level":"info","message":"Model name webProductGroup","timestamp":"2026-07-19T05:34:56.587Z"}
{"level":"info","message":"Model name customer","timestamp":"2026-07-19T05:34:56.587Z"}
{"level":"info","message":"Model name order","timestamp":"2026-07-19T05:34:56.587Z"}
{"level":"info","message":"Model name orderHIS","timestamp":"2026-07-19T05:34:56.587Z"}
{"level":"info","message":"Model name orderTable","timestamp":"2026-07-19T05:34:56.587Z"}
{"level":"info","message":"Model name recipe","timestamp":"2026-07-19T05:34:56.587Z"}
{"level":"info","message":"Model name table","timestamp":"2026-07-19T05:34:56.588Z"}
{"level":"info","message":"Model name ticket","timestamp":"2026-07-19T05:34:56.598Z"}
{"level":"info","message":"Model name promotion","timestamp":"2026-07-19T05:34:56.613Z"}
{"level":"info","message":"Model name ticketLine","timestamp":"2026-07-19T05:34:56.615Z"}
{"level":"info","message":"Model name MemberOffer","timestamp":"2026-07-19T05:34:56.617Z"}
{"level":"info","message":"Model name loyaltyTransaction","timestamp":"2026-07-19T05:34:56.617Z"}
{"level":"info","message":"Model name washjob","timestamp":"2026-07-19T05:34:56.617Z"}
{"level":"info","message":"Model name washjobHis","timestamp":"2026-07-19T05:34:56.618Z"}
{"level":"info","message":"Model name washjobline","timestamp":"2026-07-19T05:34:56.618Z"}
{"level":"info","message":"Model name QRRequest","timestamp":"2026-07-19T05:34:56.618Z"}
{"level":"info","message":"Associating table QRRequest with models","timestamp":"2026-07-19T05:34:56.618Z"}
{"level":"info","message":"Model name saleHeader","timestamp":"2026-07-19T05:34:56.618Z"}
{"level":"info","message":"Model name salePayment","timestamp":"2026-07-19T05:34:56.629Z"}
{"level":"info","message":"Model name saleLine","timestamp":"2026-07-19T05:34:56.633Z"}
{"level":"info","message":"Associating table SaleLine with models","timestamp":"2026-07-19T05:34:56.633Z"}
{"level":"info","message":"Model name quotationHeader","timestamp":"2026-07-19T05:34:56.636Z"}
{"level":"info","message":"Model name quotationLine","timestamp":"2026-07-19T05:34:56.636Z"}
{"level":"info","message":"Associating table QuotationLine with models","timestamp":"2026-07-19T05:34:56.636Z"}
{"level":"info","message":"Model name poHeader","timestamp":"2026-07-19T05:34:56.636Z"}
{"level":"info","message":"Model name poLine","timestamp":"2026-07-19T05:34:56.636Z"}
{"level":"info","message":"Model name poHeaderHIS","timestamp":"2026-07-19T05:34:56.636Z"}
{"level":"info","message":"Model name poLineHIS","timestamp":"2026-07-19T05:34:56.636Z"}
{"level":"info","message":"Model name receivingHeader","timestamp":"2026-07-19T05:34:56.636Z"}
{"level":"info","message":"Model name receivingLine","timestamp":"2026-07-19T05:34:56.636Z"}
{"level":"info","message":"Model name reservation","timestamp":"2026-07-19T05:34:56.636Z"}
{"level":"info","message":"Model name reservationLine","timestamp":"2026-07-19T05:34:56.636Z"}
{"level":"info","message":"Model name transferHeader","timestamp":"2026-07-19T05:34:56.636Z"}
{"level":"info","message":"Model name transferLine","timestamp":"2026-07-19T05:34:56.636Z"}
{"level":"info","message":"Model name menuHeader","timestamp":"2026-07-19T05:34:56.636Z"}
{"level":"info","message":"Model name menuLine","timestamp":"2026-07-19T05:34:56.637Z"}
{"level":"info","message":"Model name MenuHeaderLines","timestamp":"2026-07-19T05:34:56.637Z"}
{"level":"info","message":"Model name webMenuHeader","timestamp":"2026-07-19T05:34:56.637Z"}
{"level":"info","message":"Model name QRResponse","timestamp":"2026-07-19T05:34:56.637Z"}
{"level":"info","message":"Associating table QRResponse with models","timestamp":"2026-07-19T05:34:56.637Z"}
{"level":"info","message":"Model name PaymentCallback","timestamp":"2026-07-19T05:34:56.637Z"}
{"level":"info","message":"Associating table PaymentCallback with models","timestamp":"2026-07-19T05:34:56.637Z"}
{"level":"info","message":"Model name Color","timestamp":"2026-07-19T05:34:56.637Z"}
{"level":"info","message":"Associating table Color with models","timestamp":"2026-07-19T05:34:56.637Z"}
{"level":"info","message":"Model name Size","timestamp":"2026-07-19T05:34:56.638Z"}
{"level":"info","message":"Associating table Size with models","timestamp":"2026-07-19T05:34:56.638Z"}
{"level":"info","message":"Model name card","timestamp":"2026-07-19T05:34:56.639Z"}
{"level":"info","message":"Associating table Card with models","timestamp":"2026-07-19T05:34:56.639Z"}
{"level":"info","message":"Model name Transaction","timestamp":"2026-07-19T05:34:56.648Z"}
{"level":"info","message":"Model name glPostingBatch","timestamp":"2026-07-19T05:34:56.652Z"}
{"level":"info","message":"Model name gl","timestamp":"2026-07-19T05:34:56.652Z"}
{"level":"info","message":"Model name chartAccount","timestamp":"2026-07-19T05:34:56.652Z"}
{"level":"info","message":"Model name fixedAssetProduct","timestamp":"2026-07-19T05:34:56.652Z"}
{"level":"info","message":"Model name fixedAssetContract","timestamp":"2026-07-19T05:34:56.652Z"}
{"level":"info","message":"Model name fixedAssetDepreciation","timestamp":"2026-07-19T05:34:56.652Z"}
{"level":"info","message":"Model name apPaymentHeader","timestamp":"2026-07-19T05:34:56.652Z"}
{"level":"info","message":"Model name arReceiveHeader","timestamp":"2026-07-19T05:34:56.652Z"}
{"level":"info","message":"Model name payment","timestamp":"2026-07-19T05:34:56.652Z"}
{"level":"info","message":"Model name bank","timestamp":"2026-07-19T05:34:56.652Z"}
{"level":"info","message":"Model name bankAccount","timestamp":"2026-07-19T05:34:56.652Z"}
{"level":"info","message":"Associating table Bank with models","timestamp":"2026-07-19T05:34:56.652Z"}
{"level":"info","message":"Model name ministry","timestamp":"2026-07-19T05:34:56.653Z"}
{"level":"info","message":"Model name moneySettlement","timestamp":"2026-07-19T05:34:56.655Z"}
{"level":"info","message":"Model name moneyAdvanceAudit","timestamp":"2026-07-19T05:34:56.656Z"}
{"level":"info","message":"Associating table MoneyAdvanceAudit with models","timestamp":"2026-07-19T05:34:56.657Z"}
{"level":"info","message":"Model name moneyAdvance","timestamp":"2026-07-19T05:34:56.657Z"}
{"level":"info","message":"Associating table MoneyAdvance with models","timestamp":"2026-07-19T05:34:56.657Z"}
{"level":"info","message":"Model name AccountStatement","timestamp":"2026-07-19T05:34:56.667Z"}
{"level":"info","message":"Associating table AccountStatement with models","timestamp":"2026-07-19T05:34:56.671Z"}
{"level":"info","message":"Model name Project","timestamp":"2026-07-19T05:34:56.672Z"}
{"level":"info","message":"Model name ProjectBudget","timestamp":"2026-07-19T05:34:56.674Z"}
{"level":"info","message":"Model name ProjectContract","timestamp":"2026-07-19T05:34:56.674Z"}
{"level":"info","message":"Model name ProjectInvoice","timestamp":"2026-07-19T05:34:56.675Z"}
{"level":"info","message":"Model name WithdrawalApplication","timestamp":"2026-07-19T05:34:56.676Z"}
{"level":"info","message":"Model name revenue_target","timestamp":"2026-07-19T05:34:56.676Z"}
{"level":"info","message":"Model name apInvoice","timestamp":"2026-07-19T05:34:56.677Z"}
{"level":"info","message":"Associating table APInvoice with models","timestamp":"2026-07-19T05:34:56.677Z"}
{"level":"info","message":"Model name apInvoiceAudit","timestamp":"2026-07-19T05:34:56.680Z"}
{"level":"info","message":"Associating table APInvoiceAudit with models","timestamp":"2026-07-19T05:34:56.683Z"}
{"level":"info","message":"Model name invoiceLineItem","timestamp":"2026-07-19T05:34:56.689Z"}
{"level":"info","message":"Associating table InvoiceLineItem with models","timestamp":"2026-07-19T05:34:56.689Z"}
{"level":"info","message":"Model name apInvoiceSettlement","timestamp":"2026-07-19T05:34:56.690Z"}
{"level":"info","message":"Associating table APInvoiceSettlement with models","timestamp":"2026-07-19T05:34:56.690Z"}
{"level":"info","message":"Model name apSettlementAudit","timestamp":"2026-07-19T05:34:56.693Z"}
{"level":"info","message":"Associating table APSettlementAudit with models","timestamp":"2026-07-19T05:34:56.694Z"}
{"level":"info","message":"Model name apInvoiceSettlementLine","timestamp":"2026-07-19T05:34:56.694Z"}
{"level":"info","message":"Associating InvoiceSettlementLine with models","timestamp":"2026-07-19T05:34:56.694Z"}
{"level":"info","message":"Model name arInvoiceHeader","timestamp":"2026-07-19T05:34:56.695Z"}
{"level":"info","message":"Associating table ARInvoiceHeader with models","timestamp":"2026-07-19T05:34:56.695Z"}
{"level":"info","message":"Model name arInvoiceHeaderAudit","timestamp":"2026-07-19T05:34:56.702Z"}
{"level":"info","message":"Associating table ARInvoiceHeaderAudit with models","timestamp":"2026-07-19T05:34:56.702Z"}
{"level":"info","message":"Model name arInvoiceLine","timestamp":"2026-07-19T05:34:56.702Z"}
{"level":"info","message":"Associating table InvoiceLine with models","timestamp":"2026-07-19T05:34:56.702Z"}
{"level":"info","message":"Model name arReceiveHeaderV2","timestamp":"2026-07-19T05:34:56.704Z"}
{"level":"info","message":"Associating table ARReceiveHeader with models","timestamp":"2026-07-19T05:34:56.704Z"}
{"level":"info","message":"Model name arReceiveHeaderAudit","timestamp":"2026-07-19T05:34:56.706Z"}
{"level":"info","message":"Associating table ARReceiveHeaderAudit with models","timestamp":"2026-07-19T05:34:56.706Z"}
{"level":"info","message":"Model name arReceiveLine","timestamp":"2026-07-19T05:34:56.706Z"}
{"level":"info","message":"Associating table ReceiveLine with models","timestamp":"2026-07-19T05:34:56.706Z"}
{"level":"info","message":"Model name vendor","timestamp":"2026-07-19T05:34:56.707Z"}
{"level":"info","message":"Model name shipping","timestamp":"2026-07-19T05:34:56.708Z"}
{"level":"info","message":"Model name shipping_order","timestamp":"2026-07-19T05:34:56.708Z"}
{"level":"info","message":"Model name shipping_checkout_batch","timestamp":"2026-07-19T05:34:56.708Z"}
{"level":"info","message":"Model name service","timestamp":"2026-07-19T05:34:56.708Z"}
{"level":"info","message":"Model name authority","timestamp":"2026-07-19T05:34:56.708Z"}
{"level":"info","message":"Model name terminal","timestamp":"2026-07-19T05:34:56.708Z"}
{"level":"info","message":"Model name terminalAudit","timestamp":"2026-07-19T05:34:56.708Z"}
{"level":"info","message":"Associating table TerminalAudit with models","timestamp":"2026-07-19T05:34:56.708Z"}
{"level":"info","message":"Model name campaign","timestamp":"2026-07-19T05:34:56.710Z"}
{"level":"info","message":"Model name campaignEntry","timestamp":"2026-07-19T05:34:56.710Z"}
{"level":"info","message":"Model name rider","timestamp":"2026-07-19T05:34:56.710Z"}
{"level":"info","message":"Model name outlet","timestamp":"2026-07-19T05:34:56.710Z"}
{"level":"info","message":"Model name geography","timestamp":"2026-07-19T05:34:56.710Z"}
{"level":"info","message":"Model name country","timestamp":"2026-07-19T05:34:56.710Z"}
{"level":"info","message":"Model name village","timestamp":"2026-07-19T05:34:56.710Z"}
{"level":"info","message":"Model name district","timestamp":"2026-07-19T05:34:56.711Z"}
{"level":"info","message":"Model name accountDailyBalance","timestamp":"2026-07-19T05:34:56.711Z"}
{"level":"info","message":"Model name businessDate","timestamp":"2026-07-19T05:34:56.711Z"}
{"level":"info","message":"Model name tuturial","timestamp":"2026-07-19T05:34:56.711Z"}
{"level":"info","message":"client_db Connection established","timestamp":"2026-07-19T05:34:56.919Z"}
{"level":"info","message":"tutorial_db Connection established","timestamp":"2026-07-19T05:34:56.946Z"}
{"level":"info","message":"Hello, Winston!","timestamp":"2026-07-19T05:39:12.400Z"}
{"level":"warn","message":"This is a warning message.","timestamp":"2026-07-19T05:39:12.404Z"}
{"level":"error","message":"This is an error message.","timestamp":"2026-07-19T05:39:12.404Z"}
{"level":"info","message":"This is an information message.","timestamp":"2026-07-19T05:39:12.405Z"}
{"ip":"192.168.1.1","level":"info","message":"User logged in","timestamp":"2026-07-19T05:39:12.407Z","username":"johndoe"}
{"level":"info","message":"Model name sequelize","timestamp":"2026-07-19T05:39:12.736Z"}
{"level":"info","message":"Model name Sequelize","timestamp":"2026-07-19T05:39:12.737Z"}
{"level":"info","message":"Model name centralSequelize","timestamp":"2026-07-19T05:39:12.737Z"}
{"level":"info","message":"Model name spf","timestamp":"2026-07-19T05:39:12.738Z"}
{"level":"info","message":"Model name client","timestamp":"2026-07-19T05:39:12.739Z"}
{"level":"info","message":"Model name clientAudit","timestamp":"2026-07-19T05:39:12.743Z"}
{"level":"info","message":"Associating table ClientAudit with models","timestamp":"2026-07-19T05:39:12.745Z"}
{"level":"info","message":"Model name group","timestamp":"2026-07-19T05:39:12.750Z"}
{"level":"info","message":"Model name GroupMenuHeader","timestamp":"2026-07-19T05:39:12.752Z"}
{"level":"info","message":"Model name role","timestamp":"2026-07-19T05:39:12.752Z"}
{"level":"info","message":"Model name user","timestamp":"2026-07-19T05:39:12.757Z"}
{"level":"info","message":"Model name Agency","timestamp":"2026-07-19T05:39:12.760Z"}
{"level":"info","message":"Associating table Agency with models","timestamp":"2026-07-19T05:39:12.762Z"}
{"level":"info","message":"Model name Applicant","timestamp":"2026-07-19T05:39:12.765Z"}
{"level":"info","message":"Associating table Applicant with models","timestamp":"2026-07-19T05:39:12.768Z"}
{"level":"info","message":"Model name MOU","timestamp":"2026-07-19T05:39:12.789Z"}
{"level":"info","message":"Associating table Job with models","timestamp":"2026-07-19T05:39:12.794Z"}
{"level":"info","message":"Model name jobAdvertise","timestamp":"2026-07-19T05:39:12.806Z"}
{"level":"info","message":"Associating table JobAdvertise with models","timestamp":"2026-07-19T05:39:12.810Z"}
{"level":"info","message":"Model name JobBatch","timestamp":"2026-07-19T05:39:12.816Z"}
{"level":"info","message":"Associating table JobBatch with models","timestamp":"2026-07-19T05:39:12.818Z"}
{"level":"info","message":"Model name benefit","timestamp":"2026-07-19T05:39:12.826Z"}
{"level":"info","message":"Associating table Benefit with models","timestamp":"2026-07-19T05:39:12.826Z"}
{"level":"info","message":"Model name company","timestamp":"2026-07-19T05:39:12.833Z"}
{"level":"info","message":"Model name location","timestamp":"2026-07-19T05:39:12.836Z"}
{"level":"info","message":"Model name currency","timestamp":"2026-07-19T05:39:12.836Z"}
{"level":"info","message":"Model name currencyAudit","timestamp":"2026-07-19T05:39:12.837Z"}
{"level":"info","message":"Associating table CurrencyAudit with models","timestamp":"2026-07-19T05:39:12.837Z"}
{"level":"info","message":"Model name unit","timestamp":"2026-07-19T05:39:12.838Z"}
{"level":"info","message":"Model name printerModel","timestamp":"2026-07-19T05:39:12.855Z"}
{"level":"info","message":"Model name stockTransactionModel","timestamp":"2026-07-19T05:39:12.860Z"}
{"level":"info","message":"Model name mainCategory","timestamp":"2026-07-19T05:39:12.867Z"}
{"level":"info","message":"Model name category","timestamp":"2026-07-19T05:39:12.867Z"}
{"level":"info","message":"Associating table Color with models","timestamp":"2026-07-19T05:39:12.868Z"}
{"level":"info","message":"Model name student","timestamp":"2026-07-19T05:39:12.868Z"}
{"level":"info","message":"Associating table Student with models","timestamp":"2026-07-19T05:39:12.868Z"}
{"level":"info","message":"Model name nfcCard","timestamp":"2026-07-19T05:39:12.870Z"}
{"level":"info","message":"Associating table NfcCard with models","timestamp":"2026-07-19T05:39:12.870Z"}
{"level":"info","message":"Model name transactionEntry","timestamp":"2026-07-19T05:39:12.871Z"}
{"level":"info","message":"Associating table TransactionEntry","timestamp":"2026-07-19T05:39:12.871Z"}
{"level":"info","message":"Model name tax","timestamp":"2026-07-19T05:39:12.872Z"}
{"level":"info","message":"Model name product","timestamp":"2026-07-19T05:39:12.873Z"}
{"level":"info","message":"Model name productAudit","timestamp":"2026-07-19T05:39:12.897Z"}
{"level":"info","message":"Associating table ProductAudit with models","timestamp":"2026-07-19T05:39:12.901Z"}
{"level":"info","message":"Model name productTemp","timestamp":"2026-07-19T05:39:12.902Z"}
{"level":"info","message":"Model name productSize","timestamp":"2026-07-19T05:39:12.902Z"}
{"level":"info","message":"Model name image","timestamp":"2026-07-19T05:39:12.902Z"}
{"level":"info","message":"Associating table IMAGE with models","timestamp":"2026-07-19T05:39:12.902Z"}
{"level":"info","message":"Model name priceList","timestamp":"2026-07-19T05:39:12.902Z"}
{"level":"info","message":"Model name webProductGroup","timestamp":"2026-07-19T05:39:12.902Z"}
{"level":"info","message":"Model name customer","timestamp":"2026-07-19T05:39:12.902Z"}
{"level":"info","message":"Model name order","timestamp":"2026-07-19T05:39:12.902Z"}
{"level":"info","message":"Model name orderHIS","timestamp":"2026-07-19T05:39:12.902Z"}
{"level":"info","message":"Model name orderTable","timestamp":"2026-07-19T05:39:12.902Z"}
{"level":"info","message":"Model name recipe","timestamp":"2026-07-19T05:39:12.902Z"}
{"level":"info","message":"Model name table","timestamp":"2026-07-19T05:39:12.908Z"}
{"level":"info","message":"Model name ticket","timestamp":"2026-07-19T05:39:12.921Z"}
{"level":"info","message":"Model name promotion","timestamp":"2026-07-19T05:39:12.926Z"}
{"level":"info","message":"Model name ticketLine","timestamp":"2026-07-19T05:39:12.927Z"}
{"level":"info","message":"Model name MemberOffer","timestamp":"2026-07-19T05:39:12.929Z"}
{"level":"info","message":"Model name loyaltyTransaction","timestamp":"2026-07-19T05:39:12.930Z"}
{"level":"info","message":"Model name washjob","timestamp":"2026-07-19T05:39:12.930Z"}
{"level":"info","message":"Model name washjobHis","timestamp":"2026-07-19T05:39:12.930Z"}
{"level":"info","message":"Model name washjobline","timestamp":"2026-07-19T05:39:12.930Z"}
{"level":"info","message":"Model name QRRequest","timestamp":"2026-07-19T05:39:12.930Z"}
{"level":"info","message":"Associating table QRRequest with models","timestamp":"2026-07-19T05:39:12.930Z"}
{"level":"info","message":"Model name saleHeader","timestamp":"2026-07-19T05:39:12.931Z"}
{"level":"info","message":"Model name salePayment","timestamp":"2026-07-19T05:39:12.941Z"}
{"level":"info","message":"Model name saleLine","timestamp":"2026-07-19T05:39:12.945Z"}
{"level":"info","message":"Associating table SaleLine with models","timestamp":"2026-07-19T05:39:12.945Z"}
{"level":"info","message":"Model name quotationHeader","timestamp":"2026-07-19T05:39:12.949Z"}
{"level":"info","message":"Model name quotationLine","timestamp":"2026-07-19T05:39:12.949Z"}
{"level":"info","message":"Associating table QuotationLine with models","timestamp":"2026-07-19T05:39:12.949Z"}
{"level":"info","message":"Model name poHeader","timestamp":"2026-07-19T05:39:12.949Z"}
{"level":"info","message":"Model name poLine","timestamp":"2026-07-19T05:39:12.949Z"}
{"level":"info","message":"Model name poHeaderHIS","timestamp":"2026-07-19T05:39:12.949Z"}
{"level":"info","message":"Model name poLineHIS","timestamp":"2026-07-19T05:39:12.950Z"}
{"level":"info","message":"Model name receivingHeader","timestamp":"2026-07-19T05:39:12.950Z"}
{"level":"info","message":"Model name receivingLine","timestamp":"2026-07-19T05:39:12.950Z"}
{"level":"info","message":"Model name reservation","timestamp":"2026-07-19T05:39:12.950Z"}
{"level":"info","message":"Model name reservationLine","timestamp":"2026-07-19T05:39:12.950Z"}
{"level":"info","message":"Model name transferHeader","timestamp":"2026-07-19T05:39:12.950Z"}
{"level":"info","message":"Model name transferLine","timestamp":"2026-07-19T05:39:12.950Z"}
{"level":"info","message":"Model name menuHeader","timestamp":"2026-07-19T05:39:12.950Z"}
{"level":"info","message":"Model name menuLine","timestamp":"2026-07-19T05:39:12.950Z"}
{"level":"info","message":"Model name MenuHeaderLines","timestamp":"2026-07-19T05:39:12.950Z"}
{"level":"info","message":"Model name webMenuHeader","timestamp":"2026-07-19T05:39:12.950Z"}
{"level":"info","message":"Model name QRResponse","timestamp":"2026-07-19T05:39:12.950Z"}
{"level":"info","message":"Associating table QRResponse with models","timestamp":"2026-07-19T05:39:12.950Z"}
{"level":"info","message":"Model name PaymentCallback","timestamp":"2026-07-19T05:39:12.950Z"}
{"level":"info","message":"Associating table PaymentCallback with models","timestamp":"2026-07-19T05:39:12.951Z"}
{"level":"info","message":"Model name Color","timestamp":"2026-07-19T05:39:12.951Z"}
{"level":"info","message":"Associating table Color with models","timestamp":"2026-07-19T05:39:12.951Z"}
{"level":"info","message":"Model name Size","timestamp":"2026-07-19T05:39:12.952Z"}
{"level":"info","message":"Associating table Size with models","timestamp":"2026-07-19T05:39:12.952Z"}
{"level":"info","message":"Model name card","timestamp":"2026-07-19T05:39:12.952Z"}
{"level":"info","message":"Associating table Card with models","timestamp":"2026-07-19T05:39:12.953Z"}
{"level":"info","message":"Model name Transaction","timestamp":"2026-07-19T05:39:12.963Z"}
{"level":"info","message":"Model name glPostingBatch","timestamp":"2026-07-19T05:39:12.969Z"}
{"level":"info","message":"Model name gl","timestamp":"2026-07-19T05:39:12.969Z"}
{"level":"info","message":"Model name chartAccount","timestamp":"2026-07-19T05:39:12.969Z"}
{"level":"info","message":"Model name fixedAssetProduct","timestamp":"2026-07-19T05:39:12.969Z"}
{"level":"info","message":"Model name fixedAssetContract","timestamp":"2026-07-19T05:39:12.969Z"}
{"level":"info","message":"Model name fixedAssetDepreciation","timestamp":"2026-07-19T05:39:12.969Z"}
{"level":"info","message":"Model name apPaymentHeader","timestamp":"2026-07-19T05:39:12.969Z"}
{"level":"info","message":"Model name arReceiveHeader","timestamp":"2026-07-19T05:39:12.969Z"}
{"level":"info","message":"Model name payment","timestamp":"2026-07-19T05:39:12.969Z"}
{"level":"info","message":"Model name bank","timestamp":"2026-07-19T05:39:12.969Z"}
{"level":"info","message":"Model name bankAccount","timestamp":"2026-07-19T05:39:12.970Z"}
{"level":"info","message":"Associating table Bank with models","timestamp":"2026-07-19T05:39:12.970Z"}
{"level":"info","message":"Model name ministry","timestamp":"2026-07-19T05:39:12.970Z"}
{"level":"info","message":"Model name moneySettlement","timestamp":"2026-07-19T05:39:12.972Z"}
{"level":"info","message":"Model name moneyAdvanceAudit","timestamp":"2026-07-19T05:39:12.974Z"}
{"level":"info","message":"Associating table MoneyAdvanceAudit with models","timestamp":"2026-07-19T05:39:12.974Z"}
{"level":"info","message":"Model name moneyAdvance","timestamp":"2026-07-19T05:39:12.974Z"}
{"level":"info","message":"Associating table MoneyAdvance with models","timestamp":"2026-07-19T05:39:12.975Z"}
{"level":"info","message":"Model name AccountStatement","timestamp":"2026-07-19T05:39:12.982Z"}
{"level":"info","message":"Associating table AccountStatement with models","timestamp":"2026-07-19T05:39:12.986Z"}
{"level":"info","message":"Model name Project","timestamp":"2026-07-19T05:39:12.990Z"}
{"level":"info","message":"Model name ProjectBudget","timestamp":"2026-07-19T05:39:12.993Z"}
{"level":"info","message":"Model name ProjectContract","timestamp":"2026-07-19T05:39:12.993Z"}
{"level":"info","message":"Model name ProjectInvoice","timestamp":"2026-07-19T05:39:12.994Z"}
{"level":"info","message":"Model name WithdrawalApplication","timestamp":"2026-07-19T05:39:12.994Z"}
{"level":"info","message":"Model name revenue_target","timestamp":"2026-07-19T05:39:12.995Z"}
{"level":"info","message":"Model name apInvoice","timestamp":"2026-07-19T05:39:12.995Z"}
{"level":"info","message":"Associating table APInvoice with models","timestamp":"2026-07-19T05:39:12.996Z"}
{"level":"info","message":"Model name apInvoiceAudit","timestamp":"2026-07-19T05:39:12.998Z"}
{"level":"info","message":"Associating table APInvoiceAudit with models","timestamp":"2026-07-19T05:39:13.002Z"}
{"level":"info","message":"Model name invoiceLineItem","timestamp":"2026-07-19T05:39:13.007Z"}
{"level":"info","message":"Associating table InvoiceLineItem with models","timestamp":"2026-07-19T05:39:13.008Z"}
{"level":"info","message":"Model name apInvoiceSettlement","timestamp":"2026-07-19T05:39:13.009Z"}
{"level":"info","message":"Associating table APInvoiceSettlement with models","timestamp":"2026-07-19T05:39:13.009Z"}
{"level":"info","message":"Model name apSettlementAudit","timestamp":"2026-07-19T05:39:13.012Z"}
{"level":"info","message":"Associating table APSettlementAudit with models","timestamp":"2026-07-19T05:39:13.013Z"}
{"level":"info","message":"Model name apInvoiceSettlementLine","timestamp":"2026-07-19T05:39:13.013Z"}
{"level":"info","message":"Associating InvoiceSettlementLine with models","timestamp":"2026-07-19T05:39:13.013Z"}
{"level":"info","message":"Model name arInvoiceHeader","timestamp":"2026-07-19T05:39:13.014Z"}
{"level":"info","message":"Associating table ARInvoiceHeader with models","timestamp":"2026-07-19T05:39:13.014Z"}
{"level":"info","message":"Model name arInvoiceHeaderAudit","timestamp":"2026-07-19T05:39:13.018Z"}
{"level":"info","message":"Associating table ARInvoiceHeaderAudit with models","timestamp":"2026-07-19T05:39:13.018Z"}
{"level":"info","message":"Model name arInvoiceLine","timestamp":"2026-07-19T05:39:13.018Z"}
{"level":"info","message":"Associating table InvoiceLine with models","timestamp":"2026-07-19T05:39:13.019Z"}
{"level":"info","message":"Model name arReceiveHeaderV2","timestamp":"2026-07-19T05:39:13.020Z"}
{"level":"info","message":"Associating table ARReceiveHeader with models","timestamp":"2026-07-19T05:39:13.020Z"}
{"level":"info","message":"Model name arReceiveHeaderAudit","timestamp":"2026-07-19T05:39:13.023Z"}
{"level":"info","message":"Associating table ARReceiveHeaderAudit with models","timestamp":"2026-07-19T05:39:13.023Z"}
{"level":"info","message":"Model name arReceiveLine","timestamp":"2026-07-19T05:39:13.023Z"}
{"level":"info","message":"Associating table ReceiveLine with models","timestamp":"2026-07-19T05:39:13.023Z"}
{"level":"info","message":"Model name vendor","timestamp":"2026-07-19T05:39:13.025Z"}
{"level":"info","message":"Model name shipping","timestamp":"2026-07-19T05:39:13.025Z"}
{"level":"info","message":"Model name shipping_order","timestamp":"2026-07-19T05:39:13.025Z"}
{"level":"info","message":"Model name shipping_checkout_batch","timestamp":"2026-07-19T05:39:13.025Z"}
{"level":"info","message":"Model name service","timestamp":"2026-07-19T05:39:13.025Z"}
{"level":"info","message":"Model name authority","timestamp":"2026-07-19T05:39:13.025Z"}
{"level":"info","message":"Model name terminal","timestamp":"2026-07-19T05:39:13.025Z"}
{"level":"info","message":"Model name terminalAudit","timestamp":"2026-07-19T05:39:13.025Z"}
{"level":"info","message":"Associating table TerminalAudit with models","timestamp":"2026-07-19T05:39:13.025Z"}
{"level":"info","message":"Model name campaign","timestamp":"2026-07-19T05:39:13.027Z"}
{"level":"info","message":"Model name campaignEntry","timestamp":"2026-07-19T05:39:13.027Z"}
{"level":"info","message":"Model name rider","timestamp":"2026-07-19T05:39:13.027Z"}
{"level":"info","message":"Model name outlet","timestamp":"2026-07-19T05:39:13.027Z"}
{"level":"info","message":"Model name geography","timestamp":"2026-07-19T05:39:13.027Z"}
{"level":"info","message":"Model name country","timestamp":"2026-07-19T05:39:13.027Z"}
{"level":"info","message":"Model name village","timestamp":"2026-07-19T05:39:13.027Z"}
{"level":"info","message":"Model name district","timestamp":"2026-07-19T05:39:13.027Z"}
{"level":"info","message":"Model name accountDailyBalance","timestamp":"2026-07-19T05:39:13.028Z"}
{"level":"info","message":"Model name businessDate","timestamp":"2026-07-19T05:39:13.028Z"}
{"level":"info","message":"Model name tuturial","timestamp":"2026-07-19T05:39:13.028Z"}
{"level":"info","message":"tutorial_db Connection established","timestamp":"2026-07-19T05:39:13.197Z"}
{"level":"info","message":"client_db Connection established","timestamp":"2026-07-19T05:39:13.204Z"}
{"level":"info","message":"Hello, Winston!","timestamp":"2026-07-19T05:39:27.506Z"}
{"level":"warn","message":"This is a warning message.","timestamp":"2026-07-19T05:39:27.509Z"}
{"level":"error","message":"This is an error message.","timestamp":"2026-07-19T05:39:27.510Z"}
{"level":"info","message":"This is an information message.","timestamp":"2026-07-19T05:39:27.511Z"}
{"ip":"192.168.1.1","level":"info","message":"User logged in","timestamp":"2026-07-19T05:39:27.513Z","username":"johndoe"}
{"level":"info","message":"Model name sequelize","timestamp":"2026-07-19T05:39:27.877Z"}
{"level":"info","message":"Model name Sequelize","timestamp":"2026-07-19T05:39:27.878Z"}
{"level":"info","message":"Model name centralSequelize","timestamp":"2026-07-19T05:39:27.878Z"}
{"level":"info","message":"Model name spf","timestamp":"2026-07-19T05:39:27.879Z"}
{"level":"info","message":"Model name client","timestamp":"2026-07-19T05:39:27.879Z"}
{"level":"info","message":"Model name clientAudit","timestamp":"2026-07-19T05:39:27.884Z"}
{"level":"info","message":"Associating table ClientAudit with models","timestamp":"2026-07-19T05:39:27.886Z"}
{"level":"info","message":"Model name group","timestamp":"2026-07-19T05:39:27.890Z"}
{"level":"info","message":"Model name GroupMenuHeader","timestamp":"2026-07-19T05:39:27.892Z"}
{"level":"info","message":"Model name role","timestamp":"2026-07-19T05:39:27.892Z"}
{"level":"info","message":"Model name user","timestamp":"2026-07-19T05:39:27.897Z"}
{"level":"info","message":"Model name Agency","timestamp":"2026-07-19T05:39:27.900Z"}
{"level":"info","message":"Associating table Agency with models","timestamp":"2026-07-19T05:39:27.902Z"}
{"level":"info","message":"Model name Applicant","timestamp":"2026-07-19T05:39:27.905Z"}
{"level":"info","message":"Associating table Applicant with models","timestamp":"2026-07-19T05:39:27.908Z"}
{"level":"info","message":"Model name MOU","timestamp":"2026-07-19T05:39:27.931Z"}
{"level":"info","message":"Associating table Job with models","timestamp":"2026-07-19T05:39:27.936Z"}
{"level":"info","message":"Model name jobAdvertise","timestamp":"2026-07-19T05:39:27.948Z"}
{"level":"info","message":"Associating table JobAdvertise with models","timestamp":"2026-07-19T05:39:27.951Z"}
{"level":"info","message":"Model name JobBatch","timestamp":"2026-07-19T05:39:27.952Z"}
{"level":"info","message":"Associating table JobBatch with models","timestamp":"2026-07-19T05:39:27.954Z"}
{"level":"info","message":"Model name benefit","timestamp":"2026-07-19T05:39:27.962Z"}
{"level":"info","message":"Associating table Benefit with models","timestamp":"2026-07-19T05:39:27.962Z"}
{"level":"info","message":"Model name company","timestamp":"2026-07-19T05:39:27.966Z"}
{"level":"info","message":"Model name location","timestamp":"2026-07-19T05:39:27.969Z"}
{"level":"info","message":"Model name currency","timestamp":"2026-07-19T05:39:27.969Z"}
{"level":"info","message":"Model name currencyAudit","timestamp":"2026-07-19T05:39:27.970Z"}
{"level":"info","message":"Associating table CurrencyAudit with models","timestamp":"2026-07-19T05:39:27.971Z"}
{"level":"info","message":"Model name unit","timestamp":"2026-07-19T05:39:27.972Z"}
{"level":"info","message":"Model name printerModel","timestamp":"2026-07-19T05:39:27.987Z"}
{"level":"info","message":"Model name stockTransactionModel","timestamp":"2026-07-19T05:39:27.992Z"}
{"level":"info","message":"Model name mainCategory","timestamp":"2026-07-19T05:39:28.000Z"}
{"level":"info","message":"Model name category","timestamp":"2026-07-19T05:39:28.000Z"}
{"level":"info","message":"Associating table Color with models","timestamp":"2026-07-19T05:39:28.001Z"}
{"level":"info","message":"Model name student","timestamp":"2026-07-19T05:39:28.001Z"}
{"level":"info","message":"Associating table Student with models","timestamp":"2026-07-19T05:39:28.001Z"}
{"level":"info","message":"Model name nfcCard","timestamp":"2026-07-19T05:39:28.003Z"}
{"level":"info","message":"Associating table NfcCard with models","timestamp":"2026-07-19T05:39:28.003Z"}
{"level":"info","message":"Model name transactionEntry","timestamp":"2026-07-19T05:39:28.004Z"}
{"level":"info","message":"Associating table TransactionEntry","timestamp":"2026-07-19T05:39:28.004Z"}
{"level":"info","message":"Model name tax","timestamp":"2026-07-19T05:39:28.005Z"}
{"level":"info","message":"Model name product","timestamp":"2026-07-19T05:39:28.005Z"}
{"level":"info","message":"Model name productAudit","timestamp":"2026-07-19T05:39:28.032Z"}
{"level":"info","message":"Associating table ProductAudit with models","timestamp":"2026-07-19T05:39:28.036Z"}
{"level":"info","message":"Model name productTemp","timestamp":"2026-07-19T05:39:28.037Z"}
{"level":"info","message":"Model name productSize","timestamp":"2026-07-19T05:39:28.037Z"}
{"level":"info","message":"Model name image","timestamp":"2026-07-19T05:39:28.037Z"}
{"level":"info","message":"Associating table IMAGE with models","timestamp":"2026-07-19T05:39:28.037Z"}
{"level":"info","message":"Model name priceList","timestamp":"2026-07-19T05:39:28.037Z"}
{"level":"info","message":"Model name webProductGroup","timestamp":"2026-07-19T05:39:28.037Z"}
{"level":"info","message":"Model name customer","timestamp":"2026-07-19T05:39:28.037Z"}
{"level":"info","message":"Model name order","timestamp":"2026-07-19T05:39:28.037Z"}
{"level":"info","message":"Model name orderHIS","timestamp":"2026-07-19T05:39:28.037Z"}
{"level":"info","message":"Model name orderTable","timestamp":"2026-07-19T05:39:28.037Z"}
{"level":"info","message":"Model name recipe","timestamp":"2026-07-19T05:39:28.037Z"}
{"level":"info","message":"Model name table","timestamp":"2026-07-19T05:39:28.038Z"}
{"level":"info","message":"Model name ticket","timestamp":"2026-07-19T05:39:28.047Z"}
{"level":"info","message":"Model name promotion","timestamp":"2026-07-19T05:39:28.056Z"}
{"level":"info","message":"Model name ticketLine","timestamp":"2026-07-19T05:39:28.057Z"}
{"level":"info","message":"Model name MemberOffer","timestamp":"2026-07-19T05:39:28.059Z"}
{"level":"info","message":"Model name loyaltyTransaction","timestamp":"2026-07-19T05:39:28.060Z"}
{"level":"info","message":"Model name washjob","timestamp":"2026-07-19T05:39:28.060Z"}
{"level":"info","message":"Model name washjobHis","timestamp":"2026-07-19T05:39:28.060Z"}
{"level":"info","message":"Model name washjobline","timestamp":"2026-07-19T05:39:28.060Z"}
{"level":"info","message":"Model name QRRequest","timestamp":"2026-07-19T05:39:28.060Z"}
{"level":"info","message":"Associating table QRRequest with models","timestamp":"2026-07-19T05:39:28.060Z"}
{"level":"info","message":"Model name saleHeader","timestamp":"2026-07-19T05:39:28.061Z"}
{"level":"info","message":"Model name salePayment","timestamp":"2026-07-19T05:39:28.072Z"}
{"level":"info","message":"Model name saleLine","timestamp":"2026-07-19T05:39:28.077Z"}
{"level":"info","message":"Associating table SaleLine with models","timestamp":"2026-07-19T05:39:28.077Z"}
{"level":"info","message":"Model name quotationHeader","timestamp":"2026-07-19T05:39:28.080Z"}
{"level":"info","message":"Model name quotationLine","timestamp":"2026-07-19T05:39:28.080Z"}
{"level":"info","message":"Associating table QuotationLine with models","timestamp":"2026-07-19T05:39:28.080Z"}
{"level":"info","message":"Model name poHeader","timestamp":"2026-07-19T05:39:28.080Z"}
{"level":"info","message":"Model name poLine","timestamp":"2026-07-19T05:39:28.081Z"}
{"level":"info","message":"Model name poHeaderHIS","timestamp":"2026-07-19T05:39:28.081Z"}
{"level":"info","message":"Model name poLineHIS","timestamp":"2026-07-19T05:39:28.081Z"}
{"level":"info","message":"Model name receivingHeader","timestamp":"2026-07-19T05:39:28.081Z"}
{"level":"info","message":"Model name receivingLine","timestamp":"2026-07-19T05:39:28.081Z"}
{"level":"info","message":"Model name reservation","timestamp":"2026-07-19T05:39:28.081Z"}
{"level":"info","message":"Model name reservationLine","timestamp":"2026-07-19T05:39:28.081Z"}
{"level":"info","message":"Model name transferHeader","timestamp":"2026-07-19T05:39:28.081Z"}
{"level":"info","message":"Model name transferLine","timestamp":"2026-07-19T05:39:28.081Z"}
{"level":"info","message":"Model name menuHeader","timestamp":"2026-07-19T05:39:28.081Z"}
{"level":"info","message":"Model name menuLine","timestamp":"2026-07-19T05:39:28.081Z"}
{"level":"info","message":"Model name MenuHeaderLines","timestamp":"2026-07-19T05:39:28.081Z"}
{"level":"info","message":"Model name webMenuHeader","timestamp":"2026-07-19T05:39:28.081Z"}
{"level":"info","message":"Model name QRResponse","timestamp":"2026-07-19T05:39:28.081Z"}
{"level":"info","message":"Associating table QRResponse with models","timestamp":"2026-07-19T05:39:28.081Z"}
{"level":"info","message":"Model name PaymentCallback","timestamp":"2026-07-19T05:39:28.082Z"}
{"level":"info","message":"Associating table PaymentCallback with models","timestamp":"2026-07-19T05:39:28.082Z"}
{"level":"info","message":"Model name Color","timestamp":"2026-07-19T05:39:28.083Z"}
{"level":"info","message":"Associating table Color with models","timestamp":"2026-07-19T05:39:28.083Z"}
{"level":"info","message":"Model name Size","timestamp":"2026-07-19T05:39:28.084Z"}
{"level":"info","message":"Associating table Size with models","timestamp":"2026-07-19T05:39:28.084Z"}
{"level":"info","message":"Model name card","timestamp":"2026-07-19T05:39:28.085Z"}
{"level":"info","message":"Associating table Card with models","timestamp":"2026-07-19T05:39:28.085Z"}
{"level":"info","message":"Model name Transaction","timestamp":"2026-07-19T05:39:28.098Z"}
{"level":"info","message":"Model name glPostingBatch","timestamp":"2026-07-19T05:39:28.102Z"}
{"level":"info","message":"Model name gl","timestamp":"2026-07-19T05:39:28.102Z"}
{"level":"info","message":"Model name chartAccount","timestamp":"2026-07-19T05:39:28.102Z"}
{"level":"info","message":"Model name fixedAssetProduct","timestamp":"2026-07-19T05:39:28.102Z"}
{"level":"info","message":"Model name fixedAssetContract","timestamp":"2026-07-19T05:39:28.102Z"}
{"level":"info","message":"Model name fixedAssetDepreciation","timestamp":"2026-07-19T05:39:28.102Z"}
{"level":"info","message":"Model name apPaymentHeader","timestamp":"2026-07-19T05:39:28.102Z"}
{"level":"info","message":"Model name arReceiveHeader","timestamp":"2026-07-19T05:39:28.102Z"}
{"level":"info","message":"Model name payment","timestamp":"2026-07-19T05:39:28.102Z"}
{"level":"info","message":"Model name bank","timestamp":"2026-07-19T05:39:28.102Z"}
{"level":"info","message":"Model name bankAccount","timestamp":"2026-07-19T05:39:28.102Z"}
{"level":"info","message":"Associating table Bank with models","timestamp":"2026-07-19T05:39:28.103Z"}
{"level":"info","message":"Model name ministry","timestamp":"2026-07-19T05:39:28.103Z"}
{"level":"info","message":"Model name moneySettlement","timestamp":"2026-07-19T05:39:28.105Z"}
{"level":"info","message":"Model name moneyAdvanceAudit","timestamp":"2026-07-19T05:39:28.107Z"}
{"level":"info","message":"Associating table MoneyAdvanceAudit with models","timestamp":"2026-07-19T05:39:28.108Z"}
{"level":"info","message":"Model name moneyAdvance","timestamp":"2026-07-19T05:39:28.108Z"}
{"level":"info","message":"Associating table MoneyAdvance with models","timestamp":"2026-07-19T05:39:28.108Z"}
{"level":"info","message":"Model name AccountStatement","timestamp":"2026-07-19T05:39:28.114Z"}
{"level":"info","message":"Associating table AccountStatement with models","timestamp":"2026-07-19T05:39:28.118Z"}
{"level":"info","message":"Model name Project","timestamp":"2026-07-19T05:39:28.121Z"}
{"level":"info","message":"Model name ProjectBudget","timestamp":"2026-07-19T05:39:28.124Z"}
{"level":"info","message":"Model name ProjectContract","timestamp":"2026-07-19T05:39:28.124Z"}
{"level":"info","message":"Model name ProjectInvoice","timestamp":"2026-07-19T05:39:28.125Z"}
{"level":"info","message":"Model name WithdrawalApplication","timestamp":"2026-07-19T05:39:28.125Z"}
{"level":"info","message":"Model name revenue_target","timestamp":"2026-07-19T05:39:28.126Z"}
{"level":"info","message":"Model name apInvoice","timestamp":"2026-07-19T05:39:28.127Z"}
{"level":"info","message":"Associating table APInvoice with models","timestamp":"2026-07-19T05:39:28.127Z"}
{"level":"info","message":"Model name apInvoiceAudit","timestamp":"2026-07-19T05:39:28.131Z"}
{"level":"info","message":"Associating table APInvoiceAudit with models","timestamp":"2026-07-19T05:39:28.135Z"}
{"level":"info","message":"Model name invoiceLineItem","timestamp":"2026-07-19T05:39:28.138Z"}
{"level":"info","message":"Associating table InvoiceLineItem with models","timestamp":"2026-07-19T05:39:28.139Z"}
{"level":"info","message":"Model name apInvoiceSettlement","timestamp":"2026-07-19T05:39:28.140Z"}
{"level":"info","message":"Associating table APInvoiceSettlement with models","timestamp":"2026-07-19T05:39:28.141Z"}
{"level":"info","message":"Model name apSettlementAudit","timestamp":"2026-07-19T05:39:28.144Z"}
{"level":"info","message":"Associating table APSettlementAudit with models","timestamp":"2026-07-19T05:39:28.145Z"}
{"level":"info","message":"Model name apInvoiceSettlementLine","timestamp":"2026-07-19T05:39:28.145Z"}
{"level":"info","message":"Associating InvoiceSettlementLine with models","timestamp":"2026-07-19T05:39:28.145Z"}
{"level":"info","message":"Model name arInvoiceHeader","timestamp":"2026-07-19T05:39:28.146Z"}
{"level":"info","message":"Associating table ARInvoiceHeader with models","timestamp":"2026-07-19T05:39:28.147Z"}
{"level":"info","message":"Model name arInvoiceHeaderAudit","timestamp":"2026-07-19T05:39:28.150Z"}
{"level":"info","message":"Associating table ARInvoiceHeaderAudit with models","timestamp":"2026-07-19T05:39:28.151Z"}
{"level":"info","message":"Model name arInvoiceLine","timestamp":"2026-07-19T05:39:28.151Z"}
{"level":"info","message":"Associating table InvoiceLine with models","timestamp":"2026-07-19T05:39:28.151Z"}
{"level":"info","message":"Model name arReceiveHeaderV2","timestamp":"2026-07-19T05:39:28.153Z"}
{"level":"info","message":"Associating table ARReceiveHeader with models","timestamp":"2026-07-19T05:39:28.153Z"}
{"level":"info","message":"Model name arReceiveHeaderAudit","timestamp":"2026-07-19T05:39:28.156Z"}
{"level":"info","message":"Associating table ARReceiveHeaderAudit with models","timestamp":"2026-07-19T05:39:28.156Z"}
{"level":"info","message":"Model name arReceiveLine","timestamp":"2026-07-19T05:39:28.156Z"}
{"level":"info","message":"Associating table ReceiveLine with models","timestamp":"2026-07-19T05:39:28.157Z"}
{"level":"info","message":"Model name vendor","timestamp":"2026-07-19T05:39:28.158Z"}
{"level":"info","message":"Model name shipping","timestamp":"2026-07-19T05:39:28.158Z"}
{"level":"info","message":"Model name shipping_order","timestamp":"2026-07-19T05:39:28.158Z"}
{"level":"info","message":"Model name shipping_checkout_batch","timestamp":"2026-07-19T05:39:28.158Z"}
{"level":"info","message":"Model name service","timestamp":"2026-07-19T05:39:28.158Z"}
{"level":"info","message":"Model name authority","timestamp":"2026-07-19T05:39:28.158Z"}
{"level":"info","message":"Model name terminal","timestamp":"2026-07-19T05:39:28.158Z"}
{"level":"info","message":"Model name terminalAudit","timestamp":"2026-07-19T05:39:28.158Z"}
{"level":"info","message":"Associating table TerminalAudit with models","timestamp":"2026-07-19T05:39:28.159Z"}
{"level":"info","message":"Model name campaign","timestamp":"2026-07-19T05:39:28.160Z"}
{"level":"info","message":"Model name campaignEntry","timestamp":"2026-07-19T05:39:28.160Z"}
{"level":"info","message":"Model name rider","timestamp":"2026-07-19T05:39:28.160Z"}
{"level":"info","message":"Model name outlet","timestamp":"2026-07-19T05:39:28.160Z"}
{"level":"info","message":"Model name geography","timestamp":"2026-07-19T05:39:28.160Z"}
{"level":"info","message":"Model name country","timestamp":"2026-07-19T05:39:28.160Z"}
{"level":"info","message":"Model name village","timestamp":"2026-07-19T05:39:28.160Z"}
{"level":"info","message":"Model name district","timestamp":"2026-07-19T05:39:28.162Z"}
{"level":"info","message":"Model name accountDailyBalance","timestamp":"2026-07-19T05:39:28.162Z"}
{"level":"info","message":"Model name businessDate","timestamp":"2026-07-19T05:39:28.162Z"}
{"level":"info","message":"Model name tuturial","timestamp":"2026-07-19T05:39:28.162Z"}
{"level":"info","message":"tutorial_db Connection established","timestamp":"2026-07-19T05:39:28.344Z"}
{"level":"info","message":"client_db Connection established","timestamp":"2026-07-19T05:39:28.350Z"}
{"level":"info","message":"Running currency revaluation for bank account 127 at rate 20000","timestamp":"2026-07-19T05:39:28.385Z"}
{"level":"info","message":"Revaluation: Bank: USD Test Savings Account, Balance: 1000 USD. Book Value: 0 LAK, Revalued Value: 20000000 LAK, Variance: 20000000 LAK","timestamp":"2026-07-19T05:39:28.451Z"}
{"level":"info","message":"Created default revaluation account: Unrealized Exchange Gain","timestamp":"2026-07-19T05:39:28.468Z"}
{"level":"info","message":"Created default revaluation account: Unrealized Exchange Loss","timestamp":"2026-07-19T05:39:28.482Z"}
{"level":"error","message":"Currency Revaluation failed: (conn:134, no: 1265, SQLState: 01000) Data truncated for column 'module' at row 1\nsql: INSERT INTO `gl_posting_batch` (`id`,`batchNumber`,`runDate`,`startDate`,`endDate`,`module`,`totalEntriesPosted`,`totalAmountPosted`,`runByUserId`,`createdAt`,`updateTimestamp`) VALUES (DEFAULT,?,?,?,?,?,?,?,?,?,?); - parameters:['REVAL-USD-20260719-8482',...","timestamp":"2026-07-19T05:39:28.530Z"}
{"level":"info","message":"Hello, Winston!","timestamp":"2026-07-19T05:39:56.118Z"}
{"level":"warn","message":"This is a warning message.","timestamp":"2026-07-19T05:39:56.121Z"}
{"level":"error","message":"This is an error message.","timestamp":"2026-07-19T05:39:56.122Z"}
{"level":"info","message":"This is an information message.","timestamp":"2026-07-19T05:39:56.123Z"}
{"ip":"192.168.1.1","level":"info","message":"User logged in","timestamp":"2026-07-19T05:39:56.124Z","username":"johndoe"}
{"level":"info","message":"Model name sequelize","timestamp":"2026-07-19T05:39:56.452Z"}
{"level":"info","message":"Model name Sequelize","timestamp":"2026-07-19T05:39:56.453Z"}
{"level":"info","message":"Model name centralSequelize","timestamp":"2026-07-19T05:39:56.453Z"}
{"level":"info","message":"Model name spf","timestamp":"2026-07-19T05:39:56.454Z"}
{"level":"info","message":"Model name client","timestamp":"2026-07-19T05:39:56.455Z"}
{"level":"info","message":"Model name clientAudit","timestamp":"2026-07-19T05:39:56.459Z"}
{"level":"info","message":"Associating table ClientAudit with models","timestamp":"2026-07-19T05:39:56.461Z"}
{"level":"info","message":"Model name group","timestamp":"2026-07-19T05:39:56.464Z"}
{"level":"info","message":"Model name GroupMenuHeader","timestamp":"2026-07-19T05:39:56.467Z"}
{"level":"info","message":"Model name role","timestamp":"2026-07-19T05:39:56.467Z"}
{"level":"info","message":"Model name user","timestamp":"2026-07-19T05:39:56.473Z"}
{"level":"info","message":"Model name Agency","timestamp":"2026-07-19T05:39:56.476Z"}
{"level":"info","message":"Associating table Agency with models","timestamp":"2026-07-19T05:39:56.477Z"}
{"level":"info","message":"Model name Applicant","timestamp":"2026-07-19T05:39:56.481Z"}
{"level":"info","message":"Associating table Applicant with models","timestamp":"2026-07-19T05:39:56.484Z"}
{"level":"info","message":"Model name MOU","timestamp":"2026-07-19T05:39:56.508Z"}
{"level":"info","message":"Associating table Job with models","timestamp":"2026-07-19T05:39:56.513Z"}
{"level":"info","message":"Model name jobAdvertise","timestamp":"2026-07-19T05:39:56.526Z"}
{"level":"info","message":"Associating table JobAdvertise with models","timestamp":"2026-07-19T05:39:56.529Z"}
{"level":"info","message":"Model name JobBatch","timestamp":"2026-07-19T05:39:56.530Z"}
{"level":"info","message":"Associating table JobBatch with models","timestamp":"2026-07-19T05:39:56.532Z"}
{"level":"info","message":"Model name benefit","timestamp":"2026-07-19T05:39:56.540Z"}
{"level":"info","message":"Associating table Benefit with models","timestamp":"2026-07-19T05:39:56.540Z"}
{"level":"info","message":"Model name company","timestamp":"2026-07-19T05:39:56.544Z"}
{"level":"info","message":"Model name location","timestamp":"2026-07-19T05:39:56.547Z"}
{"level":"info","message":"Model name currency","timestamp":"2026-07-19T05:39:56.547Z"}
{"level":"info","message":"Model name currencyAudit","timestamp":"2026-07-19T05:39:56.548Z"}
{"level":"info","message":"Associating table CurrencyAudit with models","timestamp":"2026-07-19T05:39:56.548Z"}
{"level":"info","message":"Model name unit","timestamp":"2026-07-19T05:39:56.549Z"}
{"level":"info","message":"Model name printerModel","timestamp":"2026-07-19T05:39:56.565Z"}
{"level":"info","message":"Model name stockTransactionModel","timestamp":"2026-07-19T05:39:56.570Z"}
{"level":"info","message":"Model name mainCategory","timestamp":"2026-07-19T05:39:56.577Z"}
{"level":"info","message":"Model name category","timestamp":"2026-07-19T05:39:56.577Z"}
{"level":"info","message":"Associating table Color with models","timestamp":"2026-07-19T05:39:56.578Z"}
{"level":"info","message":"Model name student","timestamp":"2026-07-19T05:39:56.578Z"}
{"level":"info","message":"Associating table Student with models","timestamp":"2026-07-19T05:39:56.579Z"}
{"level":"info","message":"Model name nfcCard","timestamp":"2026-07-19T05:39:56.581Z"}
{"level":"info","message":"Associating table NfcCard with models","timestamp":"2026-07-19T05:39:56.581Z"}
{"level":"info","message":"Model name transactionEntry","timestamp":"2026-07-19T05:39:56.581Z"}
{"level":"info","message":"Associating table TransactionEntry","timestamp":"2026-07-19T05:39:56.581Z"}
{"level":"info","message":"Model name tax","timestamp":"2026-07-19T05:39:56.583Z"}
{"level":"info","message":"Model name product","timestamp":"2026-07-19T05:39:56.583Z"}
{"level":"info","message":"Model name productAudit","timestamp":"2026-07-19T05:39:56.610Z"}
{"level":"info","message":"Associating table ProductAudit with models","timestamp":"2026-07-19T05:39:56.614Z"}
{"level":"info","message":"Model name productTemp","timestamp":"2026-07-19T05:39:56.614Z"}
{"level":"info","message":"Model name productSize","timestamp":"2026-07-19T05:39:56.615Z"}
{"level":"info","message":"Model name image","timestamp":"2026-07-19T05:39:56.615Z"}
{"level":"info","message":"Associating table IMAGE with models","timestamp":"2026-07-19T05:39:56.615Z"}
{"level":"info","message":"Model name priceList","timestamp":"2026-07-19T05:39:56.615Z"}
{"level":"info","message":"Model name webProductGroup","timestamp":"2026-07-19T05:39:56.615Z"}
{"level":"info","message":"Model name customer","timestamp":"2026-07-19T05:39:56.615Z"}
{"level":"info","message":"Model name order","timestamp":"2026-07-19T05:39:56.615Z"}
{"level":"info","message":"Model name orderHIS","timestamp":"2026-07-19T05:39:56.615Z"}
{"level":"info","message":"Model name orderTable","timestamp":"2026-07-19T05:39:56.615Z"}
{"level":"info","message":"Model name recipe","timestamp":"2026-07-19T05:39:56.615Z"}
{"level":"info","message":"Model name table","timestamp":"2026-07-19T05:39:56.616Z"}
{"level":"info","message":"Model name ticket","timestamp":"2026-07-19T05:39:56.632Z"}
{"level":"info","message":"Model name promotion","timestamp":"2026-07-19T05:39:56.644Z"}
{"level":"info","message":"Model name ticketLine","timestamp":"2026-07-19T05:39:56.645Z"}
{"level":"info","message":"Model name MemberOffer","timestamp":"2026-07-19T05:39:56.647Z"}
{"level":"info","message":"Model name loyaltyTransaction","timestamp":"2026-07-19T05:39:56.647Z"}
{"level":"info","message":"Model name washjob","timestamp":"2026-07-19T05:39:56.647Z"}
{"level":"info","message":"Model name washjobHis","timestamp":"2026-07-19T05:39:56.648Z"}
{"level":"info","message":"Model name washjobline","timestamp":"2026-07-19T05:39:56.648Z"}
{"level":"info","message":"Model name QRRequest","timestamp":"2026-07-19T05:39:56.648Z"}
{"level":"info","message":"Associating table QRRequest with models","timestamp":"2026-07-19T05:39:56.648Z"}
{"level":"info","message":"Model name saleHeader","timestamp":"2026-07-19T05:39:56.648Z"}
{"level":"info","message":"Model name salePayment","timestamp":"2026-07-19T05:39:56.658Z"}
{"level":"info","message":"Model name saleLine","timestamp":"2026-07-19T05:39:56.663Z"}
{"level":"info","message":"Associating table SaleLine with models","timestamp":"2026-07-19T05:39:56.663Z"}
{"level":"info","message":"Model name quotationHeader","timestamp":"2026-07-19T05:39:56.666Z"}
{"level":"info","message":"Model name quotationLine","timestamp":"2026-07-19T05:39:56.666Z"}
{"level":"info","message":"Associating table QuotationLine with models","timestamp":"2026-07-19T05:39:56.666Z"}
{"level":"info","message":"Model name poHeader","timestamp":"2026-07-19T05:39:56.667Z"}
{"level":"info","message":"Model name poLine","timestamp":"2026-07-19T05:39:56.667Z"}
{"level":"info","message":"Model name poHeaderHIS","timestamp":"2026-07-19T05:39:56.667Z"}
{"level":"info","message":"Model name poLineHIS","timestamp":"2026-07-19T05:39:56.667Z"}
{"level":"info","message":"Model name receivingHeader","timestamp":"2026-07-19T05:39:56.667Z"}
{"level":"info","message":"Model name receivingLine","timestamp":"2026-07-19T05:39:56.667Z"}
{"level":"info","message":"Model name reservation","timestamp":"2026-07-19T05:39:56.667Z"}
{"level":"info","message":"Model name reservationLine","timestamp":"2026-07-19T05:39:56.667Z"}
{"level":"info","message":"Model name transferHeader","timestamp":"2026-07-19T05:39:56.667Z"}
{"level":"info","message":"Model name transferLine","timestamp":"2026-07-19T05:39:56.667Z"}
{"level":"info","message":"Model name menuHeader","timestamp":"2026-07-19T05:39:56.667Z"}
{"level":"info","message":"Model name menuLine","timestamp":"2026-07-19T05:39:56.667Z"}
{"level":"info","message":"Model name MenuHeaderLines","timestamp":"2026-07-19T05:39:56.667Z"}
{"level":"info","message":"Model name webMenuHeader","timestamp":"2026-07-19T05:39:56.667Z"}
{"level":"info","message":"Model name QRResponse","timestamp":"2026-07-19T05:39:56.667Z"}
{"level":"info","message":"Associating table QRResponse with models","timestamp":"2026-07-19T05:39:56.667Z"}
{"level":"info","message":"Model name PaymentCallback","timestamp":"2026-07-19T05:39:56.668Z"}
{"level":"info","message":"Associating table PaymentCallback with models","timestamp":"2026-07-19T05:39:56.668Z"}
{"level":"info","message":"Model name Color","timestamp":"2026-07-19T05:39:56.668Z"}
{"level":"info","message":"Associating table Color with models","timestamp":"2026-07-19T05:39:56.668Z"}
{"level":"info","message":"Model name Size","timestamp":"2026-07-19T05:39:56.669Z"}
{"level":"info","message":"Associating table Size with models","timestamp":"2026-07-19T05:39:56.669Z"}
{"level":"info","message":"Model name card","timestamp":"2026-07-19T05:39:56.670Z"}
{"level":"info","message":"Associating table Card with models","timestamp":"2026-07-19T05:39:56.670Z"}
{"level":"info","message":"Model name Transaction","timestamp":"2026-07-19T05:39:56.681Z"}
{"level":"info","message":"Model name glPostingBatch","timestamp":"2026-07-19T05:39:56.684Z"}
{"level":"info","message":"Model name gl","timestamp":"2026-07-19T05:39:56.684Z"}
{"level":"info","message":"Model name chartAccount","timestamp":"2026-07-19T05:39:56.684Z"}
{"level":"info","message":"Model name fixedAssetProduct","timestamp":"2026-07-19T05:39:56.684Z"}
{"level":"info","message":"Model name fixedAssetContract","timestamp":"2026-07-19T05:39:56.684Z"}
{"level":"info","message":"Model name fixedAssetDepreciation","timestamp":"2026-07-19T05:39:56.684Z"}
{"level":"info","message":"Model name apPaymentHeader","timestamp":"2026-07-19T05:39:56.684Z"}
{"level":"info","message":"Model name arReceiveHeader","timestamp":"2026-07-19T05:39:56.684Z"}
{"level":"info","message":"Model name payment","timestamp":"2026-07-19T05:39:56.684Z"}
{"level":"info","message":"Model name bank","timestamp":"2026-07-19T05:39:56.684Z"}
{"level":"info","message":"Model name bankAccount","timestamp":"2026-07-19T05:39:56.684Z"}
{"level":"info","message":"Associating table Bank with models","timestamp":"2026-07-19T05:39:56.684Z"}
{"level":"info","message":"Model name ministry","timestamp":"2026-07-19T05:39:56.685Z"}
{"level":"info","message":"Model name moneySettlement","timestamp":"2026-07-19T05:39:56.687Z"}
{"level":"info","message":"Model name moneyAdvanceAudit","timestamp":"2026-07-19T05:39:56.689Z"}
{"level":"info","message":"Associating table MoneyAdvanceAudit with models","timestamp":"2026-07-19T05:39:56.689Z"}
{"level":"info","message":"Model name moneyAdvance","timestamp":"2026-07-19T05:39:56.690Z"}
{"level":"info","message":"Associating table MoneyAdvance with models","timestamp":"2026-07-19T05:39:56.690Z"}
{"level":"info","message":"Model name AccountStatement","timestamp":"2026-07-19T05:39:56.700Z"}
{"level":"info","message":"Associating table AccountStatement with models","timestamp":"2026-07-19T05:39:56.703Z"}
{"level":"info","message":"Model name Project","timestamp":"2026-07-19T05:39:56.704Z"}
{"level":"info","message":"Model name ProjectBudget","timestamp":"2026-07-19T05:39:56.706Z"}
{"level":"info","message":"Model name ProjectContract","timestamp":"2026-07-19T05:39:56.707Z"}
{"level":"info","message":"Model name ProjectInvoice","timestamp":"2026-07-19T05:39:56.708Z"}
{"level":"info","message":"Model name WithdrawalApplication","timestamp":"2026-07-19T05:39:56.708Z"}
{"level":"info","message":"Model name revenue_target","timestamp":"2026-07-19T05:39:56.709Z"}
{"level":"info","message":"Model name apInvoice","timestamp":"2026-07-19T05:39:56.709Z"}
{"level":"info","message":"Associating table APInvoice with models","timestamp":"2026-07-19T05:39:56.709Z"}
{"level":"info","message":"Model name apInvoiceAudit","timestamp":"2026-07-19T05:39:56.712Z"}
{"level":"info","message":"Associating table APInvoiceAudit with models","timestamp":"2026-07-19T05:39:56.719Z"}
{"level":"info","message":"Model name invoiceLineItem","timestamp":"2026-07-19T05:39:56.723Z"}
{"level":"info","message":"Associating table InvoiceLineItem with models","timestamp":"2026-07-19T05:39:56.723Z"}
{"level":"info","message":"Model name apInvoiceSettlement","timestamp":"2026-07-19T05:39:56.725Z"}
{"level":"info","message":"Associating table APInvoiceSettlement with models","timestamp":"2026-07-19T05:39:56.725Z"}
{"level":"info","message":"Model name apSettlementAudit","timestamp":"2026-07-19T05:39:56.728Z"}
{"level":"info","message":"Associating table APSettlementAudit with models","timestamp":"2026-07-19T05:39:56.728Z"}
{"level":"info","message":"Model name apInvoiceSettlementLine","timestamp":"2026-07-19T05:39:56.728Z"}
{"level":"info","message":"Associating InvoiceSettlementLine with models","timestamp":"2026-07-19T05:39:56.729Z"}
{"level":"info","message":"Model name arInvoiceHeader","timestamp":"2026-07-19T05:39:56.730Z"}
{"level":"info","message":"Associating table ARInvoiceHeader with models","timestamp":"2026-07-19T05:39:56.730Z"}
{"level":"info","message":"Model name arInvoiceHeaderAudit","timestamp":"2026-07-19T05:39:56.733Z"}
{"level":"info","message":"Associating table ARInvoiceHeaderAudit with models","timestamp":"2026-07-19T05:39:56.733Z"}
{"level":"info","message":"Model name arInvoiceLine","timestamp":"2026-07-19T05:39:56.734Z"}
{"level":"info","message":"Associating table InvoiceLine with models","timestamp":"2026-07-19T05:39:56.734Z"}
{"level":"info","message":"Model name arReceiveHeaderV2","timestamp":"2026-07-19T05:39:56.735Z"}
{"level":"info","message":"Associating table ARReceiveHeader with models","timestamp":"2026-07-19T05:39:56.735Z"}
{"level":"info","message":"Model name arReceiveHeaderAudit","timestamp":"2026-07-19T05:39:56.738Z"}
{"level":"info","message":"Associating table ARReceiveHeaderAudit with models","timestamp":"2026-07-19T05:39:56.738Z"}
{"level":"info","message":"Model name arReceiveLine","timestamp":"2026-07-19T05:39:56.738Z"}
{"level":"info","message":"Associating table ReceiveLine with models","timestamp":"2026-07-19T05:39:56.738Z"}
{"level":"info","message":"Model name vendor","timestamp":"2026-07-19T05:39:56.739Z"}
{"level":"info","message":"Model name shipping","timestamp":"2026-07-19T05:39:56.739Z"}
{"level":"info","message":"Model name shipping_order","timestamp":"2026-07-19T05:39:56.739Z"}
{"level":"info","message":"Model name shipping_checkout_batch","timestamp":"2026-07-19T05:39:56.739Z"}
{"level":"info","message":"Model name service","timestamp":"2026-07-19T05:39:56.739Z"}
{"level":"info","message":"Model name authority","timestamp":"2026-07-19T05:39:56.739Z"}
{"level":"info","message":"Model name terminal","timestamp":"2026-07-19T05:39:56.739Z"}
{"level":"info","message":"Model name terminalAudit","timestamp":"2026-07-19T05:39:56.740Z"}
{"level":"info","message":"Associating table TerminalAudit with models","timestamp":"2026-07-19T05:39:56.740Z"}
{"level":"info","message":"Model name campaign","timestamp":"2026-07-19T05:39:56.741Z"}
{"level":"info","message":"Model name campaignEntry","timestamp":"2026-07-19T05:39:56.741Z"}
{"level":"info","message":"Model name rider","timestamp":"2026-07-19T05:39:56.741Z"}
{"level":"info","message":"Model name outlet","timestamp":"2026-07-19T05:39:56.741Z"}
{"level":"info","message":"Model name geography","timestamp":"2026-07-19T05:39:56.741Z"}
{"level":"info","message":"Model name country","timestamp":"2026-07-19T05:39:56.741Z"}
{"level":"info","message":"Model name village","timestamp":"2026-07-19T05:39:56.741Z"}
{"level":"info","message":"Model name district","timestamp":"2026-07-19T05:39:56.742Z"}
{"level":"info","message":"Model name accountDailyBalance","timestamp":"2026-07-19T05:39:56.742Z"}
{"level":"info","message":"Model name businessDate","timestamp":"2026-07-19T05:39:56.742Z"}
{"level":"info","message":"Model name tuturial","timestamp":"2026-07-19T05:39:56.742Z"}
{"level":"info","message":"client_db Connection established","timestamp":"2026-07-19T05:39:56.913Z"}
{"level":"info","message":"tutorial_db Connection established","timestamp":"2026-07-19T05:39:56.922Z"}
{"level":"info","message":"Running currency revaluation for bank account 128 at rate 20000","timestamp":"2026-07-19T05:39:57.051Z"}
{"level":"info","message":"Revaluation: Bank: USD Test Savings Account, Balance: 1000 USD. Book Value: 0 LAK, Revalued Value: 20000000 LAK, Variance: 20000000 LAK","timestamp":"2026-07-19T05:39:57.088Z"}
{"level":"info","message":"Hello, Winston!","timestamp":"2026-07-19T05:40:57.066Z"}
{"level":"warn","message":"This is a warning message.","timestamp":"2026-07-19T05:40:57.070Z"}
{"level":"error","message":"This is an error message.","timestamp":"2026-07-19T05:40:57.070Z"}
{"level":"info","message":"This is an information message.","timestamp":"2026-07-19T05:40:57.071Z"}
{"ip":"192.168.1.1","level":"info","message":"User logged in","timestamp":"2026-07-19T05:40:57.073Z","username":"johndoe"}
{"level":"info","message":"Model name sequelize","timestamp":"2026-07-19T05:40:57.432Z"}
{"level":"info","message":"Model name Sequelize","timestamp":"2026-07-19T05:40:57.434Z"}
{"level":"info","message":"Model name centralSequelize","timestamp":"2026-07-19T05:40:57.434Z"}
{"level":"info","message":"Model name spf","timestamp":"2026-07-19T05:40:57.435Z"}
{"level":"info","message":"Model name client","timestamp":"2026-07-19T05:40:57.435Z"}
{"level":"info","message":"Model name clientAudit","timestamp":"2026-07-19T05:40:57.445Z"}
{"level":"info","message":"Associating table ClientAudit with models","timestamp":"2026-07-19T05:40:57.447Z"}
{"level":"info","message":"Model name group","timestamp":"2026-07-19T05:40:57.453Z"}
{"level":"info","message":"Model name GroupMenuHeader","timestamp":"2026-07-19T05:40:57.455Z"}
{"level":"info","message":"Model name role","timestamp":"2026-07-19T05:40:57.456Z"}
{"level":"info","message":"Model name user","timestamp":"2026-07-19T05:40:57.463Z"}
{"level":"info","message":"Model name Agency","timestamp":"2026-07-19T05:40:57.465Z"}
{"level":"info","message":"Associating table Agency with models","timestamp":"2026-07-19T05:40:57.466Z"}
{"level":"info","message":"Model name Applicant","timestamp":"2026-07-19T05:40:57.470Z"}
{"level":"info","message":"Associating table Applicant with models","timestamp":"2026-07-19T05:40:57.472Z"}
{"level":"info","message":"Model name MOU","timestamp":"2026-07-19T05:40:57.493Z"}
{"level":"info","message":"Associating table Job with models","timestamp":"2026-07-19T05:40:57.497Z"}
{"level":"info","message":"Model name jobAdvertise","timestamp":"2026-07-19T05:40:57.506Z"}
{"level":"info","message":"Associating table JobAdvertise with models","timestamp":"2026-07-19T05:40:57.510Z"}
{"level":"info","message":"Model name JobBatch","timestamp":"2026-07-19T05:40:57.514Z"}
{"level":"info","message":"Associating table JobBatch with models","timestamp":"2026-07-19T05:40:57.516Z"}
{"level":"info","message":"Model name benefit","timestamp":"2026-07-19T05:40:57.523Z"}
{"level":"info","message":"Associating table Benefit with models","timestamp":"2026-07-19T05:40:57.523Z"}
{"level":"info","message":"Model name company","timestamp":"2026-07-19T05:40:57.526Z"}
{"level":"info","message":"Model name location","timestamp":"2026-07-19T05:40:57.528Z"}
{"level":"info","message":"Model name currency","timestamp":"2026-07-19T05:40:57.528Z"}
{"level":"info","message":"Model name currencyAudit","timestamp":"2026-07-19T05:40:57.529Z"}
{"level":"info","message":"Associating table CurrencyAudit with models","timestamp":"2026-07-19T05:40:57.529Z"}
{"level":"info","message":"Model name unit","timestamp":"2026-07-19T05:40:57.530Z"}
{"level":"info","message":"Model name printerModel","timestamp":"2026-07-19T05:40:57.543Z"}
{"level":"info","message":"Model name stockTransactionModel","timestamp":"2026-07-19T05:40:57.547Z"}
{"level":"info","message":"Model name mainCategory","timestamp":"2026-07-19T05:40:57.555Z"}
{"level":"info","message":"Model name category","timestamp":"2026-07-19T05:40:57.556Z"}
{"level":"info","message":"Associating table Color with models","timestamp":"2026-07-19T05:40:57.556Z"}
{"level":"info","message":"Model name student","timestamp":"2026-07-19T05:40:57.556Z"}
{"level":"info","message":"Associating table Student with models","timestamp":"2026-07-19T05:40:57.556Z"}
{"level":"info","message":"Model name nfcCard","timestamp":"2026-07-19T05:40:57.558Z"}
{"level":"info","message":"Associating table NfcCard with models","timestamp":"2026-07-19T05:40:57.558Z"}
{"level":"info","message":"Model name transactionEntry","timestamp":"2026-07-19T05:40:57.559Z"}
{"level":"info","message":"Associating table TransactionEntry","timestamp":"2026-07-19T05:40:57.559Z"}
{"level":"info","message":"Model name tax","timestamp":"2026-07-19T05:40:57.560Z"}
{"level":"info","message":"Model name product","timestamp":"2026-07-19T05:40:57.560Z"}
{"level":"info","message":"Model name productAudit","timestamp":"2026-07-19T05:40:57.587Z"}
{"level":"info","message":"Associating table ProductAudit with models","timestamp":"2026-07-19T05:40:57.590Z"}
{"level":"info","message":"Model name productTemp","timestamp":"2026-07-19T05:40:57.591Z"}
{"level":"info","message":"Model name productSize","timestamp":"2026-07-19T05:40:57.591Z"}
{"level":"info","message":"Model name image","timestamp":"2026-07-19T05:40:57.591Z"}
{"level":"info","message":"Associating table IMAGE with models","timestamp":"2026-07-19T05:40:57.591Z"}
{"level":"info","message":"Model name priceList","timestamp":"2026-07-19T05:40:57.592Z"}
{"level":"info","message":"Model name webProductGroup","timestamp":"2026-07-19T05:40:57.592Z"}
{"level":"info","message":"Model name customer","timestamp":"2026-07-19T05:40:57.592Z"}
{"level":"info","message":"Model name order","timestamp":"2026-07-19T05:40:57.592Z"}
{"level":"info","message":"Model name orderHIS","timestamp":"2026-07-19T05:40:57.592Z"}
{"level":"info","message":"Model name orderTable","timestamp":"2026-07-19T05:40:57.592Z"}
{"level":"info","message":"Model name recipe","timestamp":"2026-07-19T05:40:57.592Z"}
{"level":"info","message":"Model name table","timestamp":"2026-07-19T05:40:57.592Z"}
{"level":"info","message":"Model name ticket","timestamp":"2026-07-19T05:40:57.601Z"}
{"level":"info","message":"Model name promotion","timestamp":"2026-07-19T05:40:57.610Z"}
{"level":"info","message":"Model name ticketLine","timestamp":"2026-07-19T05:40:57.611Z"}
{"level":"info","message":"Model name MemberOffer","timestamp":"2026-07-19T05:40:57.612Z"}
{"level":"info","message":"Model name loyaltyTransaction","timestamp":"2026-07-19T05:40:57.613Z"}
{"level":"info","message":"Model name washjob","timestamp":"2026-07-19T05:40:57.613Z"}
{"level":"info","message":"Model name washjobHis","timestamp":"2026-07-19T05:40:57.613Z"}
{"level":"info","message":"Model name washjobline","timestamp":"2026-07-19T05:40:57.613Z"}
{"level":"info","message":"Model name QRRequest","timestamp":"2026-07-19T05:40:57.613Z"}
{"level":"info","message":"Associating table QRRequest with models","timestamp":"2026-07-19T05:40:57.614Z"}
{"level":"info","message":"Model name saleHeader","timestamp":"2026-07-19T05:40:57.614Z"}
{"level":"info","message":"Model name salePayment","timestamp":"2026-07-19T05:40:57.624Z"}
{"level":"info","message":"Model name saleLine","timestamp":"2026-07-19T05:40:57.628Z"}
{"level":"info","message":"Associating table SaleLine with models","timestamp":"2026-07-19T05:40:57.628Z"}
{"level":"info","message":"Model name quotationHeader","timestamp":"2026-07-19T05:40:57.631Z"}
{"level":"info","message":"Model name quotationLine","timestamp":"2026-07-19T05:40:57.631Z"}
{"level":"info","message":"Associating table QuotationLine with models","timestamp":"2026-07-19T05:40:57.631Z"}
{"level":"info","message":"Model name poHeader","timestamp":"2026-07-19T05:40:57.631Z"}
{"level":"info","message":"Model name poLine","timestamp":"2026-07-19T05:40:57.631Z"}
{"level":"info","message":"Model name poHeaderHIS","timestamp":"2026-07-19T05:40:57.631Z"}
{"level":"info","message":"Model name poLineHIS","timestamp":"2026-07-19T05:40:57.631Z"}
{"level":"info","message":"Model name receivingHeader","timestamp":"2026-07-19T05:40:57.631Z"}
{"level":"info","message":"Model name receivingLine","timestamp":"2026-07-19T05:40:57.631Z"}
{"level":"info","message":"Model name reservation","timestamp":"2026-07-19T05:40:57.631Z"}
{"level":"info","message":"Model name reservationLine","timestamp":"2026-07-19T05:40:57.631Z"}
{"level":"info","message":"Model name transferHeader","timestamp":"2026-07-19T05:40:57.631Z"}
{"level":"info","message":"Model name transferLine","timestamp":"2026-07-19T05:40:57.632Z"}
{"level":"info","message":"Model name menuHeader","timestamp":"2026-07-19T05:40:57.632Z"}
{"level":"info","message":"Model name menuLine","timestamp":"2026-07-19T05:40:57.632Z"}
{"level":"info","message":"Model name MenuHeaderLines","timestamp":"2026-07-19T05:40:57.632Z"}
{"level":"info","message":"Model name webMenuHeader","timestamp":"2026-07-19T05:40:57.632Z"}
{"level":"info","message":"Model name QRResponse","timestamp":"2026-07-19T05:40:57.632Z"}
{"level":"info","message":"Associating table QRResponse with models","timestamp":"2026-07-19T05:40:57.632Z"}
{"level":"info","message":"Model name PaymentCallback","timestamp":"2026-07-19T05:40:57.632Z"}
{"level":"info","message":"Associating table PaymentCallback with models","timestamp":"2026-07-19T05:40:57.632Z"}
{"level":"info","message":"Model name Color","timestamp":"2026-07-19T05:40:57.633Z"}
{"level":"info","message":"Associating table Color with models","timestamp":"2026-07-19T05:40:57.634Z"}
{"level":"info","message":"Model name Size","timestamp":"2026-07-19T05:40:57.636Z"}
{"level":"info","message":"Associating table Size with models","timestamp":"2026-07-19T05:40:57.636Z"}
{"level":"info","message":"Model name card","timestamp":"2026-07-19T05:40:57.637Z"}
{"level":"info","message":"Associating table Card with models","timestamp":"2026-07-19T05:40:57.637Z"}
{"level":"info","message":"Model name Transaction","timestamp":"2026-07-19T05:40:57.649Z"}
{"level":"info","message":"Model name glPostingBatch","timestamp":"2026-07-19T05:40:57.652Z"}
{"level":"info","message":"Model name gl","timestamp":"2026-07-19T05:40:57.652Z"}
{"level":"info","message":"Model name chartAccount","timestamp":"2026-07-19T05:40:57.652Z"}
{"level":"info","message":"Model name fixedAssetProduct","timestamp":"2026-07-19T05:40:57.652Z"}
{"level":"info","message":"Model name fixedAssetContract","timestamp":"2026-07-19T05:40:57.652Z"}
{"level":"info","message":"Model name fixedAssetDepreciation","timestamp":"2026-07-19T05:40:57.652Z"}
{"level":"info","message":"Model name apPaymentHeader","timestamp":"2026-07-19T05:40:57.652Z"}
{"level":"info","message":"Model name arReceiveHeader","timestamp":"2026-07-19T05:40:57.652Z"}
{"level":"info","message":"Model name payment","timestamp":"2026-07-19T05:40:57.652Z"}
{"level":"info","message":"Model name bank","timestamp":"2026-07-19T05:40:57.652Z"}
{"level":"info","message":"Model name bankAccount","timestamp":"2026-07-19T05:40:57.652Z"}
{"level":"info","message":"Associating table Bank with models","timestamp":"2026-07-19T05:40:57.653Z"}
{"level":"info","message":"Model name ministry","timestamp":"2026-07-19T05:40:57.654Z"}
{"level":"info","message":"Model name moneySettlement","timestamp":"2026-07-19T05:40:57.656Z"}
{"level":"info","message":"Model name moneyAdvanceAudit","timestamp":"2026-07-19T05:40:57.658Z"}
{"level":"info","message":"Associating table MoneyAdvanceAudit with models","timestamp":"2026-07-19T05:40:57.658Z"}
{"level":"info","message":"Model name moneyAdvance","timestamp":"2026-07-19T05:40:57.659Z"}
{"level":"info","message":"Associating table MoneyAdvance with models","timestamp":"2026-07-19T05:40:57.659Z"}
{"level":"info","message":"Model name AccountStatement","timestamp":"2026-07-19T05:40:57.661Z"}
{"level":"info","message":"Associating table AccountStatement with models","timestamp":"2026-07-19T05:40:57.665Z"}
{"level":"info","message":"Model name Project","timestamp":"2026-07-19T05:40:57.669Z"}
{"level":"info","message":"Model name ProjectBudget","timestamp":"2026-07-19T05:40:57.671Z"}
{"level":"info","message":"Model name ProjectContract","timestamp":"2026-07-19T05:40:57.671Z"}
{"level":"info","message":"Model name ProjectInvoice","timestamp":"2026-07-19T05:40:57.672Z"}
{"level":"info","message":"Model name WithdrawalApplication","timestamp":"2026-07-19T05:40:57.673Z"}
{"level":"info","message":"Model name revenue_target","timestamp":"2026-07-19T05:40:57.673Z"}
{"level":"info","message":"Model name apInvoice","timestamp":"2026-07-19T05:40:57.674Z"}
{"level":"info","message":"Associating table APInvoice with models","timestamp":"2026-07-19T05:40:57.674Z"}
{"level":"info","message":"Model name apInvoiceAudit","timestamp":"2026-07-19T05:40:57.677Z"}
{"level":"info","message":"Associating table APInvoiceAudit with models","timestamp":"2026-07-19T05:40:57.679Z"}
{"level":"info","message":"Model name invoiceLineItem","timestamp":"2026-07-19T05:40:57.685Z"}
{"level":"info","message":"Associating table InvoiceLineItem with models","timestamp":"2026-07-19T05:40:57.685Z"}
{"level":"info","message":"Model name apInvoiceSettlement","timestamp":"2026-07-19T05:40:57.686Z"}
{"level":"info","message":"Associating table APInvoiceSettlement with models","timestamp":"2026-07-19T05:40:57.686Z"}
{"level":"info","message":"Model name apSettlementAudit","timestamp":"2026-07-19T05:40:57.689Z"}
{"level":"info","message":"Associating table APSettlementAudit with models","timestamp":"2026-07-19T05:40:57.690Z"}
{"level":"info","message":"Model name apInvoiceSettlementLine","timestamp":"2026-07-19T05:40:57.690Z"}
{"level":"info","message":"Associating InvoiceSettlementLine with models","timestamp":"2026-07-19T05:40:57.690Z"}
{"level":"info","message":"Model name arInvoiceHeader","timestamp":"2026-07-19T05:40:57.691Z"}
{"level":"info","message":"Associating table ARInvoiceHeader with models","timestamp":"2026-07-19T05:40:57.691Z"}
{"level":"info","message":"Model name arInvoiceHeaderAudit","timestamp":"2026-07-19T05:40:57.694Z"}
{"level":"info","message":"Associating table ARInvoiceHeaderAudit with models","timestamp":"2026-07-19T05:40:57.695Z"}
{"level":"info","message":"Model name arInvoiceLine","timestamp":"2026-07-19T05:40:57.695Z"}
{"level":"info","message":"Associating table InvoiceLine with models","timestamp":"2026-07-19T05:40:57.695Z"}
{"level":"info","message":"Model name arReceiveHeaderV2","timestamp":"2026-07-19T05:40:57.697Z"}
{"level":"info","message":"Associating table ARReceiveHeader with models","timestamp":"2026-07-19T05:40:57.697Z"}
{"level":"info","message":"Model name arReceiveHeaderAudit","timestamp":"2026-07-19T05:40:57.699Z"}
{"level":"info","message":"Associating table ARReceiveHeaderAudit with models","timestamp":"2026-07-19T05:40:57.700Z"}
{"level":"info","message":"Model name arReceiveLine","timestamp":"2026-07-19T05:40:57.700Z"}
{"level":"info","message":"Associating table ReceiveLine with models","timestamp":"2026-07-19T05:40:57.700Z"}
{"level":"info","message":"Model name vendor","timestamp":"2026-07-19T05:40:57.701Z"}
{"level":"info","message":"Model name shipping","timestamp":"2026-07-19T05:40:57.701Z"}
{"level":"info","message":"Model name shipping_order","timestamp":"2026-07-19T05:40:57.701Z"}
{"level":"info","message":"Model name shipping_checkout_batch","timestamp":"2026-07-19T05:40:57.701Z"}
{"level":"info","message":"Model name service","timestamp":"2026-07-19T05:40:57.701Z"}
{"level":"info","message":"Model name authority","timestamp":"2026-07-19T05:40:57.701Z"}
{"level":"info","message":"Model name terminal","timestamp":"2026-07-19T05:40:57.701Z"}
{"level":"info","message":"Model name terminalAudit","timestamp":"2026-07-19T05:40:57.702Z"}
{"level":"info","message":"Associating table TerminalAudit with models","timestamp":"2026-07-19T05:40:57.702Z"}
{"level":"info","message":"Model name campaign","timestamp":"2026-07-19T05:40:57.704Z"}
{"level":"info","message":"Model name campaignEntry","timestamp":"2026-07-19T05:40:57.704Z"}
{"level":"info","message":"Model name rider","timestamp":"2026-07-19T05:40:57.704Z"}
{"level":"info","message":"Model name outlet","timestamp":"2026-07-19T05:40:57.704Z"}
{"level":"info","message":"Model name geography","timestamp":"2026-07-19T05:40:57.704Z"}
{"level":"info","message":"Model name country","timestamp":"2026-07-19T05:40:57.704Z"}
{"level":"info","message":"Model name village","timestamp":"2026-07-19T05:40:57.704Z"}
{"level":"info","message":"Model name district","timestamp":"2026-07-19T05:40:57.705Z"}
{"level":"info","message":"Model name accountDailyBalance","timestamp":"2026-07-19T05:40:57.705Z"}
{"level":"info","message":"Model name businessDate","timestamp":"2026-07-19T05:40:57.705Z"}
{"level":"info","message":"Model name tuturial","timestamp":"2026-07-19T05:40:57.705Z"}
{"level":"info","message":"tutorial_db Connection established","timestamp":"2026-07-19T05:40:57.875Z"}
{"level":"info","message":"client_db Connection established","timestamp":"2026-07-19T05:40:57.881Z"}
{"level":"info","message":"Hello, Winston!","timestamp":"2026-07-19T05:41:46.295Z"}
{"level":"warn","message":"This is a warning message.","timestamp":"2026-07-19T05:41:46.298Z"}
{"level":"error","message":"This is an error message.","timestamp":"2026-07-19T05:41:46.299Z"}
{"level":"info","message":"This is an information message.","timestamp":"2026-07-19T05:41:46.300Z"}
{"ip":"192.168.1.1","level":"info","message":"User logged in","timestamp":"2026-07-19T05:41:46.302Z","username":"johndoe"}
{"level":"info","message":"Model name sequelize","timestamp":"2026-07-19T05:41:46.624Z"}
{"level":"info","message":"Model name Sequelize","timestamp":"2026-07-19T05:41:46.626Z"}
{"level":"info","message":"Model name centralSequelize","timestamp":"2026-07-19T05:41:46.626Z"}
{"level":"info","message":"Model name spf","timestamp":"2026-07-19T05:41:46.627Z"}
{"level":"info","message":"Model name client","timestamp":"2026-07-19T05:41:46.628Z"}
{"level":"info","message":"Model name clientAudit","timestamp":"2026-07-19T05:41:46.632Z"}
{"level":"info","message":"Associating table ClientAudit with models","timestamp":"2026-07-19T05:41:46.634Z"}
{"level":"info","message":"Model name group","timestamp":"2026-07-19T05:41:46.638Z"}
{"level":"info","message":"Model name GroupMenuHeader","timestamp":"2026-07-19T05:41:46.640Z"}
{"level":"info","message":"Model name role","timestamp":"2026-07-19T05:41:46.640Z"}
{"level":"info","message":"Model name user","timestamp":"2026-07-19T05:41:46.646Z"}
{"level":"info","message":"Model name Agency","timestamp":"2026-07-19T05:41:46.649Z"}
{"level":"info","message":"Associating table Agency with models","timestamp":"2026-07-19T05:41:46.651Z"}
{"level":"info","message":"Model name Applicant","timestamp":"2026-07-19T05:41:46.654Z"}
{"level":"info","message":"Associating table Applicant with models","timestamp":"2026-07-19T05:41:46.657Z"}
{"level":"info","message":"Model name MOU","timestamp":"2026-07-19T05:41:46.682Z"}
{"level":"info","message":"Associating table Job with models","timestamp":"2026-07-19T05:41:46.687Z"}
{"level":"info","message":"Model name jobAdvertise","timestamp":"2026-07-19T05:41:46.701Z"}
{"level":"info","message":"Associating table JobAdvertise with models","timestamp":"2026-07-19T05:41:46.704Z"}
{"level":"info","message":"Model name JobBatch","timestamp":"2026-07-19T05:41:46.705Z"}
{"level":"info","message":"Associating table JobBatch with models","timestamp":"2026-07-19T05:41:46.707Z"}
{"level":"info","message":"Model name benefit","timestamp":"2026-07-19T05:41:46.715Z"}
{"level":"info","message":"Associating table Benefit with models","timestamp":"2026-07-19T05:41:46.715Z"}
{"level":"info","message":"Model name company","timestamp":"2026-07-19T05:41:46.719Z"}
{"level":"info","message":"Model name location","timestamp":"2026-07-19T05:41:46.722Z"}
{"level":"info","message":"Model name currency","timestamp":"2026-07-19T05:41:46.722Z"}
{"level":"info","message":"Model name currencyAudit","timestamp":"2026-07-19T05:41:46.723Z"}
{"level":"info","message":"Associating table CurrencyAudit with models","timestamp":"2026-07-19T05:41:46.723Z"}
{"level":"info","message":"Model name unit","timestamp":"2026-07-19T05:41:46.724Z"}
{"level":"info","message":"Model name printerModel","timestamp":"2026-07-19T05:41:46.739Z"}
{"level":"info","message":"Model name stockTransactionModel","timestamp":"2026-07-19T05:41:46.743Z"}
{"level":"info","message":"Model name mainCategory","timestamp":"2026-07-19T05:41:46.751Z"}
{"level":"info","message":"Model name category","timestamp":"2026-07-19T05:41:46.752Z"}
{"level":"info","message":"Associating table Color with models","timestamp":"2026-07-19T05:41:46.752Z"}
{"level":"info","message":"Model name student","timestamp":"2026-07-19T05:41:46.753Z"}
{"level":"info","message":"Associating table Student with models","timestamp":"2026-07-19T05:41:46.753Z"}
{"level":"info","message":"Model name nfcCard","timestamp":"2026-07-19T05:41:46.754Z"}
{"level":"info","message":"Associating table NfcCard with models","timestamp":"2026-07-19T05:41:46.755Z"}
{"level":"info","message":"Model name transactionEntry","timestamp":"2026-07-19T05:41:46.755Z"}
{"level":"info","message":"Associating table TransactionEntry","timestamp":"2026-07-19T05:41:46.755Z"}
{"level":"info","message":"Model name tax","timestamp":"2026-07-19T05:41:46.756Z"}
{"level":"info","message":"Model name product","timestamp":"2026-07-19T05:41:46.756Z"}
{"level":"info","message":"Model name productAudit","timestamp":"2026-07-19T05:41:46.782Z"}
{"level":"info","message":"Associating table ProductAudit with models","timestamp":"2026-07-19T05:41:46.786Z"}
{"level":"info","message":"Model name productTemp","timestamp":"2026-07-19T05:41:46.786Z"}
{"level":"info","message":"Model name productSize","timestamp":"2026-07-19T05:41:46.786Z"}
{"level":"info","message":"Model name image","timestamp":"2026-07-19T05:41:46.786Z"}
{"level":"info","message":"Associating table IMAGE with models","timestamp":"2026-07-19T05:41:46.786Z"}
{"level":"info","message":"Model name priceList","timestamp":"2026-07-19T05:41:46.787Z"}
{"level":"info","message":"Model name webProductGroup","timestamp":"2026-07-19T05:41:46.787Z"}
{"level":"info","message":"Model name customer","timestamp":"2026-07-19T05:41:46.787Z"}
{"level":"info","message":"Model name order","timestamp":"2026-07-19T05:41:46.787Z"}
{"level":"info","message":"Model name orderHIS","timestamp":"2026-07-19T05:41:46.787Z"}
{"level":"info","message":"Model name orderTable","timestamp":"2026-07-19T05:41:46.787Z"}
{"level":"info","message":"Model name recipe","timestamp":"2026-07-19T05:41:46.787Z"}
{"level":"info","message":"Model name table","timestamp":"2026-07-19T05:41:46.787Z"}
{"level":"info","message":"Model name ticket","timestamp":"2026-07-19T05:41:46.796Z"}
{"level":"info","message":"Model name promotion","timestamp":"2026-07-19T05:41:46.807Z"}
{"level":"info","message":"Model name ticketLine","timestamp":"2026-07-19T05:41:46.810Z"}
{"level":"info","message":"Model name MemberOffer","timestamp":"2026-07-19T05:41:46.812Z"}
{"level":"info","message":"Model name loyaltyTransaction","timestamp":"2026-07-19T05:41:46.812Z"}
{"level":"info","message":"Model name washjob","timestamp":"2026-07-19T05:41:46.812Z"}
{"level":"info","message":"Model name washjobHis","timestamp":"2026-07-19T05:41:46.812Z"}
{"level":"info","message":"Model name washjobline","timestamp":"2026-07-19T05:41:46.812Z"}
{"level":"info","message":"Model name QRRequest","timestamp":"2026-07-19T05:41:46.812Z"}
{"level":"info","message":"Associating table QRRequest with models","timestamp":"2026-07-19T05:41:46.813Z"}
{"level":"info","message":"Model name saleHeader","timestamp":"2026-07-19T05:41:46.813Z"}
{"level":"info","message":"Model name salePayment","timestamp":"2026-07-19T05:41:46.823Z"}
{"level":"info","message":"Model name saleLine","timestamp":"2026-07-19T05:41:46.827Z"}
{"level":"info","message":"Associating table SaleLine with models","timestamp":"2026-07-19T05:41:46.827Z"}
{"level":"info","message":"Model name quotationHeader","timestamp":"2026-07-19T05:41:46.830Z"}
{"level":"info","message":"Model name quotationLine","timestamp":"2026-07-19T05:41:46.830Z"}
{"level":"info","message":"Associating table QuotationLine with models","timestamp":"2026-07-19T05:41:46.831Z"}
{"level":"info","message":"Model name poHeader","timestamp":"2026-07-19T05:41:46.831Z"}
{"level":"info","message":"Model name poLine","timestamp":"2026-07-19T05:41:46.831Z"}
{"level":"info","message":"Model name poHeaderHIS","timestamp":"2026-07-19T05:41:46.831Z"}
{"level":"info","message":"Model name poLineHIS","timestamp":"2026-07-19T05:41:46.831Z"}
{"level":"info","message":"Model name receivingHeader","timestamp":"2026-07-19T05:41:46.831Z"}
{"level":"info","message":"Model name receivingLine","timestamp":"2026-07-19T05:41:46.831Z"}
{"level":"info","message":"Model name reservation","timestamp":"2026-07-19T05:41:46.831Z"}
{"level":"info","message":"Model name reservationLine","timestamp":"2026-07-19T05:41:46.831Z"}
{"level":"info","message":"Model name transferHeader","timestamp":"2026-07-19T05:41:46.831Z"}
{"level":"info","message":"Model name transferLine","timestamp":"2026-07-19T05:41:46.831Z"}
{"level":"info","message":"Model name menuHeader","timestamp":"2026-07-19T05:41:46.831Z"}
{"level":"info","message":"Model name menuLine","timestamp":"2026-07-19T05:41:46.832Z"}
{"level":"info","message":"Model name MenuHeaderLines","timestamp":"2026-07-19T05:41:46.832Z"}
{"level":"info","message":"Model name webMenuHeader","timestamp":"2026-07-19T05:41:46.832Z"}
{"level":"info","message":"Model name QRResponse","timestamp":"2026-07-19T05:41:46.832Z"}
{"level":"info","message":"Associating table QRResponse with models","timestamp":"2026-07-19T05:41:46.832Z"}
{"level":"info","message":"Model name PaymentCallback","timestamp":"2026-07-19T05:41:46.832Z"}
{"level":"info","message":"Associating table PaymentCallback with models","timestamp":"2026-07-19T05:41:46.832Z"}
{"level":"info","message":"Model name Color","timestamp":"2026-07-19T05:41:46.833Z"}
{"level":"info","message":"Associating table Color with models","timestamp":"2026-07-19T05:41:46.833Z"}
{"level":"info","message":"Model name Size","timestamp":"2026-07-19T05:41:46.834Z"}
{"level":"info","message":"Associating table Size with models","timestamp":"2026-07-19T05:41:46.834Z"}
{"level":"info","message":"Model name card","timestamp":"2026-07-19T05:41:46.835Z"}
{"level":"info","message":"Associating table Card with models","timestamp":"2026-07-19T05:41:46.835Z"}
{"level":"info","message":"Model name Transaction","timestamp":"2026-07-19T05:41:46.846Z"}
{"level":"info","message":"Model name glPostingBatch","timestamp":"2026-07-19T05:41:46.851Z"}
{"level":"info","message":"Model name gl","timestamp":"2026-07-19T05:41:46.851Z"}
{"level":"info","message":"Model name chartAccount","timestamp":"2026-07-19T05:41:46.851Z"}
{"level":"info","message":"Model name fixedAssetProduct","timestamp":"2026-07-19T05:41:46.851Z"}
{"level":"info","message":"Model name fixedAssetContract","timestamp":"2026-07-19T05:41:46.851Z"}
{"level":"info","message":"Model name fixedAssetDepreciation","timestamp":"2026-07-19T05:41:46.852Z"}
{"level":"info","message":"Model name apPaymentHeader","timestamp":"2026-07-19T05:41:46.852Z"}
{"level":"info","message":"Model name arReceiveHeader","timestamp":"2026-07-19T05:41:46.852Z"}
{"level":"info","message":"Model name payment","timestamp":"2026-07-19T05:41:46.852Z"}
{"level":"info","message":"Model name bank","timestamp":"2026-07-19T05:41:46.852Z"}
{"level":"info","message":"Model name bankAccount","timestamp":"2026-07-19T05:41:46.852Z"}
{"level":"info","message":"Associating table Bank with models","timestamp":"2026-07-19T05:41:46.852Z"}
{"level":"info","message":"Model name ministry","timestamp":"2026-07-19T05:41:46.854Z"}
{"level":"info","message":"Model name moneySettlement","timestamp":"2026-07-19T05:41:46.856Z"}
{"level":"info","message":"Model name moneyAdvanceAudit","timestamp":"2026-07-19T05:41:46.858Z"}
{"level":"info","message":"Associating table MoneyAdvanceAudit with models","timestamp":"2026-07-19T05:41:46.858Z"}
{"level":"info","message":"Model name moneyAdvance","timestamp":"2026-07-19T05:41:46.858Z"}
{"level":"info","message":"Associating table MoneyAdvance with models","timestamp":"2026-07-19T05:41:46.858Z"}
{"level":"info","message":"Model name AccountStatement","timestamp":"2026-07-19T05:41:46.860Z"}
{"level":"info","message":"Associating table AccountStatement with models","timestamp":"2026-07-19T05:41:46.863Z"}
{"level":"info","message":"Model name Project","timestamp":"2026-07-19T05:41:46.869Z"}
{"level":"info","message":"Model name ProjectBudget","timestamp":"2026-07-19T05:41:46.871Z"}
{"level":"info","message":"Model name ProjectContract","timestamp":"2026-07-19T05:41:46.872Z"}
{"level":"info","message":"Model name ProjectInvoice","timestamp":"2026-07-19T05:41:46.872Z"}
{"level":"info","message":"Model name WithdrawalApplication","timestamp":"2026-07-19T05:41:46.873Z"}
{"level":"info","message":"Model name revenue_target","timestamp":"2026-07-19T05:41:46.873Z"}
{"level":"info","message":"Model name apInvoice","timestamp":"2026-07-19T05:41:46.874Z"}
{"level":"info","message":"Associating table APInvoice with models","timestamp":"2026-07-19T05:41:46.874Z"}
{"level":"info","message":"Model name apInvoiceAudit","timestamp":"2026-07-19T05:41:46.879Z"}
{"level":"info","message":"Associating table APInvoiceAudit with models","timestamp":"2026-07-19T05:41:46.882Z"}
{"level":"info","message":"Model name invoiceLineItem","timestamp":"2026-07-19T05:41:46.887Z"}
{"level":"info","message":"Associating table InvoiceLineItem with models","timestamp":"2026-07-19T05:41:46.887Z"}
{"level":"info","message":"Model name apInvoiceSettlement","timestamp":"2026-07-19T05:41:46.888Z"}
{"level":"info","message":"Associating table APInvoiceSettlement with models","timestamp":"2026-07-19T05:41:46.889Z"}
{"level":"info","message":"Model name apSettlementAudit","timestamp":"2026-07-19T05:41:46.892Z"}
{"level":"info","message":"Associating table APSettlementAudit with models","timestamp":"2026-07-19T05:41:46.892Z"}
{"level":"info","message":"Model name apInvoiceSettlementLine","timestamp":"2026-07-19T05:41:46.893Z"}
{"level":"info","message":"Associating InvoiceSettlementLine with models","timestamp":"2026-07-19T05:41:46.893Z"}
{"level":"info","message":"Model name arInvoiceHeader","timestamp":"2026-07-19T05:41:46.894Z"}
{"level":"info","message":"Associating table ARInvoiceHeader with models","timestamp":"2026-07-19T05:41:46.894Z"}
{"level":"info","message":"Model name arInvoiceHeaderAudit","timestamp":"2026-07-19T05:41:46.897Z"}
{"level":"info","message":"Associating table ARInvoiceHeaderAudit with models","timestamp":"2026-07-19T05:41:46.897Z"}
{"level":"info","message":"Model name arInvoiceLine","timestamp":"2026-07-19T05:41:46.898Z"}
{"level":"info","message":"Associating table InvoiceLine with models","timestamp":"2026-07-19T05:41:46.898Z"}
{"level":"info","message":"Model name arReceiveHeaderV2","timestamp":"2026-07-19T05:41:46.899Z"}
{"level":"info","message":"Associating table ARReceiveHeader with models","timestamp":"2026-07-19T05:41:46.899Z"}
{"level":"info","message":"Model name arReceiveHeaderAudit","timestamp":"2026-07-19T05:41:46.902Z"}
{"level":"info","message":"Associating table ARReceiveHeaderAudit with models","timestamp":"2026-07-19T05:41:46.902Z"}
{"level":"info","message":"Model name arReceiveLine","timestamp":"2026-07-19T05:41:46.902Z"}
{"level":"info","message":"Associating table ReceiveLine with models","timestamp":"2026-07-19T05:41:46.902Z"}
{"level":"info","message":"Model name vendor","timestamp":"2026-07-19T05:41:46.903Z"}
{"level":"info","message":"Model name shipping","timestamp":"2026-07-19T05:41:46.903Z"}
{"level":"info","message":"Model name shipping_order","timestamp":"2026-07-19T05:41:46.903Z"}
{"level":"info","message":"Model name shipping_checkout_batch","timestamp":"2026-07-19T05:41:46.904Z"}
{"level":"info","message":"Model name service","timestamp":"2026-07-19T05:41:46.904Z"}
{"level":"info","message":"Model name authority","timestamp":"2026-07-19T05:41:46.904Z"}
{"level":"info","message":"Model name terminal","timestamp":"2026-07-19T05:41:46.904Z"}
{"level":"info","message":"Model name terminalAudit","timestamp":"2026-07-19T05:41:46.904Z"}
{"level":"info","message":"Associating table TerminalAudit with models","timestamp":"2026-07-19T05:41:46.904Z"}
{"level":"info","message":"Model name campaign","timestamp":"2026-07-19T05:41:46.906Z"}
{"level":"info","message":"Model name campaignEntry","timestamp":"2026-07-19T05:41:46.906Z"}
{"level":"info","message":"Model name rider","timestamp":"2026-07-19T05:41:46.906Z"}
{"level":"info","message":"Model name outlet","timestamp":"2026-07-19T05:41:46.906Z"}
{"level":"info","message":"Model name geography","timestamp":"2026-07-19T05:41:46.906Z"}
{"level":"info","message":"Model name country","timestamp":"2026-07-19T05:41:46.906Z"}
{"level":"info","message":"Model name village","timestamp":"2026-07-19T05:41:46.906Z"}
{"level":"info","message":"Model name district","timestamp":"2026-07-19T05:41:46.907Z"}
{"level":"info","message":"Model name accountDailyBalance","timestamp":"2026-07-19T05:41:46.908Z"}
{"level":"info","message":"Model name businessDate","timestamp":"2026-07-19T05:41:46.908Z"}
{"level":"info","message":"Model name tuturial","timestamp":"2026-07-19T05:41:46.908Z"}
{"level":"info","message":"client_db Connection established","timestamp":"2026-07-19T05:41:47.084Z"}
{"level":"info","message":"tutorial_db Connection established","timestamp":"2026-07-19T05:41:47.093Z"}
{"level":"info","message":"Hello, Winston!","timestamp":"2026-07-19T05:42:02.184Z"}
{"level":"warn","message":"This is a warning message.","timestamp":"2026-07-19T05:42:02.187Z"}
{"level":"error","message":"This is an error message.","timestamp":"2026-07-19T05:42:02.188Z"}
{"level":"info","message":"This is an information message.","timestamp":"2026-07-19T05:42:02.189Z"}
{"ip":"192.168.1.1","level":"info","message":"User logged in","timestamp":"2026-07-19T05:42:02.190Z","username":"johndoe"}
{"level":"info","message":"Model name sequelize","timestamp":"2026-07-19T05:42:02.529Z"}
{"level":"info","message":"Model name Sequelize","timestamp":"2026-07-19T05:42:02.530Z"}
{"level":"info","message":"Model name centralSequelize","timestamp":"2026-07-19T05:42:02.530Z"}
{"level":"info","message":"Model name spf","timestamp":"2026-07-19T05:42:02.531Z"}
{"level":"info","message":"Model name client","timestamp":"2026-07-19T05:42:02.531Z"}
{"level":"info","message":"Model name clientAudit","timestamp":"2026-07-19T05:42:02.536Z"}
{"level":"info","message":"Associating table ClientAudit with models","timestamp":"2026-07-19T05:42:02.537Z"}
{"level":"info","message":"Model name group","timestamp":"2026-07-19T05:42:02.541Z"}
{"level":"info","message":"Model name GroupMenuHeader","timestamp":"2026-07-19T05:42:02.543Z"}
{"level":"info","message":"Model name role","timestamp":"2026-07-19T05:42:02.544Z"}
{"level":"info","message":"Model name user","timestamp":"2026-07-19T05:42:02.548Z"}
{"level":"info","message":"Model name Agency","timestamp":"2026-07-19T05:42:02.552Z"}
{"level":"info","message":"Associating table Agency with models","timestamp":"2026-07-19T05:42:02.553Z"}
{"level":"info","message":"Model name Applicant","timestamp":"2026-07-19T05:42:02.557Z"}
{"level":"info","message":"Associating table Applicant with models","timestamp":"2026-07-19T05:42:02.560Z"}
{"level":"info","message":"Model name MOU","timestamp":"2026-07-19T05:42:02.586Z"}
{"level":"info","message":"Associating table Job with models","timestamp":"2026-07-19T05:42:02.591Z"}
{"level":"info","message":"Model name jobAdvertise","timestamp":"2026-07-19T05:42:02.605Z"}
{"level":"info","message":"Associating table JobAdvertise with models","timestamp":"2026-07-19T05:42:02.608Z"}
{"level":"info","message":"Model name JobBatch","timestamp":"2026-07-19T05:42:02.609Z"}
{"level":"info","message":"Associating table JobBatch with models","timestamp":"2026-07-19T05:42:02.610Z"}
{"level":"info","message":"Model name benefit","timestamp":"2026-07-19T05:42:02.618Z"}
{"level":"info","message":"Associating table Benefit with models","timestamp":"2026-07-19T05:42:02.618Z"}
{"level":"info","message":"Model name company","timestamp":"2026-07-19T05:42:02.622Z"}
{"level":"info","message":"Model name location","timestamp":"2026-07-19T05:42:02.625Z"}
{"level":"info","message":"Model name currency","timestamp":"2026-07-19T05:42:02.625Z"}
{"level":"info","message":"Model name currencyAudit","timestamp":"2026-07-19T05:42:02.626Z"}
{"level":"info","message":"Associating table CurrencyAudit with models","timestamp":"2026-07-19T05:42:02.627Z"}
{"level":"info","message":"Model name unit","timestamp":"2026-07-19T05:42:02.627Z"}
{"level":"info","message":"Model name printerModel","timestamp":"2026-07-19T05:42:02.642Z"}
{"level":"info","message":"Model name stockTransactionModel","timestamp":"2026-07-19T05:42:02.647Z"}
{"level":"info","message":"Model name mainCategory","timestamp":"2026-07-19T05:42:02.655Z"}
{"level":"info","message":"Model name category","timestamp":"2026-07-19T05:42:02.658Z"}
{"level":"info","message":"Associating table Color with models","timestamp":"2026-07-19T05:42:02.658Z"}
{"level":"info","message":"Model name student","timestamp":"2026-07-19T05:42:02.658Z"}
{"level":"info","message":"Associating table Student with models","timestamp":"2026-07-19T05:42:02.659Z"}
{"level":"info","message":"Model name nfcCard","timestamp":"2026-07-19T05:42:02.660Z"}
{"level":"info","message":"Associating table NfcCard with models","timestamp":"2026-07-19T05:42:02.660Z"}
{"level":"info","message":"Model name transactionEntry","timestamp":"2026-07-19T05:42:02.661Z"}
{"level":"info","message":"Associating table TransactionEntry","timestamp":"2026-07-19T05:42:02.661Z"}
{"level":"info","message":"Model name tax","timestamp":"2026-07-19T05:42:02.662Z"}
{"level":"info","message":"Model name product","timestamp":"2026-07-19T05:42:02.662Z"}
{"level":"info","message":"Model name productAudit","timestamp":"2026-07-19T05:42:02.688Z"}
{"level":"info","message":"Associating table ProductAudit with models","timestamp":"2026-07-19T05:42:02.692Z"}
{"level":"info","message":"Model name productTemp","timestamp":"2026-07-19T05:42:02.692Z"}
{"level":"info","message":"Model name productSize","timestamp":"2026-07-19T05:42:02.693Z"}
{"level":"info","message":"Model name image","timestamp":"2026-07-19T05:42:02.693Z"}
{"level":"info","message":"Associating table IMAGE with models","timestamp":"2026-07-19T05:42:02.693Z"}
{"level":"info","message":"Model name priceList","timestamp":"2026-07-19T05:42:02.693Z"}
{"level":"info","message":"Model name webProductGroup","timestamp":"2026-07-19T05:42:02.693Z"}
{"level":"info","message":"Model name customer","timestamp":"2026-07-19T05:42:02.693Z"}
{"level":"info","message":"Model name order","timestamp":"2026-07-19T05:42:02.693Z"}
{"level":"info","message":"Model name orderHIS","timestamp":"2026-07-19T05:42:02.693Z"}
{"level":"info","message":"Model name orderTable","timestamp":"2026-07-19T05:42:02.693Z"}
{"level":"info","message":"Model name recipe","timestamp":"2026-07-19T05:42:02.693Z"}
{"level":"info","message":"Model name table","timestamp":"2026-07-19T05:42:02.693Z"}
{"level":"info","message":"Model name ticket","timestamp":"2026-07-19T05:42:02.704Z"}
{"level":"info","message":"Model name promotion","timestamp":"2026-07-19T05:42:02.715Z"}
{"level":"info","message":"Model name ticketLine","timestamp":"2026-07-19T05:42:02.716Z"}
{"level":"info","message":"Model name MemberOffer","timestamp":"2026-07-19T05:42:02.718Z"}
{"level":"info","message":"Model name loyaltyTransaction","timestamp":"2026-07-19T05:42:02.719Z"}
{"level":"info","message":"Model name washjob","timestamp":"2026-07-19T05:42:02.719Z"}
{"level":"info","message":"Model name washjobHis","timestamp":"2026-07-19T05:42:02.719Z"}
{"level":"info","message":"Model name washjobline","timestamp":"2026-07-19T05:42:02.720Z"}
{"level":"info","message":"Model name QRRequest","timestamp":"2026-07-19T05:42:02.720Z"}
{"level":"info","message":"Associating table QRRequest with models","timestamp":"2026-07-19T05:42:02.720Z"}
{"level":"info","message":"Model name saleHeader","timestamp":"2026-07-19T05:42:02.720Z"}
{"level":"info","message":"Model name salePayment","timestamp":"2026-07-19T05:42:02.730Z"}
{"level":"info","message":"Model name saleLine","timestamp":"2026-07-19T05:42:02.735Z"}
{"level":"info","message":"Associating table SaleLine with models","timestamp":"2026-07-19T05:42:02.735Z"}
{"level":"info","message":"Model name quotationHeader","timestamp":"2026-07-19T05:42:02.738Z"}
{"level":"info","message":"Model name quotationLine","timestamp":"2026-07-19T05:42:02.738Z"}
{"level":"info","message":"Associating table QuotationLine with models","timestamp":"2026-07-19T05:42:02.738Z"}
{"level":"info","message":"Model name poHeader","timestamp":"2026-07-19T05:42:02.738Z"}
{"level":"info","message":"Model name poLine","timestamp":"2026-07-19T05:42:02.738Z"}
{"level":"info","message":"Model name poHeaderHIS","timestamp":"2026-07-19T05:42:02.738Z"}
{"level":"info","message":"Model name poLineHIS","timestamp":"2026-07-19T05:42:02.738Z"}
{"level":"info","message":"Model name receivingHeader","timestamp":"2026-07-19T05:42:02.738Z"}
{"level":"info","message":"Model name receivingLine","timestamp":"2026-07-19T05:42:02.738Z"}
{"level":"info","message":"Model name reservation","timestamp":"2026-07-19T05:42:02.738Z"}
{"level":"info","message":"Model name reservationLine","timestamp":"2026-07-19T05:42:02.739Z"}
{"level":"info","message":"Model name transferHeader","timestamp":"2026-07-19T05:42:02.739Z"}
{"level":"info","message":"Model name transferLine","timestamp":"2026-07-19T05:42:02.739Z"}
{"level":"info","message":"Model name menuHeader","timestamp":"2026-07-19T05:42:02.739Z"}
{"level":"info","message":"Model name menuLine","timestamp":"2026-07-19T05:42:02.739Z"}
{"level":"info","message":"Model name MenuHeaderLines","timestamp":"2026-07-19T05:42:02.739Z"}
{"level":"info","message":"Model name webMenuHeader","timestamp":"2026-07-19T05:42:02.739Z"}
{"level":"info","message":"Model name QRResponse","timestamp":"2026-07-19T05:42:02.739Z"}
{"level":"info","message":"Associating table QRResponse with models","timestamp":"2026-07-19T05:42:02.739Z"}
{"level":"info","message":"Model name PaymentCallback","timestamp":"2026-07-19T05:42:02.739Z"}
{"level":"info","message":"Associating table PaymentCallback with models","timestamp":"2026-07-19T05:42:02.739Z"}
{"level":"info","message":"Model name Color","timestamp":"2026-07-19T05:42:02.740Z"}
{"level":"info","message":"Associating table Color with models","timestamp":"2026-07-19T05:42:02.740Z"}
{"level":"info","message":"Model name Size","timestamp":"2026-07-19T05:42:02.741Z"}
{"level":"info","message":"Associating table Size with models","timestamp":"2026-07-19T05:42:02.741Z"}
{"level":"info","message":"Model name card","timestamp":"2026-07-19T05:42:02.741Z"}
{"level":"info","message":"Associating table Card with models","timestamp":"2026-07-19T05:42:02.741Z"}
{"level":"info","message":"Model name Transaction","timestamp":"2026-07-19T05:42:02.753Z"}
{"level":"info","message":"Model name glPostingBatch","timestamp":"2026-07-19T05:42:02.756Z"}
{"level":"info","message":"Model name gl","timestamp":"2026-07-19T05:42:02.756Z"}
{"level":"info","message":"Model name chartAccount","timestamp":"2026-07-19T05:42:02.756Z"}
{"level":"info","message":"Model name fixedAssetProduct","timestamp":"2026-07-19T05:42:02.756Z"}
{"level":"info","message":"Model name fixedAssetContract","timestamp":"2026-07-19T05:42:02.756Z"}
{"level":"info","message":"Model name fixedAssetDepreciation","timestamp":"2026-07-19T05:42:02.756Z"}
{"level":"info","message":"Model name apPaymentHeader","timestamp":"2026-07-19T05:42:02.756Z"}
{"level":"info","message":"Model name arReceiveHeader","timestamp":"2026-07-19T05:42:02.756Z"}
{"level":"info","message":"Model name payment","timestamp":"2026-07-19T05:42:02.756Z"}
{"level":"info","message":"Model name bank","timestamp":"2026-07-19T05:42:02.756Z"}
{"level":"info","message":"Model name bankAccount","timestamp":"2026-07-19T05:42:02.756Z"}
{"level":"info","message":"Associating table Bank with models","timestamp":"2026-07-19T05:42:02.756Z"}
{"level":"info","message":"Model name ministry","timestamp":"2026-07-19T05:42:02.758Z"}
{"level":"info","message":"Model name moneySettlement","timestamp":"2026-07-19T05:42:02.760Z"}
{"level":"info","message":"Model name moneyAdvanceAudit","timestamp":"2026-07-19T05:42:02.762Z"}
{"level":"info","message":"Associating table MoneyAdvanceAudit with models","timestamp":"2026-07-19T05:42:02.762Z"}
{"level":"info","message":"Model name moneyAdvance","timestamp":"2026-07-19T05:42:02.763Z"}
{"level":"info","message":"Associating table MoneyAdvance with models","timestamp":"2026-07-19T05:42:02.763Z"}
{"level":"info","message":"Model name AccountStatement","timestamp":"2026-07-19T05:42:02.765Z"}
{"level":"info","message":"Associating table AccountStatement with models","timestamp":"2026-07-19T05:42:02.769Z"}
{"level":"info","message":"Model name Project","timestamp":"2026-07-19T05:42:02.774Z"}
{"level":"info","message":"Model name ProjectBudget","timestamp":"2026-07-19T05:42:02.777Z"}
{"level":"info","message":"Model name ProjectContract","timestamp":"2026-07-19T05:42:02.777Z"}
{"level":"info","message":"Model name ProjectInvoice","timestamp":"2026-07-19T05:42:02.778Z"}
{"level":"info","message":"Model name WithdrawalApplication","timestamp":"2026-07-19T05:42:02.778Z"}
{"level":"info","message":"Model name revenue_target","timestamp":"2026-07-19T05:42:02.779Z"}
{"level":"info","message":"Model name apInvoice","timestamp":"2026-07-19T05:42:02.779Z"}
{"level":"info","message":"Associating table APInvoice with models","timestamp":"2026-07-19T05:42:02.780Z"}
{"level":"info","message":"Model name apInvoiceAudit","timestamp":"2026-07-19T05:42:02.783Z"}
{"level":"info","message":"Associating table APInvoiceAudit with models","timestamp":"2026-07-19T05:42:02.786Z"}
{"level":"info","message":"Model name invoiceLineItem","timestamp":"2026-07-19T05:42:02.791Z"}
{"level":"info","message":"Associating table InvoiceLineItem with models","timestamp":"2026-07-19T05:42:02.791Z"}
{"level":"info","message":"Model name apInvoiceSettlement","timestamp":"2026-07-19T05:42:02.793Z"}
{"level":"info","message":"Associating table APInvoiceSettlement with models","timestamp":"2026-07-19T05:42:02.793Z"}
{"level":"info","message":"Model name apSettlementAudit","timestamp":"2026-07-19T05:42:02.796Z"}
{"level":"info","message":"Associating table APSettlementAudit with models","timestamp":"2026-07-19T05:42:02.797Z"}
{"level":"info","message":"Model name apInvoiceSettlementLine","timestamp":"2026-07-19T05:42:02.797Z"}
{"level":"info","message":"Associating InvoiceSettlementLine with models","timestamp":"2026-07-19T05:42:02.797Z"}
{"level":"info","message":"Model name arInvoiceHeader","timestamp":"2026-07-19T05:42:02.798Z"}
{"level":"info","message":"Associating table ARInvoiceHeader with models","timestamp":"2026-07-19T05:42:02.798Z"}
{"level":"info","message":"Model name arInvoiceHeaderAudit","timestamp":"2026-07-19T05:42:02.801Z"}
{"level":"info","message":"Associating table ARInvoiceHeaderAudit with models","timestamp":"2026-07-19T05:42:02.802Z"}
{"level":"info","message":"Model name arInvoiceLine","timestamp":"2026-07-19T05:42:02.802Z"}
{"level":"info","message":"Associating table InvoiceLine with models","timestamp":"2026-07-19T05:42:02.802Z"}
{"level":"info","message":"Model name arReceiveHeaderV2","timestamp":"2026-07-19T05:42:02.804Z"}
{"level":"info","message":"Associating table ARReceiveHeader with models","timestamp":"2026-07-19T05:42:02.804Z"}
{"level":"info","message":"Model name arReceiveHeaderAudit","timestamp":"2026-07-19T05:42:02.806Z"}
{"level":"info","message":"Associating table ARReceiveHeaderAudit with models","timestamp":"2026-07-19T05:42:02.807Z"}
{"level":"info","message":"Model name arReceiveLine","timestamp":"2026-07-19T05:42:02.807Z"}
{"level":"info","message":"Associating table ReceiveLine with models","timestamp":"2026-07-19T05:42:02.807Z"}
{"level":"info","message":"Model name vendor","timestamp":"2026-07-19T05:42:02.811Z"}
{"level":"info","message":"Model name shipping","timestamp":"2026-07-19T05:42:02.811Z"}
{"level":"info","message":"Model name shipping_order","timestamp":"2026-07-19T05:42:02.811Z"}
{"level":"info","message":"Model name shipping_checkout_batch","timestamp":"2026-07-19T05:42:02.811Z"}
{"level":"info","message":"Model name service","timestamp":"2026-07-19T05:42:02.811Z"}
{"level":"info","message":"Model name authority","timestamp":"2026-07-19T05:42:02.811Z"}
{"level":"info","message":"Model name terminal","timestamp":"2026-07-19T05:42:02.811Z"}
{"level":"info","message":"Model name terminalAudit","timestamp":"2026-07-19T05:42:02.811Z"}
{"level":"info","message":"Associating table TerminalAudit with models","timestamp":"2026-07-19T05:42:02.811Z"}
{"level":"info","message":"Model name campaign","timestamp":"2026-07-19T05:42:02.813Z"}
{"level":"info","message":"Model name campaignEntry","timestamp":"2026-07-19T05:42:02.813Z"}
{"level":"info","message":"Model name rider","timestamp":"2026-07-19T05:42:02.813Z"}
{"level":"info","message":"Model name outlet","timestamp":"2026-07-19T05:42:02.813Z"}
{"level":"info","message":"Model name geography","timestamp":"2026-07-19T05:42:02.813Z"}
{"level":"info","message":"Model name country","timestamp":"2026-07-19T05:42:02.813Z"}
{"level":"info","message":"Model name village","timestamp":"2026-07-19T05:42:02.813Z"}
{"level":"info","message":"Model name district","timestamp":"2026-07-19T05:42:02.814Z"}
{"level":"info","message":"Model name accountDailyBalance","timestamp":"2026-07-19T05:42:02.815Z"}
{"level":"info","message":"Model name businessDate","timestamp":"2026-07-19T05:42:02.815Z"}
{"level":"info","message":"Model name tuturial","timestamp":"2026-07-19T05:42:02.815Z"}
{"level":"info","message":"tutorial_db Connection established","timestamp":"2026-07-19T05:42:02.974Z"}
{"level":"info","message":"client_db Connection established","timestamp":"2026-07-19T05:42:02.986Z"}
{"level":"info","message":"Hello, Winston!","timestamp":"2026-07-26T09:50:07.952Z"}
{"level":"warn","message":"This is a warning message.","timestamp":"2026-07-26T09:50:07.955Z"}
{"level":"error","message":"This is an error message.","timestamp":"2026-07-26T09:50:07.956Z"}
{"level":"info","message":"This is an information message.","timestamp":"2026-07-26T09:50:07.957Z"}
{"ip":"192.168.1.1","level":"info","message":"User logged in","timestamp":"2026-07-26T09:50:07.959Z","username":"johndoe"}
{"level":"info","message":"Model name sequelize","timestamp":"2026-07-26T09:50:08.327Z"}
{"level":"info","message":"Model name Sequelize","timestamp":"2026-07-26T09:50:08.328Z"}
{"level":"info","message":"Model name centralSequelize","timestamp":"2026-07-26T09:50:08.329Z"}
{"level":"info","message":"Model name spf","timestamp":"2026-07-26T09:50:08.329Z"}
{"level":"info","message":"Model name client","timestamp":"2026-07-26T09:50:08.330Z"}
{"level":"info","message":"Model name clientAudit","timestamp":"2026-07-26T09:50:08.335Z"}
{"level":"info","message":"Associating table ClientAudit with models","timestamp":"2026-07-26T09:50:08.337Z"}
{"level":"info","message":"Model name group","timestamp":"2026-07-26T09:50:08.341Z"}
{"level":"info","message":"Model name GroupMenuHeader","timestamp":"2026-07-26T09:50:08.343Z"}
{"level":"info","message":"Model name role","timestamp":"2026-07-26T09:50:08.343Z"}
{"level":"info","message":"Model name user","timestamp":"2026-07-26T09:50:08.348Z"}
{"level":"info","message":"Model name Agency","timestamp":"2026-07-26T09:50:08.351Z"}
{"level":"info","message":"Associating table Agency with models","timestamp":"2026-07-26T09:50:08.353Z"}
{"level":"info","message":"Model name Applicant","timestamp":"2026-07-26T09:50:08.356Z"}
{"level":"info","message":"Associating table Applicant with models","timestamp":"2026-07-26T09:50:08.359Z"}
{"level":"info","message":"Model name MOU","timestamp":"2026-07-26T09:50:08.380Z"}
{"level":"info","message":"Associating table Job with models","timestamp":"2026-07-26T09:50:08.385Z"}
{"level":"info","message":"Model name jobAdvertise","timestamp":"2026-07-26T09:50:08.398Z"}
{"level":"info","message":"Associating table JobAdvertise with models","timestamp":"2026-07-26T09:50:08.402Z"}
{"level":"info","message":"Model name JobBatch","timestamp":"2026-07-26T09:50:08.403Z"}
{"level":"info","message":"Associating table JobBatch with models","timestamp":"2026-07-26T09:50:08.404Z"}
{"level":"info","message":"Model name benefit","timestamp":"2026-07-26T09:50:08.412Z"}
{"level":"info","message":"Associating table Benefit with models","timestamp":"2026-07-26T09:50:08.412Z"}
{"level":"info","message":"Model name company","timestamp":"2026-07-26T09:50:08.416Z"}
{"level":"info","message":"Model name location","timestamp":"2026-07-26T09:50:08.419Z"}
{"level":"info","message":"Model name currency","timestamp":"2026-07-26T09:50:08.419Z"}
{"level":"info","message":"Model name currencyAudit","timestamp":"2026-07-26T09:50:08.421Z"}
{"level":"info","message":"Associating table CurrencyAudit with models","timestamp":"2026-07-26T09:50:08.421Z"}
{"level":"info","message":"Model name unit","timestamp":"2026-07-26T09:50:08.422Z"}
{"level":"info","message":"Model name printerModel","timestamp":"2026-07-26T09:50:08.432Z"}
{"level":"info","message":"Model name stockTransactionModel","timestamp":"2026-07-26T09:50:08.436Z"}
{"level":"info","message":"Model name mainCategory","timestamp":"2026-07-26T09:50:08.443Z"}
{"level":"info","message":"Model name category","timestamp":"2026-07-26T09:50:08.443Z"}
{"level":"info","message":"Associating table Color with models","timestamp":"2026-07-26T09:50:08.443Z"}
{"level":"info","message":"Model name student","timestamp":"2026-07-26T09:50:08.443Z"}
{"level":"info","message":"Associating table Student with models","timestamp":"2026-07-26T09:50:08.443Z"}
{"level":"info","message":"Model name nfcCard","timestamp":"2026-07-26T09:50:08.449Z"}
{"level":"info","message":"Associating table NfcCard with models","timestamp":"2026-07-26T09:50:08.452Z"}
{"level":"info","message":"Model name transactionEntry","timestamp":"2026-07-26T09:50:08.453Z"}
{"level":"info","message":"Associating table TransactionEntry","timestamp":"2026-07-26T09:50:08.453Z"}
{"level":"info","message":"Model name tax","timestamp":"2026-07-26T09:50:08.454Z"}
{"level":"info","message":"Model name product","timestamp":"2026-07-26T09:50:08.454Z"}
{"level":"info","message":"Model name productAudit","timestamp":"2026-07-26T09:50:08.482Z"}
{"level":"info","message":"Associating table ProductAudit with models","timestamp":"2026-07-26T09:50:08.486Z"}
{"level":"info","message":"Model name productTemp","timestamp":"2026-07-26T09:50:08.489Z"}
{"level":"info","message":"Model name productSize","timestamp":"2026-07-26T09:50:08.489Z"}
{"level":"info","message":"Model name image","timestamp":"2026-07-26T09:50:08.489Z"}
{"level":"info","message":"Associating table IMAGE with models","timestamp":"2026-07-26T09:50:08.489Z"}
{"level":"info","message":"Model name priceList","timestamp":"2026-07-26T09:50:08.489Z"}
{"level":"info","message":"Model name webProductGroup","timestamp":"2026-07-26T09:50:08.489Z"}
{"level":"info","message":"Model name customer","timestamp":"2026-07-26T09:50:08.489Z"}
{"level":"info","message":"Model name order","timestamp":"2026-07-26T09:50:08.490Z"}
{"level":"info","message":"Model name orderHIS","timestamp":"2026-07-26T09:50:08.490Z"}
{"level":"info","message":"Model name orderTable","timestamp":"2026-07-26T09:50:08.490Z"}
{"level":"info","message":"Model name recipe","timestamp":"2026-07-26T09:50:08.490Z"}
{"level":"info","message":"Model name table","timestamp":"2026-07-26T09:50:08.490Z"}
{"level":"info","message":"Model name ticket","timestamp":"2026-07-26T09:50:08.501Z"}
{"level":"info","message":"Model name promotion","timestamp":"2026-07-26T09:50:08.510Z"}
{"level":"info","message":"Model name ticketLine","timestamp":"2026-07-26T09:50:08.519Z"}
{"level":"info","message":"Model name MemberOffer","timestamp":"2026-07-26T09:50:08.522Z"}
{"level":"info","message":"Model name loyaltyTransaction","timestamp":"2026-07-26T09:50:08.529Z"}
{"level":"info","message":"Model name washjob","timestamp":"2026-07-26T09:50:08.530Z"}
{"level":"info","message":"Model name washjobHis","timestamp":"2026-07-26T09:50:08.530Z"}
{"level":"info","message":"Model name washjobline","timestamp":"2026-07-26T09:50:08.530Z"}
{"level":"info","message":"Model name QRRequest","timestamp":"2026-07-26T09:50:08.530Z"}
{"level":"info","message":"Associating table QRRequest with models","timestamp":"2026-07-26T09:50:08.531Z"}
{"level":"info","message":"Model name saleHeader","timestamp":"2026-07-26T09:50:08.532Z"}
{"level":"info","message":"Model name salePayment","timestamp":"2026-07-26T09:50:08.542Z"}
{"level":"info","message":"Model name saleLine","timestamp":"2026-07-26T09:50:08.548Z"}
{"level":"info","message":"Associating table SaleLine with models","timestamp":"2026-07-26T09:50:08.548Z"}
{"level":"info","message":"Model name quotationHeader","timestamp":"2026-07-26T09:50:08.556Z"}
{"level":"info","message":"Model name quotationLine","timestamp":"2026-07-26T09:50:08.559Z"}
{"level":"info","message":"Associating table QuotationLine with models","timestamp":"2026-07-26T09:50:08.560Z"}
{"level":"info","message":"Model name poHeader","timestamp":"2026-07-26T09:50:08.560Z"}
{"level":"info","message":"Model name poLine","timestamp":"2026-07-26T09:50:08.560Z"}
{"level":"info","message":"Model name poHeaderHIS","timestamp":"2026-07-26T09:50:08.560Z"}
{"level":"info","message":"Model name poLineHIS","timestamp":"2026-07-26T09:50:08.560Z"}
{"level":"info","message":"Model name receivingHeader","timestamp":"2026-07-26T09:50:08.560Z"}
{"level":"info","message":"Model name receivingLine","timestamp":"2026-07-26T09:50:08.560Z"}
{"level":"info","message":"Model name reservation","timestamp":"2026-07-26T09:50:08.560Z"}
{"level":"info","message":"Model name reservationLine","timestamp":"2026-07-26T09:50:08.560Z"}
{"level":"info","message":"Model name transferHeader","timestamp":"2026-07-26T09:50:08.560Z"}
{"level":"info","message":"Model name transferLine","timestamp":"2026-07-26T09:50:08.560Z"}
{"level":"info","message":"Model name menuHeader","timestamp":"2026-07-26T09:50:08.560Z"}
{"level":"info","message":"Model name menuLine","timestamp":"2026-07-26T09:50:08.560Z"}
{"level":"info","message":"Model name MenuHeaderLines","timestamp":"2026-07-26T09:50:08.560Z"}
{"level":"info","message":"Model name webMenuHeader","timestamp":"2026-07-26T09:50:08.560Z"}
{"level":"info","message":"Model name QRResponse","timestamp":"2026-07-26T09:50:08.561Z"}
{"level":"info","message":"Associating table QRResponse with models","timestamp":"2026-07-26T09:50:08.561Z"}
{"level":"info","message":"Model name PaymentCallback","timestamp":"2026-07-26T09:50:08.561Z"}
{"level":"info","message":"Associating table PaymentCallback with models","timestamp":"2026-07-26T09:50:08.561Z"}
{"level":"info","message":"Model name Color","timestamp":"2026-07-26T09:50:08.562Z"}
{"level":"info","message":"Associating table Color with models","timestamp":"2026-07-26T09:50:08.562Z"}
{"level":"info","message":"Model name Size","timestamp":"2026-07-26T09:50:08.564Z"}
{"level":"info","message":"Associating table Size with models","timestamp":"2026-07-26T09:50:08.564Z"}
{"level":"info","message":"Model name card","timestamp":"2026-07-26T09:50:08.565Z"}
{"level":"info","message":"Associating table Card with models","timestamp":"2026-07-26T09:50:08.565Z"}
{"level":"info","message":"Model name Transaction","timestamp":"2026-07-26T09:50:08.576Z"}
{"level":"info","message":"Model name glPostingBatch","timestamp":"2026-07-26T09:50:08.579Z"}
{"level":"info","message":"Model name gl","timestamp":"2026-07-26T09:50:08.579Z"}
{"level":"info","message":"Model name chartAccount","timestamp":"2026-07-26T09:50:08.579Z"}
{"level":"info","message":"Model name fixedAssetProduct","timestamp":"2026-07-26T09:50:08.579Z"}
{"level":"info","message":"Model name fixedAssetContract","timestamp":"2026-07-26T09:50:08.579Z"}
{"level":"info","message":"Model name fixedAssetDepreciation","timestamp":"2026-07-26T09:50:08.579Z"}
{"level":"info","message":"Model name apPaymentHeader","timestamp":"2026-07-26T09:50:08.579Z"}
{"level":"info","message":"Model name arReceiveHeader","timestamp":"2026-07-26T09:50:08.579Z"}
{"level":"info","message":"Model name payment","timestamp":"2026-07-26T09:50:08.580Z"}
{"level":"info","message":"Model name bank","timestamp":"2026-07-26T09:50:08.580Z"}
{"level":"info","message":"Model name bankAccount","timestamp":"2026-07-26T09:50:08.580Z"}
{"level":"info","message":"Associating table Bank with models","timestamp":"2026-07-26T09:50:08.580Z"}
{"level":"info","message":"Model name ministry","timestamp":"2026-07-26T09:50:08.580Z"}
{"level":"info","message":"Model name moneySettlement","timestamp":"2026-07-26T09:50:08.582Z"}
{"level":"info","message":"Model name moneyAdvanceAudit","timestamp":"2026-07-26T09:50:08.590Z"}
{"level":"info","message":"Associating table MoneyAdvanceAudit with models","timestamp":"2026-07-26T09:50:08.593Z"}
{"level":"info","message":"Model name moneyAdvance","timestamp":"2026-07-26T09:50:08.597Z"}
{"level":"info","message":"Associating table MoneyAdvance with models","timestamp":"2026-07-26T09:50:08.597Z"}
{"level":"info","message":"Model name AccountStatement","timestamp":"2026-07-26T09:50:08.601Z"}
{"level":"info","message":"Associating table AccountStatement with models","timestamp":"2026-07-26T09:50:08.602Z"}
{"level":"info","message":"Model name Project","timestamp":"2026-07-26T09:50:08.602Z"}
{"level":"info","message":"Model name ProjectBudget","timestamp":"2026-07-26T09:50:08.604Z"}
{"level":"info","message":"Model name ProjectContract","timestamp":"2026-07-26T09:50:08.604Z"}
{"level":"info","message":"Model name ProjectInvoice","timestamp":"2026-07-26T09:50:08.605Z"}
{"level":"info","message":"Model name WithdrawalApplication","timestamp":"2026-07-26T09:50:08.605Z"}
{"level":"info","message":"Model name revenue_target","timestamp":"2026-07-26T09:50:08.606Z"}
{"level":"info","message":"Model name apInvoice","timestamp":"2026-07-26T09:50:08.606Z"}
{"level":"info","message":"Associating table APInvoice with models","timestamp":"2026-07-26T09:50:08.606Z"}
{"level":"info","message":"Model name apInvoiceAudit","timestamp":"2026-07-26T09:50:08.609Z"}
{"level":"info","message":"Associating table APInvoiceAudit with models","timestamp":"2026-07-26T09:50:08.609Z"}
{"level":"info","message":"Model name invoiceLineItem","timestamp":"2026-07-26T09:50:08.610Z"}
{"level":"info","message":"Associating table InvoiceLineItem with models","timestamp":"2026-07-26T09:50:08.610Z"}
{"level":"info","message":"Model name apInvoiceSettlement","timestamp":"2026-07-26T09:50:08.611Z"}
{"level":"info","message":"Associating table APInvoiceSettlement with models","timestamp":"2026-07-26T09:50:08.611Z"}
{"level":"info","message":"Model name apSettlementAudit","timestamp":"2026-07-26T09:50:08.613Z"}
{"level":"info","message":"Associating table APSettlementAudit with models","timestamp":"2026-07-26T09:50:08.613Z"}
{"level":"info","message":"Model name apInvoiceSettlementLine","timestamp":"2026-07-26T09:50:08.614Z"}
{"level":"info","message":"Associating InvoiceSettlementLine with models","timestamp":"2026-07-26T09:50:08.614Z"}
{"level":"info","message":"Model name arInvoiceHeader","timestamp":"2026-07-26T09:50:08.615Z"}
{"level":"info","message":"Associating table ARInvoiceHeader with models","timestamp":"2026-07-26T09:50:08.615Z"}
{"level":"info","message":"Model name arInvoiceHeaderAudit","timestamp":"2026-07-26T09:50:08.619Z"}
{"level":"info","message":"Associating table ARInvoiceHeaderAudit with models","timestamp":"2026-07-26T09:50:08.619Z"}
{"level":"info","message":"Model name arInvoiceLine","timestamp":"2026-07-26T09:50:08.619Z"}
{"level":"info","message":"Associating table InvoiceLine with models","timestamp":"2026-07-26T09:50:08.619Z"}
{"level":"info","message":"Model name arReceiveHeaderV2","timestamp":"2026-07-26T09:50:08.620Z"}
{"level":"info","message":"Associating table ARReceiveHeader with models","timestamp":"2026-07-26T09:50:08.621Z"}
{"level":"info","message":"Model name arReceiveHeaderAudit","timestamp":"2026-07-26T09:50:08.623Z"}
{"level":"info","message":"Associating table ARReceiveHeaderAudit with models","timestamp":"2026-07-26T09:50:08.623Z"}
{"level":"info","message":"Model name arReceiveLine","timestamp":"2026-07-26T09:50:08.623Z"}
{"level":"info","message":"Associating table ReceiveLine with models","timestamp":"2026-07-26T09:50:08.624Z"}
{"level":"info","message":"Model name vendor","timestamp":"2026-07-26T09:50:08.626Z"}
{"level":"info","message":"Model name shipping","timestamp":"2026-07-26T09:50:08.626Z"}
{"level":"info","message":"Model name shipping_order","timestamp":"2026-07-26T09:50:08.626Z"}
{"level":"info","message":"Model name shipping_checkout_batch","timestamp":"2026-07-26T09:50:08.626Z"}
{"level":"info","message":"Model name service","timestamp":"2026-07-26T09:50:08.626Z"}
{"level":"info","message":"Model name authority","timestamp":"2026-07-26T09:50:08.626Z"}
{"level":"info","message":"Model name terminal","timestamp":"2026-07-26T09:50:08.626Z"}
{"level":"info","message":"Model name terminalAudit","timestamp":"2026-07-26T09:50:08.627Z"}
{"level":"info","message":"Associating table TerminalAudit with models","timestamp":"2026-07-26T09:50:08.627Z"}
{"level":"info","message":"Model name campaign","timestamp":"2026-07-26T09:50:08.627Z"}
{"level":"info","message":"Model name campaignEntry","timestamp":"2026-07-26T09:50:08.627Z"}
{"level":"info","message":"Model name rider","timestamp":"2026-07-26T09:50:08.627Z"}
{"level":"info","message":"Model name outlet","timestamp":"2026-07-26T09:50:08.627Z"}
{"level":"info","message":"Model name geography","timestamp":"2026-07-26T09:50:08.627Z"}
{"level":"info","message":"Model name country","timestamp":"2026-07-26T09:50:08.627Z"}
{"level":"info","message":"Model name village","timestamp":"2026-07-26T09:50:08.627Z"}
{"level":"info","message":"Model name district","timestamp":"2026-07-26T09:50:08.629Z"}
{"level":"info","message":"Model name accountDailyBalance","timestamp":"2026-07-26T09:50:08.636Z"}
{"level":"info","message":"Model name businessDate","timestamp":"2026-07-26T09:50:08.637Z"}
{"level":"info","message":"Model name cifCustomer","timestamp":"2026-07-26T09:50:08.637Z"}
{"level":"info","message":"Model name microfinanceGroup","timestamp":"2026-07-26T09:50:08.641Z"}
{"level":"info","message":"Model name mfCollateral","timestamp":"2026-07-26T09:50:08.642Z"}
{"level":"info","message":"Model name mfLoanProduct","timestamp":"2026-07-26T09:50:08.642Z"}
{"level":"info","message":"Model name mfLoanAccount","timestamp":"2026-07-26T09:50:08.643Z"}
{"level":"info","message":"Model name mfRepaymentSchedule","timestamp":"2026-07-26T09:50:08.645Z"}
{"level":"info","message":"Model name mfJournalEntry","timestamp":"2026-07-26T09:50:08.645Z"}
{"level":"info","message":"Model name tuturial","timestamp":"2026-07-26T09:50:08.648Z"}
{"level":"info","message":"client_db Connection established","timestamp":"2026-07-26T09:50:08.815Z"}
{"level":"info","message":"Hello, Winston!","timestamp":"2026-07-26T09:51:30.525Z"}
{"level":"warn","message":"This is a warning message.","timestamp":"2026-07-26T09:51:30.529Z"}
{"level":"error","message":"This is an error message.","timestamp":"2026-07-26T09:51:30.529Z"}
{"level":"info","message":"This is an information message.","timestamp":"2026-07-26T09:51:30.530Z"}
{"ip":"192.168.1.1","level":"info","message":"User logged in","timestamp":"2026-07-26T09:51:30.532Z","username":"johndoe"}
{"level":"info","message":"Model name sequelize","timestamp":"2026-07-26T09:51:30.880Z"}
{"level":"info","message":"Model name Sequelize","timestamp":"2026-07-26T09:51:30.882Z"}
{"level":"info","message":"Model name centralSequelize","timestamp":"2026-07-26T09:51:30.883Z"}
{"level":"info","message":"Model name spf","timestamp":"2026-07-26T09:51:30.884Z"}
{"level":"info","message":"Model name client","timestamp":"2026-07-26T09:51:30.885Z"}
{"level":"info","message":"Model name clientAudit","timestamp":"2026-07-26T09:51:30.891Z"}
{"level":"info","message":"Associating table ClientAudit with models","timestamp":"2026-07-26T09:51:30.893Z"}
{"level":"info","message":"Model name group","timestamp":"2026-07-26T09:51:30.898Z"}
{"level":"info","message":"Model name GroupMenuHeader","timestamp":"2026-07-26T09:51:30.900Z"}
{"level":"info","message":"Model name role","timestamp":"2026-07-26T09:51:30.901Z"}
{"level":"info","message":"Model name user","timestamp":"2026-07-26T09:51:30.906Z"}
{"level":"info","message":"Model name Agency","timestamp":"2026-07-26T09:51:30.909Z"}
{"level":"info","message":"Associating table Agency with models","timestamp":"2026-07-26T09:51:30.910Z"}
{"level":"info","message":"Model name Applicant","timestamp":"2026-07-26T09:51:30.914Z"}
{"level":"info","message":"Associating table Applicant with models","timestamp":"2026-07-26T09:51:30.917Z"}
{"level":"info","message":"Model name MOU","timestamp":"2026-07-26T09:51:30.938Z"}
{"level":"info","message":"Associating table Job with models","timestamp":"2026-07-26T09:51:30.943Z"}
{"level":"info","message":"Model name jobAdvertise","timestamp":"2026-07-26T09:51:30.957Z"}
{"level":"info","message":"Associating table JobAdvertise with models","timestamp":"2026-07-26T09:51:30.960Z"}
{"level":"info","message":"Model name JobBatch","timestamp":"2026-07-26T09:51:30.961Z"}
{"level":"info","message":"Associating table JobBatch with models","timestamp":"2026-07-26T09:51:30.963Z"}
{"level":"info","message":"Model name benefit","timestamp":"2026-07-26T09:51:30.971Z"}
{"level":"info","message":"Associating table Benefit with models","timestamp":"2026-07-26T09:51:30.971Z"}
{"level":"info","message":"Model name company","timestamp":"2026-07-26T09:51:30.976Z"}
{"level":"info","message":"Model name location","timestamp":"2026-07-26T09:51:30.980Z"}
{"level":"info","message":"Model name currency","timestamp":"2026-07-26T09:51:30.980Z"}
{"level":"info","message":"Model name currencyAudit","timestamp":"2026-07-26T09:51:30.981Z"}
{"level":"info","message":"Associating table CurrencyAudit with models","timestamp":"2026-07-26T09:51:30.982Z"}
{"level":"info","message":"Model name unit","timestamp":"2026-07-26T09:51:30.983Z"}
{"level":"info","message":"Model name printerModel","timestamp":"2026-07-26T09:51:30.992Z"}
{"level":"info","message":"Model name stockTransactionModel","timestamp":"2026-07-26T09:51:30.997Z"}
{"level":"info","message":"Model name mainCategory","timestamp":"2026-07-26T09:51:31.003Z"}
{"level":"info","message":"Model name category","timestamp":"2026-07-26T09:51:31.004Z"}
{"level":"info","message":"Associating table Color with models","timestamp":"2026-07-26T09:51:31.004Z"}
{"level":"info","message":"Model name student","timestamp":"2026-07-26T09:51:31.004Z"}
{"level":"info","message":"Associating table Student with models","timestamp":"2026-07-26T09:51:31.004Z"}
{"level":"info","message":"Model name nfcCard","timestamp":"2026-07-26T09:51:31.011Z"}
{"level":"info","message":"Associating table NfcCard with models","timestamp":"2026-07-26T09:51:31.017Z"}
{"level":"info","message":"Model name transactionEntry","timestamp":"2026-07-26T09:51:31.018Z"}
{"level":"info","message":"Associating table TransactionEntry","timestamp":"2026-07-26T09:51:31.019Z"}
{"level":"info","message":"Model name tax","timestamp":"2026-07-26T09:51:31.020Z"}
{"level":"info","message":"Model name product","timestamp":"2026-07-26T09:51:31.020Z"}
{"level":"info","message":"Model name productAudit","timestamp":"2026-07-26T09:51:31.057Z"}
{"level":"info","message":"Associating table ProductAudit with models","timestamp":"2026-07-26T09:51:31.061Z"}
{"level":"info","message":"Model name productTemp","timestamp":"2026-07-26T09:51:31.063Z"}
{"level":"info","message":"Model name productSize","timestamp":"2026-07-26T09:51:31.063Z"}
{"level":"info","message":"Model name image","timestamp":"2026-07-26T09:51:31.063Z"}
{"level":"info","message":"Associating table IMAGE with models","timestamp":"2026-07-26T09:51:31.064Z"}
{"level":"info","message":"Model name priceList","timestamp":"2026-07-26T09:51:31.064Z"}
{"level":"info","message":"Model name webProductGroup","timestamp":"2026-07-26T09:51:31.064Z"}
{"level":"info","message":"Model name customer","timestamp":"2026-07-26T09:51:31.064Z"}
{"level":"info","message":"Model name order","timestamp":"2026-07-26T09:51:31.064Z"}
{"level":"info","message":"Model name orderHIS","timestamp":"2026-07-26T09:51:31.064Z"}
{"level":"info","message":"Model name orderTable","timestamp":"2026-07-26T09:51:31.064Z"}
{"level":"info","message":"Model name recipe","timestamp":"2026-07-26T09:51:31.064Z"}
{"level":"info","message":"Model name table","timestamp":"2026-07-26T09:51:31.064Z"}
{"level":"info","message":"Model name ticket","timestamp":"2026-07-26T09:51:31.075Z"}
{"level":"info","message":"Model name promotion","timestamp":"2026-07-26T09:51:31.084Z"}
{"level":"info","message":"Model name ticketLine","timestamp":"2026-07-26T09:51:31.089Z"}
{"level":"info","message":"Model name MemberOffer","timestamp":"2026-07-26T09:51:31.092Z"}
{"level":"info","message":"Model name loyaltyTransaction","timestamp":"2026-07-26T09:51:31.100Z"}
{"level":"info","message":"Model name washjob","timestamp":"2026-07-26T09:51:31.100Z"}
{"level":"info","message":"Model name washjobHis","timestamp":"2026-07-26T09:51:31.100Z"}
{"level":"info","message":"Model name washjobline","timestamp":"2026-07-26T09:51:31.100Z"}
{"level":"info","message":"Model name QRRequest","timestamp":"2026-07-26T09:51:31.100Z"}
{"level":"info","message":"Associating table QRRequest with models","timestamp":"2026-07-26T09:51:31.100Z"}
{"level":"info","message":"Model name saleHeader","timestamp":"2026-07-26T09:51:31.101Z"}
{"level":"info","message":"Model name salePayment","timestamp":"2026-07-26T09:51:31.112Z"}
{"level":"info","message":"Model name saleLine","timestamp":"2026-07-26T09:51:31.117Z"}
{"level":"info","message":"Associating table SaleLine with models","timestamp":"2026-07-26T09:51:31.117Z"}
{"level":"info","message":"Model name quotationHeader","timestamp":"2026-07-26T09:51:31.121Z"}
{"level":"info","message":"Model name quotationLine","timestamp":"2026-07-26T09:51:31.121Z"}
{"level":"info","message":"Associating table QuotationLine with models","timestamp":"2026-07-26T09:51:31.121Z"}
{"level":"info","message":"Model name poHeader","timestamp":"2026-07-26T09:51:31.121Z"}
{"level":"info","message":"Model name poLine","timestamp":"2026-07-26T09:51:31.121Z"}
{"level":"info","message":"Model name poHeaderHIS","timestamp":"2026-07-26T09:51:31.122Z"}
{"level":"info","message":"Model name poLineHIS","timestamp":"2026-07-26T09:51:31.122Z"}
{"level":"info","message":"Model name receivingHeader","timestamp":"2026-07-26T09:51:31.122Z"}
{"level":"info","message":"Model name receivingLine","timestamp":"2026-07-26T09:51:31.122Z"}
{"level":"info","message":"Model name reservation","timestamp":"2026-07-26T09:51:31.122Z"}
{"level":"info","message":"Model name reservationLine","timestamp":"2026-07-26T09:51:31.122Z"}
{"level":"info","message":"Model name transferHeader","timestamp":"2026-07-26T09:51:31.122Z"}
{"level":"info","message":"Model name transferLine","timestamp":"2026-07-26T09:51:31.122Z"}
{"level":"info","message":"Model name menuHeader","timestamp":"2026-07-26T09:51:31.122Z"}
{"level":"info","message":"Model name menuLine","timestamp":"2026-07-26T09:51:31.122Z"}
{"level":"info","message":"Model name MenuHeaderLines","timestamp":"2026-07-26T09:51:31.122Z"}
{"level":"info","message":"Model name webMenuHeader","timestamp":"2026-07-26T09:51:31.122Z"}
{"level":"info","message":"Model name QRResponse","timestamp":"2026-07-26T09:51:31.124Z"}
{"level":"info","message":"Associating table QRResponse with models","timestamp":"2026-07-26T09:51:31.126Z"}
{"level":"info","message":"Model name PaymentCallback","timestamp":"2026-07-26T09:51:31.131Z"}
{"level":"info","message":"Associating table PaymentCallback with models","timestamp":"2026-07-26T09:51:31.131Z"}
{"level":"info","message":"Model name Color","timestamp":"2026-07-26T09:51:31.132Z"}
{"level":"info","message":"Associating table Color with models","timestamp":"2026-07-26T09:51:31.132Z"}
{"level":"info","message":"Model name Size","timestamp":"2026-07-26T09:51:31.135Z"}
{"level":"info","message":"Associating table Size with models","timestamp":"2026-07-26T09:51:31.135Z"}
{"level":"info","message":"Model name card","timestamp":"2026-07-26T09:51:31.136Z"}
{"level":"info","message":"Associating table Card with models","timestamp":"2026-07-26T09:51:31.136Z"}
{"level":"info","message":"Model name Transaction","timestamp":"2026-07-26T09:51:31.147Z"}
{"level":"info","message":"Model name glPostingBatch","timestamp":"2026-07-26T09:51:31.151Z"}
{"level":"info","message":"Model name gl","timestamp":"2026-07-26T09:51:31.151Z"}
{"level":"info","message":"Model name chartAccount","timestamp":"2026-07-26T09:51:31.151Z"}
{"level":"info","message":"Model name fixedAssetProduct","timestamp":"2026-07-26T09:51:31.151Z"}
{"level":"info","message":"Model name fixedAssetContract","timestamp":"2026-07-26T09:51:31.151Z"}
{"level":"info","message":"Model name fixedAssetDepreciation","timestamp":"2026-07-26T09:51:31.151Z"}
{"level":"info","message":"Model name apPaymentHeader","timestamp":"2026-07-26T09:51:31.151Z"}
{"level":"info","message":"Model name arReceiveHeader","timestamp":"2026-07-26T09:51:31.151Z"}
{"level":"info","message":"Model name payment","timestamp":"2026-07-26T09:51:31.151Z"}
{"level":"info","message":"Model name bank","timestamp":"2026-07-26T09:51:31.152Z"}
{"level":"info","message":"Model name bankAccount","timestamp":"2026-07-26T09:51:31.152Z"}
{"level":"info","message":"Associating table Bank with models","timestamp":"2026-07-26T09:51:31.152Z"}
{"level":"info","message":"Model name ministry","timestamp":"2026-07-26T09:51:31.152Z"}
{"level":"info","message":"Model name moneySettlement","timestamp":"2026-07-26T09:51:31.155Z"}
{"level":"info","message":"Model name moneyAdvanceAudit","timestamp":"2026-07-26T09:51:31.159Z"}
{"level":"info","message":"Associating table MoneyAdvanceAudit with models","timestamp":"2026-07-26T09:51:31.163Z"}
{"level":"info","message":"Model name moneyAdvance","timestamp":"2026-07-26T09:51:31.171Z"}
{"level":"info","message":"Associating table MoneyAdvance with models","timestamp":"2026-07-26T09:51:31.171Z"}
{"level":"info","message":"Model name AccountStatement","timestamp":"2026-07-26T09:51:31.175Z"}
{"level":"info","message":"Associating table AccountStatement with models","timestamp":"2026-07-26T09:51:31.175Z"}
{"level":"info","message":"Model name Project","timestamp":"2026-07-26T09:51:31.176Z"}
{"level":"info","message":"Model name ProjectBudget","timestamp":"2026-07-26T09:51:31.177Z"}
{"level":"info","message":"Model name ProjectContract","timestamp":"2026-07-26T09:51:31.177Z"}
{"level":"info","message":"Model name ProjectInvoice","timestamp":"2026-07-26T09:51:31.178Z"}
{"level":"info","message":"Model name WithdrawalApplication","timestamp":"2026-07-26T09:51:31.178Z"}
{"level":"info","message":"Model name revenue_target","timestamp":"2026-07-26T09:51:31.179Z"}
{"level":"info","message":"Model name apInvoice","timestamp":"2026-07-26T09:51:31.180Z"}
{"level":"info","message":"Associating table APInvoice with models","timestamp":"2026-07-26T09:51:31.180Z"}
{"level":"info","message":"Model name apInvoiceAudit","timestamp":"2026-07-26T09:51:31.183Z"}
{"level":"info","message":"Associating table APInvoiceAudit with models","timestamp":"2026-07-26T09:51:31.183Z"}
{"level":"info","message":"Model name invoiceLineItem","timestamp":"2026-07-26T09:51:31.183Z"}
{"level":"info","message":"Associating table InvoiceLineItem with models","timestamp":"2026-07-26T09:51:31.183Z"}
{"level":"info","message":"Model name apInvoiceSettlement","timestamp":"2026-07-26T09:51:31.184Z"}
{"level":"info","message":"Associating table APInvoiceSettlement with models","timestamp":"2026-07-26T09:51:31.184Z"}
{"level":"info","message":"Model name apSettlementAudit","timestamp":"2026-07-26T09:51:31.188Z"}
{"level":"info","message":"Associating table APSettlementAudit with models","timestamp":"2026-07-26T09:51:31.189Z"}
{"level":"info","message":"Model name apInvoiceSettlementLine","timestamp":"2026-07-26T09:51:31.189Z"}
{"level":"info","message":"Associating InvoiceSettlementLine with models","timestamp":"2026-07-26T09:51:31.189Z"}
{"level":"info","message":"Model name arInvoiceHeader","timestamp":"2026-07-26T09:51:31.190Z"}
{"level":"info","message":"Associating table ARInvoiceHeader with models","timestamp":"2026-07-26T09:51:31.191Z"}
{"level":"info","message":"Model name arInvoiceHeaderAudit","timestamp":"2026-07-26T09:51:31.194Z"}
{"level":"info","message":"Associating table ARInvoiceHeaderAudit with models","timestamp":"2026-07-26T09:51:31.194Z"}
{"level":"info","message":"Model name arInvoiceLine","timestamp":"2026-07-26T09:51:31.194Z"}
{"level":"info","message":"Associating table InvoiceLine with models","timestamp":"2026-07-26T09:51:31.195Z"}
{"level":"info","message":"Model name arReceiveHeaderV2","timestamp":"2026-07-26T09:51:31.196Z"}
{"level":"info","message":"Associating table ARReceiveHeader with models","timestamp":"2026-07-26T09:51:31.196Z"}
{"level":"info","message":"Model name arReceiveHeaderAudit","timestamp":"2026-07-26T09:51:31.199Z"}
{"level":"info","message":"Associating table ARReceiveHeaderAudit with models","timestamp":"2026-07-26T09:51:31.199Z"}
{"level":"info","message":"Model name arReceiveLine","timestamp":"2026-07-26T09:51:31.199Z"}
{"level":"info","message":"Associating table ReceiveLine with models","timestamp":"2026-07-26T09:51:31.199Z"}
{"level":"info","message":"Model name vendor","timestamp":"2026-07-26T09:51:31.201Z"}
{"level":"info","message":"Model name shipping","timestamp":"2026-07-26T09:51:31.201Z"}
{"level":"info","message":"Model name shipping_order","timestamp":"2026-07-26T09:51:31.201Z"}
{"level":"info","message":"Model name shipping_checkout_batch","timestamp":"2026-07-26T09:51:31.201Z"}
{"level":"info","message":"Model name service","timestamp":"2026-07-26T09:51:31.201Z"}
{"level":"info","message":"Model name authority","timestamp":"2026-07-26T09:51:31.201Z"}
{"level":"info","message":"Model name terminal","timestamp":"2026-07-26T09:51:31.201Z"}
{"level":"info","message":"Model name terminalAudit","timestamp":"2026-07-26T09:51:31.202Z"}
{"level":"info","message":"Associating table TerminalAudit with models","timestamp":"2026-07-26T09:51:31.202Z"}
{"level":"info","message":"Model name campaign","timestamp":"2026-07-26T09:51:31.202Z"}
{"level":"info","message":"Model name campaignEntry","timestamp":"2026-07-26T09:51:31.202Z"}
{"level":"info","message":"Model name rider","timestamp":"2026-07-26T09:51:31.202Z"}
{"level":"info","message":"Model name outlet","timestamp":"2026-07-26T09:51:31.202Z"}
{"level":"info","message":"Model name geography","timestamp":"2026-07-26T09:51:31.202Z"}
{"level":"info","message":"Model name country","timestamp":"2026-07-26T09:51:31.202Z"}
{"level":"info","message":"Model name village","timestamp":"2026-07-26T09:51:31.202Z"}
{"level":"info","message":"Model name district","timestamp":"2026-07-26T09:51:31.206Z"}
{"level":"info","message":"Model name accountDailyBalance","timestamp":"2026-07-26T09:51:31.211Z"}
{"level":"info","message":"Model name businessDate","timestamp":"2026-07-26T09:51:31.211Z"}
{"level":"info","message":"Model name cifCustomer","timestamp":"2026-07-26T09:51:31.211Z"}
{"level":"info","message":"Model name microfinanceGroup","timestamp":"2026-07-26T09:51:31.215Z"}
{"level":"info","message":"Model name mfCollateral","timestamp":"2026-07-26T09:51:31.217Z"}
{"level":"info","message":"Model name mfLoanProduct","timestamp":"2026-07-26T09:51:31.217Z"}
{"level":"info","message":"Model name mfLoanAccount","timestamp":"2026-07-26T09:51:31.218Z"}
{"level":"info","message":"Model name mfRepaymentSchedule","timestamp":"2026-07-26T09:51:31.220Z"}
{"level":"info","message":"Model name mfJournalEntry","timestamp":"2026-07-26T09:51:31.220Z"}
{"level":"info","message":"Model name tuturial","timestamp":"2026-07-26T09:51:31.225Z"}
{"level":"info","message":"client_db Connection established","timestamp":"2026-07-26T09:51:31.510Z"}
{"level":"info","message":"Hello, Winston!","timestamp":"2026-07-26T09:51:39.810Z"}
{"level":"warn","message":"This is a warning message.","timestamp":"2026-07-26T09:51:39.813Z"}
{"level":"error","message":"This is an error message.","timestamp":"2026-07-26T09:51:39.814Z"}
{"level":"info","message":"This is an information message.","timestamp":"2026-07-26T09:51:39.815Z"}
{"ip":"192.168.1.1","level":"info","message":"User logged in","timestamp":"2026-07-26T09:51:39.817Z","username":"johndoe"}
{"level":"info","message":"Model name sequelize","timestamp":"2026-07-26T09:51:40.148Z"}
{"level":"info","message":"Model name Sequelize","timestamp":"2026-07-26T09:51:40.150Z"}
{"level":"info","message":"Model name centralSequelize","timestamp":"2026-07-26T09:51:40.150Z"}
{"level":"info","message":"Model name spf","timestamp":"2026-07-26T09:51:40.150Z"}
{"level":"info","message":"Model name client","timestamp":"2026-07-26T09:51:40.151Z"}
{"level":"info","message":"Model name clientAudit","timestamp":"2026-07-26T09:51:40.155Z"}
{"level":"info","message":"Associating table ClientAudit with models","timestamp":"2026-07-26T09:51:40.157Z"}
{"level":"info","message":"Model name group","timestamp":"2026-07-26T09:51:40.161Z"}
{"level":"info","message":"Model name GroupMenuHeader","timestamp":"2026-07-26T09:51:40.163Z"}
{"level":"info","message":"Model name role","timestamp":"2026-07-26T09:51:40.164Z"}
{"level":"info","message":"Model name user","timestamp":"2026-07-26T09:51:40.169Z"}
{"level":"info","message":"Model name Agency","timestamp":"2026-07-26T09:51:40.172Z"}
{"level":"info","message":"Associating table Agency with models","timestamp":"2026-07-26T09:51:40.178Z"}
{"level":"info","message":"Model name Applicant","timestamp":"2026-07-26T09:51:40.182Z"}
{"level":"info","message":"Associating table Applicant with models","timestamp":"2026-07-26T09:51:40.185Z"}
{"level":"info","message":"Model name MOU","timestamp":"2026-07-26T09:51:40.207Z"}
{"level":"info","message":"Associating table Job with models","timestamp":"2026-07-26T09:51:40.211Z"}
{"level":"info","message":"Model name jobAdvertise","timestamp":"2026-07-26T09:51:40.223Z"}
{"level":"info","message":"Associating table JobAdvertise with models","timestamp":"2026-07-26T09:51:40.226Z"}
{"level":"info","message":"Model name JobBatch","timestamp":"2026-07-26T09:51:40.227Z"}
{"level":"info","message":"Associating table JobBatch with models","timestamp":"2026-07-26T09:51:40.228Z"}
{"level":"info","message":"Model name benefit","timestamp":"2026-07-26T09:51:40.236Z"}
{"level":"info","message":"Associating table Benefit with models","timestamp":"2026-07-26T09:51:40.236Z"}
{"level":"info","message":"Model name company","timestamp":"2026-07-26T09:51:40.241Z"}
{"level":"info","message":"Model name location","timestamp":"2026-07-26T09:51:40.244Z"}
{"level":"info","message":"Model name currency","timestamp":"2026-07-26T09:51:40.244Z"}
{"level":"info","message":"Model name currencyAudit","timestamp":"2026-07-26T09:51:40.245Z"}
{"level":"info","message":"Associating table CurrencyAudit with models","timestamp":"2026-07-26T09:51:40.245Z"}
{"level":"info","message":"Model name unit","timestamp":"2026-07-26T09:51:40.246Z"}
{"level":"info","message":"Model name printerModel","timestamp":"2026-07-26T09:51:40.257Z"}
{"level":"info","message":"Model name stockTransactionModel","timestamp":"2026-07-26T09:51:40.261Z"}
{"level":"info","message":"Model name mainCategory","timestamp":"2026-07-26T09:51:40.268Z"}
{"level":"info","message":"Model name category","timestamp":"2026-07-26T09:51:40.268Z"}
{"level":"info","message":"Associating table Color with models","timestamp":"2026-07-26T09:51:40.268Z"}
{"level":"info","message":"Model name student","timestamp":"2026-07-26T09:51:40.268Z"}
{"level":"info","message":"Associating table Student with models","timestamp":"2026-07-26T09:51:40.269Z"}
{"level":"info","message":"Model name nfcCard","timestamp":"2026-07-26T09:51:40.274Z"}
{"level":"info","message":"Associating table NfcCard with models","timestamp":"2026-07-26T09:51:40.278Z"}
{"level":"info","message":"Model name transactionEntry","timestamp":"2026-07-26T09:51:40.279Z"}
{"level":"info","message":"Associating table TransactionEntry","timestamp":"2026-07-26T09:51:40.279Z"}
{"level":"info","message":"Model name tax","timestamp":"2026-07-26T09:51:40.280Z"}
{"level":"info","message":"Model name product","timestamp":"2026-07-26T09:51:40.280Z"}
{"level":"info","message":"Model name productAudit","timestamp":"2026-07-26T09:51:40.309Z"}
{"level":"info","message":"Associating table ProductAudit with models","timestamp":"2026-07-26T09:51:40.314Z"}
{"level":"info","message":"Model name productTemp","timestamp":"2026-07-26T09:51:40.317Z"}
{"level":"info","message":"Model name productSize","timestamp":"2026-07-26T09:51:40.317Z"}
{"level":"info","message":"Model name image","timestamp":"2026-07-26T09:51:40.317Z"}
{"level":"info","message":"Associating table IMAGE with models","timestamp":"2026-07-26T09:51:40.318Z"}
{"level":"info","message":"Model name priceList","timestamp":"2026-07-26T09:51:40.318Z"}
{"level":"info","message":"Model name webProductGroup","timestamp":"2026-07-26T09:51:40.318Z"}
{"level":"info","message":"Model name customer","timestamp":"2026-07-26T09:51:40.318Z"}
{"level":"info","message":"Model name order","timestamp":"2026-07-26T09:51:40.318Z"}
{"level":"info","message":"Model name orderHIS","timestamp":"2026-07-26T09:51:40.318Z"}
{"level":"info","message":"Model name orderTable","timestamp":"2026-07-26T09:51:40.318Z"}
{"level":"info","message":"Model name recipe","timestamp":"2026-07-26T09:51:40.318Z"}
{"level":"info","message":"Model name table","timestamp":"2026-07-26T09:51:40.319Z"}
{"level":"info","message":"Model name ticket","timestamp":"2026-07-26T09:51:40.330Z"}
{"level":"info","message":"Model name promotion","timestamp":"2026-07-26T09:51:40.339Z"}
{"level":"info","message":"Model name ticketLine","timestamp":"2026-07-26T09:51:40.345Z"}
{"level":"info","message":"Model name MemberOffer","timestamp":"2026-07-26T09:51:40.347Z"}
{"level":"info","message":"Model name loyaltyTransaction","timestamp":"2026-07-26T09:51:40.355Z"}
{"level":"info","message":"Model name washjob","timestamp":"2026-07-26T09:51:40.355Z"}
{"level":"info","message":"Model name washjobHis","timestamp":"2026-07-26T09:51:40.355Z"}
{"level":"info","message":"Model name washjobline","timestamp":"2026-07-26T09:51:40.355Z"}
{"level":"info","message":"Model name QRRequest","timestamp":"2026-07-26T09:51:40.356Z"}
{"level":"info","message":"Associating table QRRequest with models","timestamp":"2026-07-26T09:51:40.356Z"}
{"level":"info","message":"Model name saleHeader","timestamp":"2026-07-26T09:51:40.356Z"}
{"level":"info","message":"Model name salePayment","timestamp":"2026-07-26T09:51:40.368Z"}
{"level":"info","message":"Model name saleLine","timestamp":"2026-07-26T09:51:40.373Z"}
{"level":"info","message":"Associating table SaleLine with models","timestamp":"2026-07-26T09:51:40.374Z"}
{"level":"info","message":"Model name quotationHeader","timestamp":"2026-07-26T09:51:40.382Z"}
{"level":"info","message":"Model name quotationLine","timestamp":"2026-07-26T09:51:40.385Z"}
{"level":"info","message":"Associating table QuotationLine with models","timestamp":"2026-07-26T09:51:40.385Z"}
{"level":"info","message":"Model name poHeader","timestamp":"2026-07-26T09:51:40.386Z"}
{"level":"info","message":"Model name poLine","timestamp":"2026-07-26T09:51:40.386Z"}
{"level":"info","message":"Model name poHeaderHIS","timestamp":"2026-07-26T09:51:40.386Z"}
{"level":"info","message":"Model name poLineHIS","timestamp":"2026-07-26T09:51:40.386Z"}
{"level":"info","message":"Model name receivingHeader","timestamp":"2026-07-26T09:51:40.386Z"}
{"level":"info","message":"Model name receivingLine","timestamp":"2026-07-26T09:51:40.386Z"}
{"level":"info","message":"Model name reservation","timestamp":"2026-07-26T09:51:40.386Z"}
{"level":"info","message":"Model name reservationLine","timestamp":"2026-07-26T09:51:40.386Z"}
{"level":"info","message":"Model name transferHeader","timestamp":"2026-07-26T09:51:40.386Z"}
{"level":"info","message":"Model name transferLine","timestamp":"2026-07-26T09:51:40.386Z"}
{"level":"info","message":"Model name menuHeader","timestamp":"2026-07-26T09:51:40.386Z"}
{"level":"info","message":"Model name menuLine","timestamp":"2026-07-26T09:51:40.386Z"}
{"level":"info","message":"Model name MenuHeaderLines","timestamp":"2026-07-26T09:51:40.386Z"}
{"level":"info","message":"Model name webMenuHeader","timestamp":"2026-07-26T09:51:40.386Z"}
{"level":"info","message":"Model name QRResponse","timestamp":"2026-07-26T09:51:40.386Z"}
{"level":"info","message":"Associating table QRResponse with models","timestamp":"2026-07-26T09:51:40.386Z"}
{"level":"info","message":"Model name PaymentCallback","timestamp":"2026-07-26T09:51:40.387Z"}
{"level":"info","message":"Associating table PaymentCallback with models","timestamp":"2026-07-26T09:51:40.387Z"}
{"level":"info","message":"Model name Color","timestamp":"2026-07-26T09:51:40.388Z"}
{"level":"info","message":"Associating table Color with models","timestamp":"2026-07-26T09:51:40.388Z"}
{"level":"info","message":"Model name Size","timestamp":"2026-07-26T09:51:40.390Z"}
{"level":"info","message":"Associating table Size with models","timestamp":"2026-07-26T09:51:40.390Z"}
{"level":"info","message":"Model name card","timestamp":"2026-07-26T09:51:40.391Z"}
{"level":"info","message":"Associating table Card with models","timestamp":"2026-07-26T09:51:40.391Z"}
{"level":"info","message":"Model name Transaction","timestamp":"2026-07-26T09:51:40.404Z"}
{"level":"info","message":"Model name glPostingBatch","timestamp":"2026-07-26T09:51:40.410Z"}
{"level":"info","message":"Model name gl","timestamp":"2026-07-26T09:51:40.411Z"}
{"level":"info","message":"Model name chartAccount","timestamp":"2026-07-26T09:51:40.411Z"}
{"level":"info","message":"Model name fixedAssetProduct","timestamp":"2026-07-26T09:51:40.411Z"}
{"level":"info","message":"Model name fixedAssetContract","timestamp":"2026-07-26T09:51:40.411Z"}
{"level":"info","message":"Model name fixedAssetDepreciation","timestamp":"2026-07-26T09:51:40.411Z"}
{"level":"info","message":"Model name apPaymentHeader","timestamp":"2026-07-26T09:51:40.411Z"}
{"level":"info","message":"Model name arReceiveHeader","timestamp":"2026-07-26T09:51:40.412Z"}
{"level":"info","message":"Model name payment","timestamp":"2026-07-26T09:51:40.412Z"}
{"level":"info","message":"Model name bank","timestamp":"2026-07-26T09:51:40.412Z"}
{"level":"info","message":"Model name bankAccount","timestamp":"2026-07-26T09:51:40.412Z"}
{"level":"info","message":"Associating table Bank with models","timestamp":"2026-07-26T09:51:40.413Z"}
{"level":"info","message":"Model name ministry","timestamp":"2026-07-26T09:51:40.414Z"}
{"level":"info","message":"Model name moneySettlement","timestamp":"2026-07-26T09:51:40.417Z"}
{"level":"info","message":"Model name moneyAdvanceAudit","timestamp":"2026-07-26T09:51:40.442Z"}
{"level":"info","message":"Associating table MoneyAdvanceAudit with models","timestamp":"2026-07-26T09:51:40.447Z"}
{"level":"info","message":"Model name moneyAdvance","timestamp":"2026-07-26T09:51:40.448Z"}
{"level":"info","message":"Associating table MoneyAdvance with models","timestamp":"2026-07-26T09:51:40.449Z"}
{"level":"info","message":"Model name AccountStatement","timestamp":"2026-07-26T09:51:40.452Z"}
{"level":"info","message":"Associating table AccountStatement with models","timestamp":"2026-07-26T09:51:40.452Z"}
{"level":"info","message":"Model name Project","timestamp":"2026-07-26T09:51:40.453Z"}
{"level":"info","message":"Model name ProjectBudget","timestamp":"2026-07-26T09:51:40.454Z"}
{"level":"info","message":"Model name ProjectContract","timestamp":"2026-07-26T09:51:40.454Z"}
{"level":"info","message":"Model name ProjectInvoice","timestamp":"2026-07-26T09:51:40.455Z"}
{"level":"info","message":"Model name WithdrawalApplication","timestamp":"2026-07-26T09:51:40.455Z"}
{"level":"info","message":"Model name revenue_target","timestamp":"2026-07-26T09:51:40.456Z"}
{"level":"info","message":"Model name apInvoice","timestamp":"2026-07-26T09:51:40.457Z"}
{"level":"info","message":"Associating table APInvoice with models","timestamp":"2026-07-26T09:51:40.457Z"}
{"level":"info","message":"Model name apInvoiceAudit","timestamp":"2026-07-26T09:51:40.461Z"}
{"level":"info","message":"Associating table APInvoiceAudit with models","timestamp":"2026-07-26T09:51:40.461Z"}
{"level":"info","message":"Model name invoiceLineItem","timestamp":"2026-07-26T09:51:40.462Z"}
{"level":"info","message":"Associating table InvoiceLineItem with models","timestamp":"2026-07-26T09:51:40.462Z"}
{"level":"info","message":"Model name apInvoiceSettlement","timestamp":"2026-07-26T09:51:40.467Z"}
{"level":"info","message":"Associating table APInvoiceSettlement with models","timestamp":"2026-07-26T09:51:40.467Z"}
{"level":"info","message":"Model name apSettlementAudit","timestamp":"2026-07-26T09:51:40.469Z"}
{"level":"info","message":"Associating table APSettlementAudit with models","timestamp":"2026-07-26T09:51:40.470Z"}
{"level":"info","message":"Model name apInvoiceSettlementLine","timestamp":"2026-07-26T09:51:40.470Z"}
{"level":"info","message":"Associating InvoiceSettlementLine with models","timestamp":"2026-07-26T09:51:40.470Z"}
{"level":"info","message":"Model name arInvoiceHeader","timestamp":"2026-07-26T09:51:40.472Z"}
{"level":"info","message":"Associating table ARInvoiceHeader with models","timestamp":"2026-07-26T09:51:40.472Z"}
{"level":"info","message":"Model name arInvoiceHeaderAudit","timestamp":"2026-07-26T09:51:40.476Z"}
{"level":"info","message":"Associating table ARInvoiceHeaderAudit with models","timestamp":"2026-07-26T09:51:40.477Z"}
{"level":"info","message":"Model name arInvoiceLine","timestamp":"2026-07-26T09:51:40.477Z"}
{"level":"info","message":"Associating table InvoiceLine with models","timestamp":"2026-07-26T09:51:40.478Z"}
{"level":"info","message":"Model name arReceiveHeaderV2","timestamp":"2026-07-26T09:51:40.479Z"}
{"level":"info","message":"Associating table ARReceiveHeader with models","timestamp":"2026-07-26T09:51:40.480Z"}
{"level":"info","message":"Model name arReceiveHeaderAudit","timestamp":"2026-07-26T09:51:40.483Z"}
{"level":"info","message":"Associating table ARReceiveHeaderAudit with models","timestamp":"2026-07-26T09:51:40.484Z"}
{"level":"info","message":"Model name arReceiveLine","timestamp":"2026-07-26T09:51:40.484Z"}
{"level":"info","message":"Associating table ReceiveLine with models","timestamp":"2026-07-26T09:51:40.485Z"}
{"level":"info","message":"Model name vendor","timestamp":"2026-07-26T09:51:40.493Z"}
{"level":"info","message":"Model name shipping","timestamp":"2026-07-26T09:51:40.494Z"}
{"level":"info","message":"Model name shipping_order","timestamp":"2026-07-26T09:51:40.494Z"}
{"level":"info","message":"Model name shipping_checkout_batch","timestamp":"2026-07-26T09:51:40.494Z"}
{"level":"info","message":"Model name service","timestamp":"2026-07-26T09:51:40.494Z"}
{"level":"info","message":"Model name authority","timestamp":"2026-07-26T09:51:40.494Z"}
{"level":"info","message":"Model name terminal","timestamp":"2026-07-26T09:51:40.494Z"}
{"level":"info","message":"Model name terminalAudit","timestamp":"2026-07-26T09:51:40.496Z"}
{"level":"info","message":"Associating table TerminalAudit with models","timestamp":"2026-07-26T09:51:40.496Z"}
{"level":"info","message":"Model name campaign","timestamp":"2026-07-26T09:51:40.500Z"}
{"level":"info","message":"Model name campaignEntry","timestamp":"2026-07-26T09:51:40.504Z"}
{"level":"info","message":"Model name rider","timestamp":"2026-07-26T09:51:40.504Z"}
{"level":"info","message":"Model name outlet","timestamp":"2026-07-26T09:51:40.504Z"}
{"level":"info","message":"Model name geography","timestamp":"2026-07-26T09:51:40.504Z"}
{"level":"info","message":"Model name country","timestamp":"2026-07-26T09:51:40.504Z"}
{"level":"info","message":"Model name village","timestamp":"2026-07-26T09:51:40.505Z"}
{"level":"info","message":"Model name district","timestamp":"2026-07-26T09:51:40.522Z"}
{"level":"info","message":"Model name accountDailyBalance","timestamp":"2026-07-26T09:51:40.526Z"}
{"level":"info","message":"Model name businessDate","timestamp":"2026-07-26T09:51:40.529Z"}
{"level":"info","message":"Model name cifCustomer","timestamp":"2026-07-26T09:51:40.530Z"}
{"level":"info","message":"Model name microfinanceGroup","timestamp":"2026-07-26T09:51:40.539Z"}
{"level":"info","message":"Model name mfCollateral","timestamp":"2026-07-26T09:51:40.543Z"}
{"level":"info","message":"Model name mfLoanProduct","timestamp":"2026-07-26T09:51:40.545Z"}
{"level":"info","message":"Model name mfLoanAccount","timestamp":"2026-07-26T09:51:40.547Z"}
{"level":"info","message":"Model name mfRepaymentSchedule","timestamp":"2026-07-26T09:51:40.555Z"}
{"level":"info","message":"Model name mfJournalEntry","timestamp":"2026-07-26T09:51:40.559Z"}
{"level":"info","message":"Model name tuturial","timestamp":"2026-07-26T09:51:40.561Z"}
{"level":"info","message":"client_db Connection established","timestamp":"2026-07-26T09:51:40.761Z"}
{"level":"info","message":"Hello, Winston!","timestamp":"2026-07-26T09:51:58.012Z"}
{"level":"warn","message":"This is a warning message.","timestamp":"2026-07-26T09:51:58.017Z"}
{"level":"error","message":"This is an error message.","timestamp":"2026-07-26T09:51:58.018Z"}
{"level":"info","message":"This is an information message.","timestamp":"2026-07-26T09:51:58.019Z"}
{"ip":"192.168.1.1","level":"info","message":"User logged in","timestamp":"2026-07-26T09:51:58.021Z","username":"johndoe"}
{"level":"info","message":"Model name sequelize","timestamp":"2026-07-26T09:51:58.375Z"}
{"level":"info","message":"Model name Sequelize","timestamp":"2026-07-26T09:51:58.377Z"}
{"level":"info","message":"Model name centralSequelize","timestamp":"2026-07-26T09:51:58.377Z"}
{"level":"info","message":"Model name spf","timestamp":"2026-07-26T09:51:58.378Z"}
{"level":"info","message":"Model name client","timestamp":"2026-07-26T09:51:58.378Z"}
{"level":"info","message":"Model name clientAudit","timestamp":"2026-07-26T09:51:58.388Z"}
{"level":"info","message":"Associating table ClientAudit with models","timestamp":"2026-07-26T09:51:58.390Z"}
{"level":"info","message":"Model name group","timestamp":"2026-07-26T09:51:58.397Z"}
{"level":"info","message":"Model name GroupMenuHeader","timestamp":"2026-07-26T09:51:58.400Z"}
{"level":"info","message":"Model name role","timestamp":"2026-07-26T09:51:58.401Z"}
{"level":"info","message":"Model name user","timestamp":"2026-07-26T09:51:58.409Z"}
{"level":"info","message":"Model name Agency","timestamp":"2026-07-26T09:51:58.411Z"}
{"level":"info","message":"Associating table Agency with models","timestamp":"2026-07-26T09:51:58.412Z"}
{"level":"info","message":"Model name Applicant","timestamp":"2026-07-26T09:51:58.416Z"}
{"level":"info","message":"Associating table Applicant with models","timestamp":"2026-07-26T09:51:58.418Z"}
{"level":"info","message":"Model name MOU","timestamp":"2026-07-26T09:51:58.437Z"}
{"level":"info","message":"Associating table Job with models","timestamp":"2026-07-26T09:51:58.442Z"}
{"level":"info","message":"Model name jobAdvertise","timestamp":"2026-07-26T09:51:58.453Z"}
{"level":"info","message":"Associating table JobAdvertise with models","timestamp":"2026-07-26T09:51:58.455Z"}
{"level":"info","message":"Model name JobBatch","timestamp":"2026-07-26T09:51:58.457Z"}
{"level":"info","message":"Associating table JobBatch with models","timestamp":"2026-07-26T09:51:58.458Z"}
{"level":"info","message":"Model name benefit","timestamp":"2026-07-26T09:51:58.465Z"}
{"level":"info","message":"Associating table Benefit with models","timestamp":"2026-07-26T09:51:58.465Z"}
{"level":"info","message":"Model name company","timestamp":"2026-07-26T09:51:58.468Z"}
{"level":"info","message":"Model name location","timestamp":"2026-07-26T09:51:58.471Z"}
{"level":"info","message":"Model name currency","timestamp":"2026-07-26T09:51:58.471Z"}
{"level":"info","message":"Model name currencyAudit","timestamp":"2026-07-26T09:51:58.472Z"}
{"level":"info","message":"Associating table CurrencyAudit with models","timestamp":"2026-07-26T09:51:58.472Z"}
{"level":"info","message":"Model name unit","timestamp":"2026-07-26T09:51:58.473Z"}
{"level":"info","message":"Model name printerModel","timestamp":"2026-07-26T09:51:58.480Z"}
{"level":"info","message":"Model name stockTransactionModel","timestamp":"2026-07-26T09:51:58.484Z"}
{"level":"info","message":"Model name mainCategory","timestamp":"2026-07-26T09:51:58.489Z"}
{"level":"info","message":"Model name category","timestamp":"2026-07-26T09:51:58.489Z"}
{"level":"info","message":"Associating table Color with models","timestamp":"2026-07-26T09:51:58.490Z"}
{"level":"info","message":"Model name student","timestamp":"2026-07-26T09:51:58.490Z"}
{"level":"info","message":"Associating table Student with models","timestamp":"2026-07-26T09:51:58.490Z"}
{"level":"info","message":"Model name nfcCard","timestamp":"2026-07-26T09:51:58.494Z"}
{"level":"info","message":"Associating table NfcCard with models","timestamp":"2026-07-26T09:51:58.497Z"}
{"level":"info","message":"Model name transactionEntry","timestamp":"2026-07-26T09:51:58.498Z"}
{"level":"info","message":"Associating table TransactionEntry","timestamp":"2026-07-26T09:51:58.499Z"}
{"level":"info","message":"Model name tax","timestamp":"2026-07-26T09:51:58.499Z"}
{"level":"info","message":"Model name product","timestamp":"2026-07-26T09:51:58.500Z"}
{"level":"info","message":"Model name productAudit","timestamp":"2026-07-26T09:51:58.538Z"}
{"level":"info","message":"Associating table ProductAudit with models","timestamp":"2026-07-26T09:51:58.542Z"}
{"level":"info","message":"Model name productTemp","timestamp":"2026-07-26T09:51:58.544Z"}
{"level":"info","message":"Model name productSize","timestamp":"2026-07-26T09:51:58.544Z"}
{"level":"info","message":"Model name image","timestamp":"2026-07-26T09:51:58.544Z"}
{"level":"info","message":"Associating table IMAGE with models","timestamp":"2026-07-26T09:51:58.545Z"}
{"level":"info","message":"Model name priceList","timestamp":"2026-07-26T09:51:58.545Z"}
{"level":"info","message":"Model name webProductGroup","timestamp":"2026-07-26T09:51:58.545Z"}
{"level":"info","message":"Model name customer","timestamp":"2026-07-26T09:51:58.545Z"}
{"level":"info","message":"Model name order","timestamp":"2026-07-26T09:51:58.545Z"}
{"level":"info","message":"Model name orderHIS","timestamp":"2026-07-26T09:51:58.545Z"}
{"level":"info","message":"Model name orderTable","timestamp":"2026-07-26T09:51:58.546Z"}
{"level":"info","message":"Model name recipe","timestamp":"2026-07-26T09:51:58.546Z"}
{"level":"info","message":"Model name table","timestamp":"2026-07-26T09:51:58.546Z"}
{"level":"info","message":"Model name ticket","timestamp":"2026-07-26T09:51:58.553Z"}
{"level":"info","message":"Model name promotion","timestamp":"2026-07-26T09:51:58.561Z"}
{"level":"info","message":"Model name ticketLine","timestamp":"2026-07-26T09:51:58.566Z"}
{"level":"info","message":"Model name MemberOffer","timestamp":"2026-07-26T09:51:58.568Z"}
{"level":"info","message":"Model name loyaltyTransaction","timestamp":"2026-07-26T09:51:58.576Z"}
{"level":"info","message":"Model name washjob","timestamp":"2026-07-26T09:51:58.577Z"}
{"level":"info","message":"Model name washjobHis","timestamp":"2026-07-26T09:51:58.577Z"}
{"level":"info","message":"Model name washjobline","timestamp":"2026-07-26T09:51:58.577Z"}
{"level":"info","message":"Model name QRRequest","timestamp":"2026-07-26T09:51:58.577Z"}
{"level":"info","message":"Associating table QRRequest with models","timestamp":"2026-07-26T09:51:58.577Z"}
{"level":"info","message":"Model name saleHeader","timestamp":"2026-07-26T09:51:58.578Z"}
{"level":"info","message":"Model name salePayment","timestamp":"2026-07-26T09:51:58.588Z"}
{"level":"info","message":"Model name saleLine","timestamp":"2026-07-26T09:51:58.592Z"}
{"level":"info","message":"Associating table SaleLine with models","timestamp":"2026-07-26T09:51:58.592Z"}
{"level":"info","message":"Model name quotationHeader","timestamp":"2026-07-26T09:51:58.595Z"}
{"level":"info","message":"Model name quotationLine","timestamp":"2026-07-26T09:51:58.595Z"}
{"level":"info","message":"Associating table QuotationLine with models","timestamp":"2026-07-26T09:51:58.596Z"}
{"level":"info","message":"Model name poHeader","timestamp":"2026-07-26T09:51:58.596Z"}
{"level":"info","message":"Model name poLine","timestamp":"2026-07-26T09:51:58.596Z"}
{"level":"info","message":"Model name poHeaderHIS","timestamp":"2026-07-26T09:51:58.596Z"}
{"level":"info","message":"Model name poLineHIS","timestamp":"2026-07-26T09:51:58.596Z"}
{"level":"info","message":"Model name receivingHeader","timestamp":"2026-07-26T09:51:58.596Z"}
{"level":"info","message":"Model name receivingLine","timestamp":"2026-07-26T09:51:58.596Z"}
{"level":"info","message":"Model name reservation","timestamp":"2026-07-26T09:51:58.596Z"}
{"level":"info","message":"Model name reservationLine","timestamp":"2026-07-26T09:51:58.596Z"}
{"level":"info","message":"Model name transferHeader","timestamp":"2026-07-26T09:51:58.596Z"}
{"level":"info","message":"Model name transferLine","timestamp":"2026-07-26T09:51:58.596Z"}
{"level":"info","message":"Model name menuHeader","timestamp":"2026-07-26T09:51:58.596Z"}
{"level":"info","message":"Model name menuLine","timestamp":"2026-07-26T09:51:58.596Z"}
{"level":"info","message":"Model name MenuHeaderLines","timestamp":"2026-07-26T09:51:58.597Z"}
{"level":"info","message":"Model name webMenuHeader","timestamp":"2026-07-26T09:51:58.597Z"}
{"level":"info","message":"Model name QRResponse","timestamp":"2026-07-26T09:51:58.597Z"}
{"level":"info","message":"Associating table QRResponse with models","timestamp":"2026-07-26T09:51:58.597Z"}
{"level":"info","message":"Model name PaymentCallback","timestamp":"2026-07-26T09:51:58.598Z"}
{"level":"info","message":"Associating table PaymentCallback with models","timestamp":"2026-07-26T09:51:58.598Z"}
{"level":"info","message":"Model name Color","timestamp":"2026-07-26T09:51:58.600Z"}
{"level":"info","message":"Associating table Color with models","timestamp":"2026-07-26T09:51:58.602Z"}
{"level":"info","message":"Model name Size","timestamp":"2026-07-26T09:51:58.606Z"}
{"level":"info","message":"Associating table Size with models","timestamp":"2026-07-26T09:51:58.607Z"}
{"level":"info","message":"Model name card","timestamp":"2026-07-26T09:51:58.607Z"}
{"level":"info","message":"Associating table Card with models","timestamp":"2026-07-26T09:51:58.607Z"}
{"level":"info","message":"Model name Transaction","timestamp":"2026-07-26T09:51:58.620Z"}
{"level":"info","message":"Model name glPostingBatch","timestamp":"2026-07-26T09:51:58.623Z"}
{"level":"info","message":"Model name gl","timestamp":"2026-07-26T09:51:58.623Z"}
{"level":"info","message":"Model name chartAccount","timestamp":"2026-07-26T09:51:58.623Z"}
{"level":"info","message":"Model name fixedAssetProduct","timestamp":"2026-07-26T09:51:58.623Z"}
{"level":"info","message":"Model name fixedAssetContract","timestamp":"2026-07-26T09:51:58.623Z"}
{"level":"info","message":"Model name fixedAssetDepreciation","timestamp":"2026-07-26T09:51:58.623Z"}
{"level":"info","message":"Model name apPaymentHeader","timestamp":"2026-07-26T09:51:58.623Z"}
{"level":"info","message":"Model name arReceiveHeader","timestamp":"2026-07-26T09:51:58.623Z"}
{"level":"info","message":"Model name payment","timestamp":"2026-07-26T09:51:58.623Z"}
{"level":"info","message":"Model name bank","timestamp":"2026-07-26T09:51:58.623Z"}
{"level":"info","message":"Model name bankAccount","timestamp":"2026-07-26T09:51:58.623Z"}
{"level":"info","message":"Associating table Bank with models","timestamp":"2026-07-26T09:51:58.623Z"}
{"level":"info","message":"Model name ministry","timestamp":"2026-07-26T09:51:58.624Z"}
{"level":"info","message":"Model name moneySettlement","timestamp":"2026-07-26T09:51:58.626Z"}
{"level":"info","message":"Model name moneyAdvanceAudit","timestamp":"2026-07-26T09:51:58.628Z"}
{"level":"info","message":"Associating table MoneyAdvanceAudit with models","timestamp":"2026-07-26T09:51:58.631Z"}
{"level":"info","message":"Model name moneyAdvance","timestamp":"2026-07-26T09:51:58.636Z"}
{"level":"info","message":"Associating table MoneyAdvance with models","timestamp":"2026-07-26T09:51:58.636Z"}
{"level":"info","message":"Model name AccountStatement","timestamp":"2026-07-26T09:51:58.639Z"}
{"level":"info","message":"Associating table AccountStatement with models","timestamp":"2026-07-26T09:51:58.640Z"}
{"level":"info","message":"Model name Project","timestamp":"2026-07-26T09:51:58.641Z"}
{"level":"info","message":"Model name ProjectBudget","timestamp":"2026-07-26T09:51:58.642Z"}
{"level":"info","message":"Model name ProjectContract","timestamp":"2026-07-26T09:51:58.642Z"}
{"level":"info","message":"Model name ProjectInvoice","timestamp":"2026-07-26T09:51:58.643Z"}
{"level":"info","message":"Model name WithdrawalApplication","timestamp":"2026-07-26T09:51:58.643Z"}
{"level":"info","message":"Model name revenue_target","timestamp":"2026-07-26T09:51:58.644Z"}
{"level":"info","message":"Model name apInvoice","timestamp":"2026-07-26T09:51:58.645Z"}
{"level":"info","message":"Associating table APInvoice with models","timestamp":"2026-07-26T09:51:58.645Z"}
{"level":"info","message":"Model name apInvoiceAudit","timestamp":"2026-07-26T09:51:58.648Z"}
{"level":"info","message":"Associating table APInvoiceAudit with models","timestamp":"2026-07-26T09:51:58.648Z"}
{"level":"info","message":"Model name invoiceLineItem","timestamp":"2026-07-26T09:51:58.648Z"}
{"level":"info","message":"Associating table InvoiceLineItem with models","timestamp":"2026-07-26T09:51:58.649Z"}
{"level":"info","message":"Model name apInvoiceSettlement","timestamp":"2026-07-26T09:51:58.650Z"}
{"level":"info","message":"Associating table APInvoiceSettlement with models","timestamp":"2026-07-26T09:51:58.650Z"}
{"level":"info","message":"Model name apSettlementAudit","timestamp":"2026-07-26T09:51:58.652Z"}
{"level":"info","message":"Associating table APSettlementAudit with models","timestamp":"2026-07-26T09:51:58.652Z"}
{"level":"info","message":"Model name apInvoiceSettlementLine","timestamp":"2026-07-26T09:51:58.653Z"}
{"level":"info","message":"Associating InvoiceSettlementLine with models","timestamp":"2026-07-26T09:51:58.653Z"}
{"level":"info","message":"Model name arInvoiceHeader","timestamp":"2026-07-26T09:51:58.654Z"}
{"level":"info","message":"Associating table ARInvoiceHeader with models","timestamp":"2026-07-26T09:51:58.654Z"}
{"level":"info","message":"Model name arInvoiceHeaderAudit","timestamp":"2026-07-26T09:51:58.657Z"}
{"level":"info","message":"Associating table ARInvoiceHeaderAudit with models","timestamp":"2026-07-26T09:51:58.657Z"}
{"level":"info","message":"Model name arInvoiceLine","timestamp":"2026-07-26T09:51:58.657Z"}
{"level":"info","message":"Associating table InvoiceLine with models","timestamp":"2026-07-26T09:51:58.657Z"}
{"level":"info","message":"Model name arReceiveHeaderV2","timestamp":"2026-07-26T09:51:58.659Z"}
{"level":"info","message":"Associating table ARReceiveHeader with models","timestamp":"2026-07-26T09:51:58.659Z"}
{"level":"info","message":"Model name arReceiveHeaderAudit","timestamp":"2026-07-26T09:51:58.663Z"}
{"level":"info","message":"Associating table ARReceiveHeaderAudit with models","timestamp":"2026-07-26T09:51:58.663Z"}
{"level":"info","message":"Model name arReceiveLine","timestamp":"2026-07-26T09:51:58.664Z"}
{"level":"info","message":"Associating table ReceiveLine with models","timestamp":"2026-07-26T09:51:58.664Z"}
{"level":"info","message":"Model name vendor","timestamp":"2026-07-26T09:51:58.668Z"}
{"level":"info","message":"Model name shipping","timestamp":"2026-07-26T09:51:58.669Z"}
{"level":"info","message":"Model name shipping_order","timestamp":"2026-07-26T09:51:58.669Z"}
{"level":"info","message":"Model name shipping_checkout_batch","timestamp":"2026-07-26T09:51:58.669Z"}
{"level":"info","message":"Model name service","timestamp":"2026-07-26T09:51:58.669Z"}
{"level":"info","message":"Model name authority","timestamp":"2026-07-26T09:51:58.669Z"}
{"level":"info","message":"Model name terminal","timestamp":"2026-07-26T09:51:58.669Z"}
{"level":"info","message":"Model name terminalAudit","timestamp":"2026-07-26T09:51:58.669Z"}
{"level":"info","message":"Associating table TerminalAudit with models","timestamp":"2026-07-26T09:51:58.669Z"}
{"level":"info","message":"Model name campaign","timestamp":"2026-07-26T09:51:58.670Z"}
{"level":"info","message":"Model name campaignEntry","timestamp":"2026-07-26T09:51:58.670Z"}
{"level":"info","message":"Model name rider","timestamp":"2026-07-26T09:51:58.670Z"}
{"level":"info","message":"Model name outlet","timestamp":"2026-07-26T09:51:58.670Z"}
{"level":"info","message":"Model name geography","timestamp":"2026-07-26T09:51:58.670Z"}
{"level":"info","message":"Model name country","timestamp":"2026-07-26T09:51:58.670Z"}
{"level":"info","message":"Model name village","timestamp":"2026-07-26T09:51:58.670Z"}
{"level":"info","message":"Model name district","timestamp":"2026-07-26T09:51:58.675Z"}
{"level":"info","message":"Model name accountDailyBalance","timestamp":"2026-07-26T09:51:58.679Z"}
{"level":"info","message":"Model name businessDate","timestamp":"2026-07-26T09:51:58.680Z"}
{"level":"info","message":"Model name cifCustomer","timestamp":"2026-07-26T09:51:58.680Z"}
{"level":"info","message":"Model name microfinanceGroup","timestamp":"2026-07-26T09:51:58.683Z"}
{"level":"info","message":"Model name mfCollateral","timestamp":"2026-07-26T09:51:58.684Z"}
{"level":"info","message":"Model name mfLoanProduct","timestamp":"2026-07-26T09:51:58.685Z"}
{"level":"info","message":"Model name mfLoanAccount","timestamp":"2026-07-26T09:51:58.686Z"}
{"level":"info","message":"Model name mfRepaymentSchedule","timestamp":"2026-07-26T09:51:58.688Z"}
{"level":"info","message":"Model name mfJournalEntry","timestamp":"2026-07-26T09:51:58.688Z"}
{"level":"info","message":"Model name tuturial","timestamp":"2026-07-26T09:51:58.692Z"}
{"level":"info","message":"client_db Connection established","timestamp":"2026-07-26T09:51:58.840Z"}
{"level":"info","message":"Hello, Winston!","timestamp":"2026-08-23T15:32:47.061Z"}
{"level":"warn","message":"This is a warning message.","timestamp":"2026-08-23T15:32:47.064Z"}
{"level":"error","message":"This is an error message.","timestamp":"2026-08-23T15:32:47.065Z"}
{"level":"info","message":"This is an information message.","timestamp":"2026-08-23T15:32:47.066Z"}
{"ip":"192.168.1.1","level":"info","message":"User logged in","timestamp":"2026-08-23T15:32:47.067Z","username":"johndoe"}
{"level":"info","message":"Model name sequelize","timestamp":"2026-08-23T15:32:47.443Z"}
{"level":"info","message":"Model name Sequelize","timestamp":"2026-08-23T15:32:47.444Z"}
{"level":"info","message":"Model name centralSequelize","timestamp":"2026-08-23T15:32:47.444Z"}
{"level":"info","message":"Model name spf","timestamp":"2026-08-23T15:32:47.445Z"}
{"level":"info","message":"Model name client","timestamp":"2026-08-23T15:32:47.446Z"}
{"level":"info","message":"Model name clientAudit","timestamp":"2026-08-23T15:32:47.450Z"}
{"level":"info","message":"Associating table ClientAudit with models","timestamp":"2026-08-23T15:32:47.452Z"}
{"level":"info","message":"Model name group","timestamp":"2026-08-23T15:32:47.456Z"}
{"level":"info","message":"Model name GroupMenuHeader","timestamp":"2026-08-23T15:32:47.458Z"}
{"level":"info","message":"Model name role","timestamp":"2026-08-23T15:32:47.459Z"}
{"level":"info","message":"Model name user","timestamp":"2026-08-23T15:32:47.464Z"}
{"level":"info","message":"Model name Agency","timestamp":"2026-08-23T15:32:47.467Z"}
{"level":"info","message":"Associating table Agency with models","timestamp":"2026-08-23T15:32:47.469Z"}
{"level":"info","message":"Model name Applicant","timestamp":"2026-08-23T15:32:47.472Z"}
{"level":"info","message":"Associating table Applicant with models","timestamp":"2026-08-23T15:32:47.475Z"}
{"level":"info","message":"Model name MOU","timestamp":"2026-08-23T15:32:47.487Z"}
{"level":"info","message":"Associating table Job with models","timestamp":"2026-08-23T15:32:47.491Z"}
{"level":"info","message":"Model name jobAdvertise","timestamp":"2026-08-23T15:32:47.510Z"}
{"level":"info","message":"Associating table JobAdvertise with models","timestamp":"2026-08-23T15:32:47.514Z"}
{"level":"info","message":"Model name JobBatch","timestamp":"2026-08-23T15:32:47.515Z"}
{"level":"info","message":"Associating table JobBatch with models","timestamp":"2026-08-23T15:32:47.517Z"}
{"level":"info","message":"Model name benefit","timestamp":"2026-08-23T15:32:47.529Z"}
{"level":"info","message":"Associating table Benefit with models","timestamp":"2026-08-23T15:32:47.533Z"}
{"level":"info","message":"Model name company","timestamp":"2026-08-23T15:32:47.536Z"}
{"level":"info","message":"Model name location","timestamp":"2026-08-23T15:32:47.539Z"}
{"level":"info","message":"Model name currency","timestamp":"2026-08-23T15:32:47.540Z"}
{"level":"info","message":"Model name currencyAudit","timestamp":"2026-08-23T15:32:47.541Z"}
{"level":"info","message":"Associating table CurrencyAudit with models","timestamp":"2026-08-23T15:32:47.542Z"}
{"level":"info","message":"Model name unit","timestamp":"2026-08-23T15:32:47.543Z"}
{"level":"info","message":"Model name printerModel","timestamp":"2026-08-23T15:32:47.553Z"}
{"level":"info","message":"Model name stockTransactionModel","timestamp":"2026-08-23T15:32:47.557Z"}
{"level":"info","message":"Model name mainCategory","timestamp":"2026-08-23T15:32:47.564Z"}
{"level":"info","message":"Model name category","timestamp":"2026-08-23T15:32:47.564Z"}
{"level":"info","message":"Associating table Color with models","timestamp":"2026-08-23T15:32:47.564Z"}
{"level":"info","message":"Model name student","timestamp":"2026-08-23T15:32:47.564Z"}
{"level":"info","message":"Associating table Student with models","timestamp":"2026-08-23T15:32:47.565Z"}
{"level":"info","message":"Model name nfcCard","timestamp":"2026-08-23T15:32:47.574Z"}
{"level":"info","message":"Associating table NfcCard with models","timestamp":"2026-08-23T15:32:47.577Z"}
{"level":"info","message":"Model name academicYear","timestamp":"2026-08-23T15:32:47.578Z"}
{"level":"info","message":"Model name schoolClass","timestamp":"2026-08-23T15:32:47.579Z"}
{"level":"info","message":"Model name schoolRoom","timestamp":"2026-08-23T15:32:47.581Z"}
{"level":"info","message":"Model name feeItem","timestamp":"2026-08-23T15:32:47.581Z"}
{"level":"info","message":"Model name feeStructure","timestamp":"2026-08-23T15:32:47.581Z"}
{"level":"info","message":"Model name schoolInvoice","timestamp":"2026-08-23T15:32:47.582Z"}
{"level":"info","message":"Model name schoolInvoiceLine","timestamp":"2026-08-23T15:32:47.584Z"}
{"level":"info","message":"Model name schoolPayment","timestamp":"2026-08-23T15:32:47.584Z"}
{"level":"info","message":"Model name cashierShift","timestamp":"2026-08-23T15:32:47.586Z"}
{"level":"info","message":"Model name transactionEntry","timestamp":"2026-08-23T15:32:47.587Z"}
{"level":"info","message":"Associating table TransactionEntry","timestamp":"2026-08-23T15:32:47.587Z"}
{"level":"info","message":"Model name tax","timestamp":"2026-08-23T15:32:47.588Z"}
{"level":"info","message":"Model name product","timestamp":"2026-08-23T15:32:47.588Z"}
{"level":"info","message":"Model name productAudit","timestamp":"2026-08-23T15:32:47.623Z"}
{"level":"info","message":"Associating table ProductAudit with models","timestamp":"2026-08-23T15:32:47.629Z"}
{"level":"info","message":"Model name productTemp","timestamp":"2026-08-23T15:32:47.630Z"}
{"level":"info","message":"Model name productSize","timestamp":"2026-08-23T15:32:47.630Z"}
{"level":"info","message":"Model name productUnit","timestamp":"2026-08-23T15:32:47.630Z"}
{"level":"info","message":"Model name image","timestamp":"2026-08-23T15:32:47.639Z"}
{"level":"info","message":"Associating table IMAGE with models","timestamp":"2026-08-23T15:32:47.640Z"}
{"level":"info","message":"Model name priceList","timestamp":"2026-08-23T15:32:47.640Z"}
{"level":"info","message":"Model name webProductGroup","timestamp":"2026-08-23T15:32:47.640Z"}
{"level":"info","message":"Model name ProductOptionGroup","timestamp":"2026-08-23T15:32:47.640Z"}
{"level":"info","message":"Model name ProductOption","timestamp":"2026-08-23T15:32:47.643Z"}
{"level":"info","message":"Model name customer","timestamp":"2026-08-23T15:32:47.643Z"}
{"level":"info","message":"Model name order","timestamp":"2026-08-23T15:32:47.643Z"}
{"level":"info","message":"Model name orderHIS","timestamp":"2026-08-23T15:32:47.643Z"}
{"level":"info","message":"Model name orderTable","timestamp":"2026-08-23T15:32:47.644Z"}
{"level":"info","message":"Model name recipe","timestamp":"2026-08-23T15:32:47.647Z"}
{"level":"info","message":"Model name table","timestamp":"2026-08-23T15:32:47.651Z"}
{"level":"info","message":"Model name ticket","timestamp":"2026-08-23T15:32:47.654Z"}
{"level":"info","message":"Model name promotion","timestamp":"2026-08-23T15:32:47.657Z"}
{"level":"info","message":"Model name ticketLine","timestamp":"2026-08-23T15:32:47.657Z"}
{"level":"info","message":"Model name MemberOffer","timestamp":"2026-08-23T15:32:47.659Z"}
{"level":"info","message":"Model name loyaltyTransaction","timestamp":"2026-08-23T15:32:47.660Z"}
{"level":"info","message":"Model name washjob","timestamp":"2026-08-23T15:32:47.660Z"}
{"level":"info","message":"Model name washjobHis","timestamp":"2026-08-23T15:32:47.660Z"}
{"level":"info","message":"Model name washjobline","timestamp":"2026-08-23T15:32:47.660Z"}
{"level":"info","message":"Model name QRRequest","timestamp":"2026-08-23T15:32:47.660Z"}
{"level":"info","message":"Associating table QRRequest with models","timestamp":"2026-08-23T15:32:47.660Z"}
{"level":"info","message":"Model name saleHeader","timestamp":"2026-08-23T15:32:47.661Z"}
{"level":"info","message":"Model name salePayment","timestamp":"2026-08-23T15:32:47.671Z"}
{"level":"info","message":"Model name saleLine","timestamp":"2026-08-23T15:32:47.675Z"}
{"level":"info","message":"Associating table SaleLine with models","timestamp":"2026-08-23T15:32:47.676Z"}
{"level":"info","message":"Model name quotationHeader","timestamp":"2026-08-23T15:32:47.683Z"}
{"level":"info","message":"Model name quotationLine","timestamp":"2026-08-23T15:32:47.686Z"}
{"level":"info","message":"Associating table QuotationLine with models","timestamp":"2026-08-23T15:32:47.686Z"}
{"level":"info","message":"Model name poHeader","timestamp":"2026-08-23T15:32:47.687Z"}
{"level":"info","message":"Model name poLine","timestamp":"2026-08-23T15:32:47.687Z"}
{"level":"info","message":"Model name poHeaderHIS","timestamp":"2026-08-23T15:32:47.687Z"}
{"level":"info","message":"Model name poLineHIS","timestamp":"2026-08-23T15:32:47.687Z"}
{"level":"info","message":"Model name receivingHeader","timestamp":"2026-08-23T15:32:47.687Z"}
{"level":"info","message":"Model name receivingLine","timestamp":"2026-08-23T15:32:47.687Z"}
{"level":"info","message":"Model name reservation","timestamp":"2026-08-23T15:32:47.687Z"}
{"level":"info","message":"Model name reservationLine","timestamp":"2026-08-23T15:32:47.687Z"}
{"level":"info","message":"Model name transferHeader","timestamp":"2026-08-23T15:32:47.687Z"}
{"level":"info","message":"Model name transferLine","timestamp":"2026-08-23T15:32:47.687Z"}
{"level":"info","message":"Model name menuHeader","timestamp":"2026-08-23T15:32:47.687Z"}
{"level":"info","message":"Model name menuLine","timestamp":"2026-08-23T15:32:47.687Z"}
{"level":"info","message":"Model name MenuHeaderLines","timestamp":"2026-08-23T15:32:47.687Z"}
{"level":"info","message":"Model name webMenuHeader","timestamp":"2026-08-23T15:32:47.687Z"}
{"level":"info","message":"Model name QRResponse","timestamp":"2026-08-23T15:32:47.688Z"}
{"level":"info","message":"Associating table QRResponse with models","timestamp":"2026-08-23T15:32:47.688Z"}
{"level":"info","message":"Model name PaymentCallback","timestamp":"2026-08-23T15:32:47.688Z"}
{"level":"info","message":"Associating table PaymentCallback with models","timestamp":"2026-08-23T15:32:47.688Z"}
{"level":"info","message":"Model name Color","timestamp":"2026-08-23T15:32:47.689Z"}
{"level":"info","message":"Associating table Color with models","timestamp":"2026-08-23T15:32:47.689Z"}
{"level":"info","message":"Model name Size","timestamp":"2026-08-23T15:32:47.691Z"}
{"level":"info","message":"Associating table Size with models","timestamp":"2026-08-23T15:32:47.691Z"}
{"level":"info","message":"Model name card","timestamp":"2026-08-23T15:32:47.692Z"}
{"level":"info","message":"Associating table Card with models","timestamp":"2026-08-23T15:32:47.692Z"}
{"level":"info","message":"Model name Transaction","timestamp":"2026-08-23T15:32:47.705Z"}
{"level":"info","message":"Model name glPostingBatch","timestamp":"2026-08-23T15:32:47.708Z"}
{"level":"info","message":"Model name gl","timestamp":"2026-08-23T15:32:47.709Z"}
{"level":"info","message":"Model name chartAccount","timestamp":"2026-08-23T15:32:47.709Z"}
{"level":"info","message":"Model name fixedAssetProduct","timestamp":"2026-08-23T15:32:47.709Z"}
{"level":"info","message":"Model name fixedAssetContract","timestamp":"2026-08-23T15:32:47.709Z"}
{"level":"info","message":"Model name fixedAssetDepreciation","timestamp":"2026-08-23T15:32:47.709Z"}
{"level":"info","message":"Model name apPaymentHeader","timestamp":"2026-08-23T15:32:47.709Z"}
{"level":"info","message":"Model name arReceiveHeader","timestamp":"2026-08-23T15:32:47.709Z"}
{"level":"info","message":"Model name payment","timestamp":"2026-08-23T15:32:47.709Z"}
{"level":"info","message":"Model name bank","timestamp":"2026-08-23T15:32:47.709Z"}
{"level":"info","message":"Model name bankAccount","timestamp":"2026-08-23T15:32:47.709Z"}
{"level":"info","message":"Associating table Bank with models","timestamp":"2026-08-23T15:32:47.709Z"}
{"level":"info","message":"Model name ministry","timestamp":"2026-08-23T15:32:47.710Z"}
{"level":"info","message":"Model name moneySettlement","timestamp":"2026-08-23T15:32:47.712Z"}
{"level":"info","message":"Model name moneyAdvanceAudit","timestamp":"2026-08-23T15:32:47.714Z"}
{"level":"info","message":"Associating table MoneyAdvanceAudit with models","timestamp":"2026-08-23T15:32:47.714Z"}
{"level":"info","message":"Model name moneyAdvance","timestamp":"2026-08-23T15:32:47.714Z"}
{"level":"info","message":"Associating table MoneyAdvance with models","timestamp":"2026-08-23T15:32:47.714Z"}
{"level":"info","message":"Model name AccountStatement","timestamp":"2026-08-23T15:32:47.716Z"}
{"level":"info","message":"Associating table AccountStatement with models","timestamp":"2026-08-23T15:32:47.716Z"}
{"level":"info","message":"Model name Project","timestamp":"2026-08-23T15:32:47.718Z"}
{"level":"info","message":"Model name ProjectBudget","timestamp":"2026-08-23T15:32:47.719Z"}
{"level":"info","message":"Model name ProjectContract","timestamp":"2026-08-23T15:32:47.719Z"}
{"level":"info","message":"Model name ProjectInvoice","timestamp":"2026-08-23T15:32:47.720Z"}
{"level":"info","message":"Model name WithdrawalApplication","timestamp":"2026-08-23T15:32:47.720Z"}
{"level":"info","message":"Model name revenue_target","timestamp":"2026-08-23T15:32:47.721Z"}
{"level":"info","message":"Model name apInvoice","timestamp":"2026-08-23T15:32:47.721Z"}
{"level":"info","message":"Associating table APInvoice with models","timestamp":"2026-08-23T15:32:47.722Z"}
{"level":"info","message":"Model name apInvoiceAudit","timestamp":"2026-08-23T15:32:47.724Z"}
{"level":"info","message":"Associating table APInvoiceAudit with models","timestamp":"2026-08-23T15:32:47.724Z"}
{"level":"info","message":"Model name invoiceLineItem","timestamp":"2026-08-23T15:32:47.725Z"}
{"level":"info","message":"Associating table InvoiceLineItem with models","timestamp":"2026-08-23T15:32:47.725Z"}
{"level":"info","message":"Model name apInvoiceSettlement","timestamp":"2026-08-23T15:32:47.726Z"}
{"level":"info","message":"Associating table APInvoiceSettlement with models","timestamp":"2026-08-23T15:32:47.726Z"}
{"level":"info","message":"Model name apSettlementAudit","timestamp":"2026-08-23T15:32:47.733Z"}
{"level":"info","message":"Associating table APSettlementAudit with models","timestamp":"2026-08-23T15:32:47.737Z"}
{"level":"info","message":"Model name apInvoiceSettlementLine","timestamp":"2026-08-23T15:32:47.739Z"}
{"level":"info","message":"Associating InvoiceSettlementLine with models","timestamp":"2026-08-23T15:32:47.739Z"}
{"level":"info","message":"Model name arInvoiceHeader","timestamp":"2026-08-23T15:32:47.741Z"}
{"level":"info","message":"Associating table ARInvoiceHeader with models","timestamp":"2026-08-23T15:32:47.741Z"}
{"level":"info","message":"Model name arInvoiceHeaderAudit","timestamp":"2026-08-23T15:32:47.752Z"}
{"level":"info","message":"Associating table ARInvoiceHeaderAudit with models","timestamp":"2026-08-23T15:32:47.753Z"}
{"level":"info","message":"Model name arInvoiceLine","timestamp":"2026-08-23T15:32:47.754Z"}
{"level":"info","message":"Associating table InvoiceLine with models","timestamp":"2026-08-23T15:32:47.754Z"}
{"level":"info","message":"Model name arReceiveHeaderV2","timestamp":"2026-08-23T15:32:47.756Z"}
{"level":"info","message":"Associating table ARReceiveHeader with models","timestamp":"2026-08-23T15:32:47.756Z"}
{"level":"info","message":"Model name arReceiveHeaderAudit","timestamp":"2026-08-23T15:32:47.760Z"}
{"level":"info","message":"Associating table ARReceiveHeaderAudit with models","timestamp":"2026-08-23T15:32:47.760Z"}
{"level":"info","message":"Model name arReceiveLine","timestamp":"2026-08-23T15:32:47.760Z"}
{"level":"info","message":"Associating table ReceiveLine with models","timestamp":"2026-08-23T15:32:47.760Z"}
{"level":"info","message":"Model name vendor","timestamp":"2026-08-23T15:32:47.761Z"}
{"level":"info","message":"Model name shipping","timestamp":"2026-08-23T15:32:47.762Z"}
{"level":"info","message":"Model name shipping_order","timestamp":"2026-08-23T15:32:47.762Z"}
{"level":"info","message":"Model name shipping_checkout_batch","timestamp":"2026-08-23T15:32:47.762Z"}
{"level":"info","message":"Model name service","timestamp":"2026-08-23T15:32:47.762Z"}
{"level":"info","message":"Model name authority","timestamp":"2026-08-23T15:32:47.762Z"}
{"level":"info","message":"Model name terminal","timestamp":"2026-08-23T15:32:47.762Z"}
{"level":"info","message":"Model name terminalAudit","timestamp":"2026-08-23T15:32:47.762Z"}
{"level":"info","message":"Associating table TerminalAudit with models","timestamp":"2026-08-23T15:32:47.762Z"}
{"level":"info","message":"Model name campaign","timestamp":"2026-08-23T15:32:47.763Z"}
{"level":"info","message":"Model name campaignEntry","timestamp":"2026-08-23T15:32:47.763Z"}
{"level":"info","message":"Model name rider","timestamp":"2026-08-23T15:32:47.763Z"}
{"level":"info","message":"Model name outlet","timestamp":"2026-08-23T15:32:47.763Z"}
{"level":"info","message":"Model name geography","timestamp":"2026-08-23T15:32:47.763Z"}
{"level":"info","message":"Model name country","timestamp":"2026-08-23T15:32:47.763Z"}
{"level":"info","message":"Model name village","timestamp":"2026-08-23T15:32:47.763Z"}
{"level":"info","message":"Model name district","timestamp":"2026-08-23T15:32:47.764Z"}
{"level":"info","message":"Model name accountDailyBalance","timestamp":"2026-08-23T15:32:47.764Z"}
{"level":"info","message":"Model name businessDate","timestamp":"2026-08-23T15:32:47.764Z"}
{"level":"info","message":"Model name cifCustomer","timestamp":"2026-08-23T15:32:47.765Z"}
{"level":"info","message":"Model name microfinanceGroup","timestamp":"2026-08-23T15:32:47.769Z"}
{"level":"info","message":"Model name mfCollateral","timestamp":"2026-08-23T15:32:47.771Z"}
{"level":"info","message":"Model name mfLoanProduct","timestamp":"2026-08-23T15:32:47.771Z"}
{"level":"info","message":"Model name mfLoanAccount","timestamp":"2026-08-23T15:32:47.772Z"}
{"level":"info","message":"Model name mfRepaymentSchedule","timestamp":"2026-08-23T15:32:47.774Z"}
{"level":"info","message":"Model name mfJournalEntry","timestamp":"2026-08-23T15:32:47.774Z"}
{"level":"info","message":"Model name tuturial","timestamp":"2026-08-23T15:32:47.774Z"}
{"level":"info","message":"client_db Connection established","timestamp":"2026-08-23T15:32:47.929Z"}
{"level":"info","message":"tutorial_db Connection established","timestamp":"2026-08-23T15:32:47.963Z"}
{"level":"info","message":"Hello, Winston!","timestamp":"2026-08-23T15:39:45.698Z"}
{"level":"warn","message":"This is a warning message.","timestamp":"2026-08-23T15:39:45.701Z"}
{"level":"error","message":"This is an error message.","timestamp":"2026-08-23T15:39:45.702Z"}
{"level":"info","message":"This is an information message.","timestamp":"2026-08-23T15:39:45.703Z"}
{"ip":"192.168.1.1","level":"info","message":"User logged in","timestamp":"2026-08-23T15:39:45.705Z","username":"johndoe"}
{"level":"info","message":"Model name sequelize","timestamp":"2026-08-23T15:39:46.254Z"}
{"level":"info","message":"Model name Sequelize","timestamp":"2026-08-23T15:39:46.255Z"}
{"level":"info","message":"Model name centralSequelize","timestamp":"2026-08-23T15:39:46.256Z"}
{"level":"info","message":"Model name spf","timestamp":"2026-08-23T15:39:46.256Z"}
{"level":"info","message":"Model name client","timestamp":"2026-08-23T15:39:46.257Z"}
{"level":"info","message":"Model name clientAudit","timestamp":"2026-08-23T15:39:46.261Z"}
{"level":"info","message":"Associating table ClientAudit with models","timestamp":"2026-08-23T15:39:46.263Z"}
{"level":"info","message":"Model name group","timestamp":"2026-08-23T15:39:46.267Z"}
{"level":"info","message":"Model name GroupMenuHeader","timestamp":"2026-08-23T15:39:46.270Z"}
{"level":"info","message":"Model name role","timestamp":"2026-08-23T15:39:46.270Z"}
{"level":"info","message":"Model name user","timestamp":"2026-08-23T15:39:46.277Z"}
{"level":"info","message":"Model name Agency","timestamp":"2026-08-23T15:39:46.280Z"}
{"level":"info","message":"Associating table Agency with models","timestamp":"2026-08-23T15:39:46.282Z"}
{"level":"info","message":"Model name Applicant","timestamp":"2026-08-23T15:39:46.287Z"}
{"level":"info","message":"Associating table Applicant with models","timestamp":"2026-08-23T15:39:46.290Z"}
{"level":"info","message":"Model name MOU","timestamp":"2026-08-23T15:39:46.306Z"}
{"level":"info","message":"Associating table Job with models","timestamp":"2026-08-23T15:39:46.310Z"}
{"level":"info","message":"Model name jobAdvertise","timestamp":"2026-08-23T15:39:46.334Z"}
{"level":"info","message":"Associating table JobAdvertise with models","timestamp":"2026-08-23T15:39:46.338Z"}
{"level":"info","message":"Model name JobBatch","timestamp":"2026-08-23T15:39:46.339Z"}
{"level":"info","message":"Associating table JobBatch with models","timestamp":"2026-08-23T15:39:46.341Z"}
{"level":"info","message":"Model name benefit","timestamp":"2026-08-23T15:39:46.351Z"}
{"level":"info","message":"Associating table Benefit with models","timestamp":"2026-08-23T15:39:46.354Z"}
{"level":"info","message":"Model name company","timestamp":"2026-08-23T15:39:46.358Z"}
{"level":"info","message":"Model name location","timestamp":"2026-08-23T15:39:46.361Z"}
{"level":"info","message":"Model name currency","timestamp":"2026-08-23T15:39:46.361Z"}
{"level":"info","message":"Model name currencyAudit","timestamp":"2026-08-23T15:39:46.362Z"}
{"level":"info","message":"Associating table CurrencyAudit with models","timestamp":"2026-08-23T15:39:46.362Z"}
{"level":"info","message":"Model name unit","timestamp":"2026-08-23T15:39:46.363Z"}
{"level":"info","message":"Model name printerModel","timestamp":"2026-08-23T15:39:46.381Z"}
{"level":"info","message":"Model name stockTransactionModel","timestamp":"2026-08-23T15:39:46.386Z"}
{"level":"info","message":"Model name mainCategory","timestamp":"2026-08-23T15:39:46.392Z"}
{"level":"info","message":"Model name category","timestamp":"2026-08-23T15:39:46.393Z"}
{"level":"info","message":"Associating table Color with models","timestamp":"2026-08-23T15:39:46.393Z"}
{"level":"info","message":"Model name student","timestamp":"2026-08-23T15:39:46.393Z"}
{"level":"info","message":"Associating table Student with models","timestamp":"2026-08-23T15:39:46.393Z"}
{"level":"info","message":"Model name nfcCard","timestamp":"2026-08-23T15:39:46.400Z"}
{"level":"info","message":"Associating table NfcCard with models","timestamp":"2026-08-23T15:39:46.404Z"}
{"level":"info","message":"Model name academicYear","timestamp":"2026-08-23T15:39:46.405Z"}
{"level":"info","message":"Model name schoolClass","timestamp":"2026-08-23T15:39:46.405Z"}
{"level":"info","message":"Model name schoolRoom","timestamp":"2026-08-23T15:39:46.407Z"}
{"level":"info","message":"Model name feeItem","timestamp":"2026-08-23T15:39:46.408Z"}
{"level":"info","message":"Model name feeStructure","timestamp":"2026-08-23T15:39:46.408Z"}
{"level":"info","message":"Model name schoolInvoice","timestamp":"2026-08-23T15:39:46.409Z"}
{"level":"info","message":"Model name schoolInvoiceLine","timestamp":"2026-08-23T15:39:46.410Z"}
{"level":"info","message":"Model name schoolPayment","timestamp":"2026-08-23T15:39:46.410Z"}
{"level":"info","message":"Model name cashierShift","timestamp":"2026-08-23T15:39:46.412Z"}
{"level":"info","message":"Model name transactionEntry","timestamp":"2026-08-23T15:39:46.413Z"}
{"level":"info","message":"Associating table TransactionEntry","timestamp":"2026-08-23T15:39:46.413Z"}
{"level":"info","message":"Model name tax","timestamp":"2026-08-23T15:39:46.414Z"}
{"level":"info","message":"Model name product","timestamp":"2026-08-23T15:39:46.414Z"}
{"level":"info","message":"Model name productAudit","timestamp":"2026-08-23T15:39:46.452Z"}
{"level":"info","message":"Associating table ProductAudit with models","timestamp":"2026-08-23T15:39:46.458Z"}
{"level":"info","message":"Model name productTemp","timestamp":"2026-08-23T15:39:46.460Z"}
{"level":"info","message":"Model name productSize","timestamp":"2026-08-23T15:39:46.460Z"}
{"level":"info","message":"Model name productUnit","timestamp":"2026-08-23T15:39:46.460Z"}
{"level":"info","message":"Model name image","timestamp":"2026-08-23T15:39:46.469Z"}
{"level":"info","message":"Associating table IMAGE with models","timestamp":"2026-08-23T15:39:46.471Z"}
{"level":"info","message":"Model name priceList","timestamp":"2026-08-23T15:39:46.471Z"}
{"level":"info","message":"Model name webProductGroup","timestamp":"2026-08-23T15:39:46.471Z"}
{"level":"info","message":"Model name ProductOptionGroup","timestamp":"2026-08-23T15:39:46.471Z"}
{"level":"info","message":"Model name ProductOption","timestamp":"2026-08-23T15:39:46.473Z"}
{"level":"info","message":"Model name customer","timestamp":"2026-08-23T15:39:46.475Z"}
{"level":"info","message":"Model name order","timestamp":"2026-08-23T15:39:46.475Z"}
{"level":"info","message":"Model name orderHIS","timestamp":"2026-08-23T15:39:46.475Z"}
{"level":"info","message":"Model name orderTable","timestamp":"2026-08-23T15:39:46.475Z"}
{"level":"info","message":"Model name recipe","timestamp":"2026-08-23T15:39:46.475Z"}
{"level":"info","message":"Model name table","timestamp":"2026-08-23T15:39:46.475Z"}
{"level":"info","message":"Model name ticket","timestamp":"2026-08-23T15:39:46.476Z"}
{"level":"info","message":"Model name promotion","timestamp":"2026-08-23T15:39:46.486Z"}
{"level":"info","message":"Model name ticketLine","timestamp":"2026-08-23T15:39:46.490Z"}
{"level":"info","message":"Model name MemberOffer","timestamp":"2026-08-23T15:39:46.492Z"}
{"level":"info","message":"Model name loyaltyTransaction","timestamp":"2026-08-23T15:39:46.493Z"}
{"level":"info","message":"Model name washjob","timestamp":"2026-08-23T15:39:46.493Z"}
{"level":"info","message":"Model name washjobHis","timestamp":"2026-08-23T15:39:46.493Z"}
{"level":"info","message":"Model name washjobline","timestamp":"2026-08-23T15:39:46.493Z"}
{"level":"info","message":"Model name QRRequest","timestamp":"2026-08-23T15:39:46.493Z"}
{"level":"info","message":"Associating table QRRequest with models","timestamp":"2026-08-23T15:39:46.493Z"}
{"level":"info","message":"Model name saleHeader","timestamp":"2026-08-23T15:39:46.494Z"}
{"level":"info","message":"Model name salePayment","timestamp":"2026-08-23T15:39:46.504Z"}
{"level":"info","message":"Model name saleLine","timestamp":"2026-08-23T15:39:46.508Z"}
{"level":"info","message":"Associating table SaleLine with models","timestamp":"2026-08-23T15:39:46.508Z"}
{"level":"info","message":"Model name quotationHeader","timestamp":"2026-08-23T15:39:46.515Z"}
{"level":"info","message":"Model name quotationLine","timestamp":"2026-08-23T15:39:46.519Z"}
{"level":"info","message":"Associating table QuotationLine with models","timestamp":"2026-08-23T15:39:46.519Z"}
{"level":"info","message":"Model name poHeader","timestamp":"2026-08-23T15:39:46.519Z"}
{"level":"info","message":"Model name poLine","timestamp":"2026-08-23T15:39:46.519Z"}
{"level":"info","message":"Model name poHeaderHIS","timestamp":"2026-08-23T15:39:46.519Z"}
{"level":"info","message":"Model name poLineHIS","timestamp":"2026-08-23T15:39:46.519Z"}
{"level":"info","message":"Model name receivingHeader","timestamp":"2026-08-23T15:39:46.520Z"}
{"level":"info","message":"Model name receivingLine","timestamp":"2026-08-23T15:39:46.520Z"}
{"level":"info","message":"Model name reservation","timestamp":"2026-08-23T15:39:46.520Z"}
{"level":"info","message":"Model name reservationLine","timestamp":"2026-08-23T15:39:46.520Z"}
{"level":"info","message":"Model name transferHeader","timestamp":"2026-08-23T15:39:46.520Z"}
{"level":"info","message":"Model name transferLine","timestamp":"2026-08-23T15:39:46.520Z"}
{"level":"info","message":"Model name menuHeader","timestamp":"2026-08-23T15:39:46.520Z"}
{"level":"info","message":"Model name menuLine","timestamp":"2026-08-23T15:39:46.520Z"}
{"level":"info","message":"Model name MenuHeaderLines","timestamp":"2026-08-23T15:39:46.520Z"}
{"level":"info","message":"Model name webMenuHeader","timestamp":"2026-08-23T15:39:46.520Z"}
{"level":"info","message":"Model name QRResponse","timestamp":"2026-08-23T15:39:46.520Z"}
{"level":"info","message":"Associating table QRResponse with models","timestamp":"2026-08-23T15:39:46.520Z"}
{"level":"info","message":"Model name PaymentCallback","timestamp":"2026-08-23T15:39:46.521Z"}
{"level":"info","message":"Associating table PaymentCallback with models","timestamp":"2026-08-23T15:39:46.521Z"}
{"level":"info","message":"Model name Color","timestamp":"2026-08-23T15:39:46.521Z"}
{"level":"info","message":"Associating table Color with models","timestamp":"2026-08-23T15:39:46.521Z"}
{"level":"info","message":"Model name Size","timestamp":"2026-08-23T15:39:46.523Z"}
{"level":"info","message":"Associating table Size with models","timestamp":"2026-08-23T15:39:46.523Z"}
{"level":"info","message":"Model name card","timestamp":"2026-08-23T15:39:46.524Z"}
{"level":"info","message":"Associating table Card with models","timestamp":"2026-08-23T15:39:46.524Z"}
{"level":"info","message":"Model name Transaction","timestamp":"2026-08-23T15:39:46.540Z"}
{"level":"info","message":"Model name glPostingBatch","timestamp":"2026-08-23T15:39:46.543Z"}
{"level":"info","message":"Model name gl","timestamp":"2026-08-23T15:39:46.543Z"}
{"level":"info","message":"Model name chartAccount","timestamp":"2026-08-23T15:39:46.544Z"}
{"level":"info","message":"Model name fixedAssetProduct","timestamp":"2026-08-23T15:39:46.544Z"}
{"level":"info","message":"Model name fixedAssetContract","timestamp":"2026-08-23T15:39:46.544Z"}
{"level":"info","message":"Model name fixedAssetDepreciation","timestamp":"2026-08-23T15:39:46.544Z"}
{"level":"info","message":"Model name apPaymentHeader","timestamp":"2026-08-23T15:39:46.544Z"}
{"level":"info","message":"Model name arReceiveHeader","timestamp":"2026-08-23T15:39:46.544Z"}
{"level":"info","message":"Model name payment","timestamp":"2026-08-23T15:39:46.544Z"}
{"level":"info","message":"Model name bank","timestamp":"2026-08-23T15:39:46.544Z"}
{"level":"info","message":"Model name bankAccount","timestamp":"2026-08-23T15:39:46.544Z"}
{"level":"info","message":"Associating table Bank with models","timestamp":"2026-08-23T15:39:46.544Z"}
{"level":"info","message":"Model name ministry","timestamp":"2026-08-23T15:39:46.544Z"}
{"level":"info","message":"Model name moneySettlement","timestamp":"2026-08-23T15:39:46.549Z"}
{"level":"info","message":"Model name moneyAdvanceAudit","timestamp":"2026-08-23T15:39:46.551Z"}
{"level":"info","message":"Associating table MoneyAdvanceAudit with models","timestamp":"2026-08-23T15:39:46.551Z"}
{"level":"info","message":"Model name moneyAdvance","timestamp":"2026-08-23T15:39:46.551Z"}
{"level":"info","message":"Associating table MoneyAdvance with models","timestamp":"2026-08-23T15:39:46.551Z"}
{"level":"info","message":"Model name AccountStatement","timestamp":"2026-08-23T15:39:46.556Z"}
{"level":"info","message":"Associating table AccountStatement with models","timestamp":"2026-08-23T15:39:46.556Z"}
{"level":"info","message":"Model name Project","timestamp":"2026-08-23T15:39:46.557Z"}
{"level":"info","message":"Model name ProjectBudget","timestamp":"2026-08-23T15:39:46.558Z"}
{"level":"info","message":"Model name ProjectContract","timestamp":"2026-08-23T15:39:46.558Z"}
{"level":"info","message":"Model name ProjectInvoice","timestamp":"2026-08-23T15:39:46.559Z"}
{"level":"info","message":"Model name WithdrawalApplication","timestamp":"2026-08-23T15:39:46.559Z"}
{"level":"info","message":"Model name revenue_target","timestamp":"2026-08-23T15:39:46.560Z"}
{"level":"info","message":"Model name apInvoice","timestamp":"2026-08-23T15:39:46.560Z"}
{"level":"info","message":"Associating table APInvoice with models","timestamp":"2026-08-23T15:39:46.560Z"}
{"level":"info","message":"Model name apInvoiceAudit","timestamp":"2026-08-23T15:39:46.563Z"}
{"level":"info","message":"Associating table APInvoiceAudit with models","timestamp":"2026-08-23T15:39:46.563Z"}
{"level":"info","message":"Model name invoiceLineItem","timestamp":"2026-08-23T15:39:46.563Z"}
{"level":"info","message":"Associating table InvoiceLineItem with models","timestamp":"2026-08-23T15:39:46.563Z"}
{"level":"info","message":"Model name apInvoiceSettlement","timestamp":"2026-08-23T15:39:46.564Z"}
{"level":"info","message":"Associating table APInvoiceSettlement with models","timestamp":"2026-08-23T15:39:46.564Z"}
{"level":"info","message":"Model name apSettlementAudit","timestamp":"2026-08-23T15:39:46.567Z"}
{"level":"info","message":"Associating table APSettlementAudit with models","timestamp":"2026-08-23T15:39:46.567Z"}
{"level":"info","message":"Model name apInvoiceSettlementLine","timestamp":"2026-08-23T15:39:46.567Z"}
{"level":"info","message":"Associating InvoiceSettlementLine with models","timestamp":"2026-08-23T15:39:46.567Z"}
{"level":"info","message":"Model name arInvoiceHeader","timestamp":"2026-08-23T15:39:46.569Z"}
{"level":"info","message":"Associating table ARInvoiceHeader with models","timestamp":"2026-08-23T15:39:46.570Z"}
{"level":"info","message":"Model name arInvoiceHeaderAudit","timestamp":"2026-08-23T15:39:46.579Z"}
{"level":"info","message":"Associating table ARInvoiceHeaderAudit with models","timestamp":"2026-08-23T15:39:46.584Z"}
{"level":"info","message":"Model name arInvoiceLine","timestamp":"2026-08-23T15:39:46.585Z"}
{"level":"info","message":"Associating table InvoiceLine with models","timestamp":"2026-08-23T15:39:46.585Z"}
{"level":"info","message":"Model name arReceiveHeaderV2","timestamp":"2026-08-23T15:39:46.587Z"}
{"level":"info","message":"Associating table ARReceiveHeader with models","timestamp":"2026-08-23T15:39:46.587Z"}
{"level":"info","message":"Model name arReceiveHeaderAudit","timestamp":"2026-08-23T15:39:46.591Z"}
{"level":"info","message":"Associating table ARReceiveHeaderAudit with models","timestamp":"2026-08-23T15:39:46.591Z"}
{"level":"info","message":"Model name arReceiveLine","timestamp":"2026-08-23T15:39:46.591Z"}
{"level":"info","message":"Associating table ReceiveLine with models","timestamp":"2026-08-23T15:39:46.591Z"}
{"level":"info","message":"Model name vendor","timestamp":"2026-08-23T15:39:46.592Z"}
{"level":"info","message":"Model name shipping","timestamp":"2026-08-23T15:39:46.592Z"}
{"level":"info","message":"Model name shipping_order","timestamp":"2026-08-23T15:39:46.592Z"}
{"level":"info","message":"Model name shipping_checkout_batch","timestamp":"2026-08-23T15:39:46.592Z"}
{"level":"info","message":"Model name service","timestamp":"2026-08-23T15:39:46.593Z"}
{"level":"info","message":"Model name authority","timestamp":"2026-08-23T15:39:46.593Z"}
{"level":"info","message":"Model name terminal","timestamp":"2026-08-23T15:39:46.593Z"}
{"level":"info","message":"Model name terminalAudit","timestamp":"2026-08-23T15:39:46.594Z"}
{"level":"info","message":"Associating table TerminalAudit with models","timestamp":"2026-08-23T15:39:46.594Z"}
{"level":"info","message":"Model name campaign","timestamp":"2026-08-23T15:39:46.594Z"}
{"level":"info","message":"Model name campaignEntry","timestamp":"2026-08-23T15:39:46.594Z"}
{"level":"info","message":"Model name rider","timestamp":"2026-08-23T15:39:46.594Z"}
{"level":"info","message":"Model name outlet","timestamp":"2026-08-23T15:39:46.594Z"}
{"level":"info","message":"Model name geography","timestamp":"2026-08-23T15:39:46.594Z"}
{"level":"info","message":"Model name country","timestamp":"2026-08-23T15:39:46.594Z"}
{"level":"info","message":"Model name village","timestamp":"2026-08-23T15:39:46.594Z"}
{"level":"info","message":"Model name district","timestamp":"2026-08-23T15:39:46.595Z"}
{"level":"info","message":"Model name accountDailyBalance","timestamp":"2026-08-23T15:39:46.595Z"}
{"level":"info","message":"Model name businessDate","timestamp":"2026-08-23T15:39:46.596Z"}
{"level":"info","message":"Model name cifCustomer","timestamp":"2026-08-23T15:39:46.596Z"}
{"level":"info","message":"Model name microfinanceGroup","timestamp":"2026-08-23T15:39:46.600Z"}
{"level":"info","message":"Model name mfCollateral","timestamp":"2026-08-23T15:39:46.602Z"}
{"level":"info","message":"Model name mfLoanProduct","timestamp":"2026-08-23T15:39:46.602Z"}
{"level":"info","message":"Model name mfLoanAccount","timestamp":"2026-08-23T15:39:46.604Z"}
{"level":"info","message":"Model name mfRepaymentSchedule","timestamp":"2026-08-23T15:39:46.605Z"}
{"level":"info","message":"Model name mfJournalEntry","timestamp":"2026-08-23T15:39:46.606Z"}
{"level":"info","message":"Model name tuturial","timestamp":"2026-08-23T15:39:46.606Z"}
{"level":"info","message":"client_db Connection established","timestamp":"2026-08-23T15:39:46.834Z"}
{"level":"info","message":"tutorial_db Connection established","timestamp":"2026-08-23T15:39:46.855Z"}
{"level":"info","message":"Hello, Winston!","timestamp":"2026-08-23T15:40:32.335Z"}
{"level":"warn","message":"This is a warning message.","timestamp":"2026-08-23T15:40:32.340Z"}
{"level":"error","message":"This is an error message.","timestamp":"2026-08-23T15:40:32.340Z"}
{"level":"info","message":"This is an information message.","timestamp":"2026-08-23T15:40:32.341Z"}
{"ip":"192.168.1.1","level":"info","message":"User logged in","timestamp":"2026-08-23T15:40:32.343Z","username":"johndoe"}
{"level":"info","message":"Model name sequelize","timestamp":"2026-08-23T15:40:32.809Z"}
{"level":"info","message":"Model name Sequelize","timestamp":"2026-08-23T15:40:32.810Z"}
{"level":"info","message":"Model name centralSequelize","timestamp":"2026-08-23T15:40:32.810Z"}
{"level":"info","message":"Model name spf","timestamp":"2026-08-23T15:40:32.811Z"}
{"level":"info","message":"Model name client","timestamp":"2026-08-23T15:40:32.811Z"}
{"level":"info","message":"Model name clientAudit","timestamp":"2026-08-23T15:40:32.816Z"}
{"level":"info","message":"Associating table ClientAudit with models","timestamp":"2026-08-23T15:40:32.817Z"}
{"level":"info","message":"Model name group","timestamp":"2026-08-23T15:40:32.822Z"}
{"level":"info","message":"Model name GroupMenuHeader","timestamp":"2026-08-23T15:40:32.824Z"}
{"level":"info","message":"Model name role","timestamp":"2026-08-23T15:40:32.824Z"}
{"level":"info","message":"Model name user","timestamp":"2026-08-23T15:40:32.830Z"}
{"level":"info","message":"Model name Agency","timestamp":"2026-08-23T15:40:32.833Z"}
{"level":"info","message":"Associating table Agency with models","timestamp":"2026-08-23T15:40:32.835Z"}
{"level":"info","message":"Model name Applicant","timestamp":"2026-08-23T15:40:32.838Z"}
{"level":"info","message":"Associating table Applicant with models","timestamp":"2026-08-23T15:40:32.841Z"}
{"level":"info","message":"Model name MOU","timestamp":"2026-08-23T15:40:32.853Z"}
{"level":"info","message":"Associating table Job with models","timestamp":"2026-08-23T15:40:32.857Z"}
{"level":"info","message":"Model name jobAdvertise","timestamp":"2026-08-23T15:40:32.877Z"}
{"level":"info","message":"Associating table JobAdvertise with models","timestamp":"2026-08-23T15:40:32.881Z"}
{"level":"info","message":"Model name JobBatch","timestamp":"2026-08-23T15:40:32.882Z"}
{"level":"info","message":"Associating table JobBatch with models","timestamp":"2026-08-23T15:40:32.884Z"}
{"level":"info","message":"Model name benefit","timestamp":"2026-08-23T15:40:32.896Z"}
{"level":"info","message":"Associating table Benefit with models","timestamp":"2026-08-23T15:40:32.899Z"}
{"level":"info","message":"Model name company","timestamp":"2026-08-23T15:40:32.903Z"}
{"level":"info","message":"Model name location","timestamp":"2026-08-23T15:40:32.906Z"}
{"level":"info","message":"Model name currency","timestamp":"2026-08-23T15:40:32.906Z"}
{"level":"info","message":"Model name currencyAudit","timestamp":"2026-08-23T15:40:32.908Z"}
{"level":"info","message":"Associating table CurrencyAudit with models","timestamp":"2026-08-23T15:40:32.908Z"}
{"level":"info","message":"Model name unit","timestamp":"2026-08-23T15:40:32.909Z"}
{"level":"info","message":"Model name printerModel","timestamp":"2026-08-23T15:40:32.919Z"}
{"level":"info","message":"Model name stockTransactionModel","timestamp":"2026-08-23T15:40:32.924Z"}
{"level":"info","message":"Model name mainCategory","timestamp":"2026-08-23T15:40:32.930Z"}
{"level":"info","message":"Model name category","timestamp":"2026-08-23T15:40:32.930Z"}
{"level":"info","message":"Associating table Color with models","timestamp":"2026-08-23T15:40:32.930Z"}
{"level":"info","message":"Model name student","timestamp":"2026-08-23T15:40:32.931Z"}
{"level":"info","message":"Associating table Student with models","timestamp":"2026-08-23T15:40:32.931Z"}
{"level":"info","message":"Model name nfcCard","timestamp":"2026-08-23T15:40:32.937Z"}
{"level":"info","message":"Associating table NfcCard with models","timestamp":"2026-08-23T15:40:32.941Z"}
{"level":"info","message":"Model name academicYear","timestamp":"2026-08-23T15:40:32.942Z"}
{"level":"info","message":"Model name schoolClass","timestamp":"2026-08-23T15:40:32.942Z"}
{"level":"info","message":"Model name schoolRoom","timestamp":"2026-08-23T15:40:32.943Z"}
{"level":"info","message":"Model name feeItem","timestamp":"2026-08-23T15:40:32.944Z"}
{"level":"info","message":"Model name feeStructure","timestamp":"2026-08-23T15:40:32.944Z"}
{"level":"info","message":"Model name schoolInvoice","timestamp":"2026-08-23T15:40:32.945Z"}
{"level":"info","message":"Model name schoolInvoiceLine","timestamp":"2026-08-23T15:40:32.946Z"}
{"level":"info","message":"Model name schoolPayment","timestamp":"2026-08-23T15:40:32.946Z"}
{"level":"info","message":"Model name cashierShift","timestamp":"2026-08-23T15:40:32.948Z"}
{"level":"info","message":"Model name transactionEntry","timestamp":"2026-08-23T15:40:32.949Z"}
{"level":"info","message":"Associating table TransactionEntry","timestamp":"2026-08-23T15:40:32.949Z"}
{"level":"info","message":"Model name tax","timestamp":"2026-08-23T15:40:32.950Z"}
{"level":"info","message":"Model name product","timestamp":"2026-08-23T15:40:32.950Z"}
{"level":"info","message":"Model name productAudit","timestamp":"2026-08-23T15:40:32.986Z"}
{"level":"info","message":"Associating table ProductAudit with models","timestamp":"2026-08-23T15:40:32.991Z"}
{"level":"info","message":"Model name productTemp","timestamp":"2026-08-23T15:40:32.993Z"}
{"level":"info","message":"Model name productSize","timestamp":"2026-08-23T15:40:32.993Z"}
{"level":"info","message":"Model name productUnit","timestamp":"2026-08-23T15:40:32.993Z"}
{"level":"info","message":"Model name image","timestamp":"2026-08-23T15:40:33.001Z"}
{"level":"info","message":"Associating table IMAGE with models","timestamp":"2026-08-23T15:40:33.002Z"}
{"level":"info","message":"Model name priceList","timestamp":"2026-08-23T15:40:33.002Z"}
{"level":"info","message":"Model name webProductGroup","timestamp":"2026-08-23T15:40:33.002Z"}
{"level":"info","message":"Model name ProductOptionGroup","timestamp":"2026-08-23T15:40:33.002Z"}
{"level":"info","message":"Model name ProductOption","timestamp":"2026-08-23T15:40:33.005Z"}
{"level":"info","message":"Model name customer","timestamp":"2026-08-23T15:40:33.005Z"}
{"level":"info","message":"Model name order","timestamp":"2026-08-23T15:40:33.005Z"}
{"level":"info","message":"Model name orderHIS","timestamp":"2026-08-23T15:40:33.005Z"}
{"level":"info","message":"Model name orderTable","timestamp":"2026-08-23T15:40:33.005Z"}
{"level":"info","message":"Model name recipe","timestamp":"2026-08-23T15:40:33.006Z"}
{"level":"info","message":"Model name table","timestamp":"2026-08-23T15:40:33.006Z"}
{"level":"info","message":"Model name ticket","timestamp":"2026-08-23T15:40:33.007Z"}
{"level":"info","message":"Model name promotion","timestamp":"2026-08-23T15:40:33.015Z"}
{"level":"info","message":"Model name ticketLine","timestamp":"2026-08-23T15:40:33.019Z"}
{"level":"info","message":"Model name MemberOffer","timestamp":"2026-08-23T15:40:33.022Z"}
{"level":"info","message":"Model name loyaltyTransaction","timestamp":"2026-08-23T15:40:33.022Z"}
{"level":"info","message":"Model name washjob","timestamp":"2026-08-23T15:40:33.023Z"}
{"level":"info","message":"Model name washjobHis","timestamp":"2026-08-23T15:40:33.023Z"}
{"level":"info","message":"Model name washjobline","timestamp":"2026-08-23T15:40:33.023Z"}
{"level":"info","message":"Model name QRRequest","timestamp":"2026-08-23T15:40:33.023Z"}
{"level":"info","message":"Associating table QRRequest with models","timestamp":"2026-08-23T15:40:33.023Z"}
{"level":"info","message":"Model name saleHeader","timestamp":"2026-08-23T15:40:33.024Z"}
{"level":"info","message":"Model name salePayment","timestamp":"2026-08-23T15:40:33.033Z"}
{"level":"info","message":"Model name saleLine","timestamp":"2026-08-23T15:40:33.037Z"}
{"level":"info","message":"Associating table SaleLine with models","timestamp":"2026-08-23T15:40:33.037Z"}
{"level":"info","message":"Model name quotationHeader","timestamp":"2026-08-23T15:40:33.043Z"}
{"level":"info","message":"Model name quotationLine","timestamp":"2026-08-23T15:40:33.046Z"}
{"level":"info","message":"Associating table QuotationLine with models","timestamp":"2026-08-23T15:40:33.046Z"}
{"level":"info","message":"Model name poHeader","timestamp":"2026-08-23T15:40:33.048Z"}
{"level":"info","message":"Model name poLine","timestamp":"2026-08-23T15:40:33.048Z"}
{"level":"info","message":"Model name poHeaderHIS","timestamp":"2026-08-23T15:40:33.049Z"}
{"level":"info","message":"Model name poLineHIS","timestamp":"2026-08-23T15:40:33.049Z"}
{"level":"info","message":"Model name receivingHeader","timestamp":"2026-08-23T15:40:33.049Z"}
{"level":"info","message":"Model name receivingLine","timestamp":"2026-08-23T15:40:33.049Z"}
{"level":"info","message":"Model name reservation","timestamp":"2026-08-23T15:40:33.049Z"}
{"level":"info","message":"Model name reservationLine","timestamp":"2026-08-23T15:40:33.049Z"}
{"level":"info","message":"Model name transferHeader","timestamp":"2026-08-23T15:40:33.049Z"}
{"level":"info","message":"Model name transferLine","timestamp":"2026-08-23T15:40:33.049Z"}
{"level":"info","message":"Model name menuHeader","timestamp":"2026-08-23T15:40:33.049Z"}
{"level":"info","message":"Model name menuLine","timestamp":"2026-08-23T15:40:33.049Z"}
{"level":"info","message":"Model name MenuHeaderLines","timestamp":"2026-08-23T15:40:33.049Z"}
{"level":"info","message":"Model name webMenuHeader","timestamp":"2026-08-23T15:40:33.049Z"}
{"level":"info","message":"Model name QRResponse","timestamp":"2026-08-23T15:40:33.049Z"}
{"level":"info","message":"Associating table QRResponse with models","timestamp":"2026-08-23T15:40:33.049Z"}
{"level":"info","message":"Model name PaymentCallback","timestamp":"2026-08-23T15:40:33.050Z"}
{"level":"info","message":"Associating table PaymentCallback with models","timestamp":"2026-08-23T15:40:33.050Z"}
{"level":"info","message":"Model name Color","timestamp":"2026-08-23T15:40:33.050Z"}
{"level":"info","message":"Associating table Color with models","timestamp":"2026-08-23T15:40:33.050Z"}
{"level":"info","message":"Model name Size","timestamp":"2026-08-23T15:40:33.052Z"}
{"level":"info","message":"Associating table Size with models","timestamp":"2026-08-23T15:40:33.052Z"}
{"level":"info","message":"Model name card","timestamp":"2026-08-23T15:40:33.053Z"}
{"level":"info","message":"Associating table Card with models","timestamp":"2026-08-23T15:40:33.053Z"}
{"level":"info","message":"Model name Transaction","timestamp":"2026-08-23T15:40:33.066Z"}
{"level":"info","message":"Model name glPostingBatch","timestamp":"2026-08-23T15:40:33.069Z"}
{"level":"info","message":"Model name gl","timestamp":"2026-08-23T15:40:33.069Z"}
{"level":"info","message":"Model name chartAccount","timestamp":"2026-08-23T15:40:33.069Z"}
{"level":"info","message":"Model name fixedAssetProduct","timestamp":"2026-08-23T15:40:33.069Z"}
{"level":"info","message":"Model name fixedAssetContract","timestamp":"2026-08-23T15:40:33.069Z"}
{"level":"info","message":"Model name fixedAssetDepreciation","timestamp":"2026-08-23T15:40:33.069Z"}
{"level":"info","message":"Model name apPaymentHeader","timestamp":"2026-08-23T15:40:33.069Z"}
{"level":"info","message":"Model name arReceiveHeader","timestamp":"2026-08-23T15:40:33.070Z"}
{"level":"info","message":"Model name payment","timestamp":"2026-08-23T15:40:33.070Z"}
{"level":"info","message":"Model name bank","timestamp":"2026-08-23T15:40:33.070Z"}
{"level":"info","message":"Model name bankAccount","timestamp":"2026-08-23T15:40:33.070Z"}
{"level":"info","message":"Associating table Bank with models","timestamp":"2026-08-23T15:40:33.070Z"}
{"level":"info","message":"Model name ministry","timestamp":"2026-08-23T15:40:33.070Z"}
{"level":"info","message":"Model name moneySettlement","timestamp":"2026-08-23T15:40:33.072Z"}
{"level":"info","message":"Model name moneyAdvanceAudit","timestamp":"2026-08-23T15:40:33.074Z"}
{"level":"info","message":"Associating table MoneyAdvanceAudit with models","timestamp":"2026-08-23T15:40:33.074Z"}
{"level":"info","message":"Model name moneyAdvance","timestamp":"2026-08-23T15:40:33.075Z"}
{"level":"info","message":"Associating table MoneyAdvance with models","timestamp":"2026-08-23T15:40:33.075Z"}
{"level":"info","message":"Model name AccountStatement","timestamp":"2026-08-23T15:40:33.078Z"}
{"level":"info","message":"Associating table AccountStatement with models","timestamp":"2026-08-23T15:40:33.078Z"}
{"level":"info","message":"Model name Project","timestamp":"2026-08-23T15:40:33.079Z"}
{"level":"info","message":"Model name ProjectBudget","timestamp":"2026-08-23T15:40:33.080Z"}
{"level":"info","message":"Model name ProjectContract","timestamp":"2026-08-23T15:40:33.080Z"}
{"level":"info","message":"Model name ProjectInvoice","timestamp":"2026-08-23T15:40:33.080Z"}
{"level":"info","message":"Model name WithdrawalApplication","timestamp":"2026-08-23T15:40:33.081Z"}
{"level":"info","message":"Model name revenue_target","timestamp":"2026-08-23T15:40:33.081Z"}
{"level":"info","message":"Model name apInvoice","timestamp":"2026-08-23T15:40:33.082Z"}
{"level":"info","message":"Associating table APInvoice with models","timestamp":"2026-08-23T15:40:33.082Z"}
{"level":"info","message":"Model name apInvoiceAudit","timestamp":"2026-08-23T15:40:33.084Z"}
{"level":"info","message":"Associating table APInvoiceAudit with models","timestamp":"2026-08-23T15:40:33.084Z"}
{"level":"info","message":"Model name invoiceLineItem","timestamp":"2026-08-23T15:40:33.085Z"}
{"level":"info","message":"Associating table InvoiceLineItem with models","timestamp":"2026-08-23T15:40:33.085Z"}
{"level":"info","message":"Model name apInvoiceSettlement","timestamp":"2026-08-23T15:40:33.086Z"}
{"level":"info","message":"Associating table APInvoiceSettlement with models","timestamp":"2026-08-23T15:40:33.086Z"}
{"level":"info","message":"Model name apSettlementAudit","timestamp":"2026-08-23T15:40:33.098Z"}
{"level":"info","message":"Associating table APSettlementAudit with models","timestamp":"2026-08-23T15:40:33.102Z"}
{"level":"info","message":"Model name apInvoiceSettlementLine","timestamp":"2026-08-23T15:40:33.103Z"}
{"level":"info","message":"Associating InvoiceSettlementLine with models","timestamp":"2026-08-23T15:40:33.103Z"}
{"level":"info","message":"Model name arInvoiceHeader","timestamp":"2026-08-23T15:40:33.105Z"}
{"level":"info","message":"Associating table ARInvoiceHeader with models","timestamp":"2026-08-23T15:40:33.105Z"}
{"level":"info","message":"Model name arInvoiceHeaderAudit","timestamp":"2026-08-23T15:40:33.114Z"}
{"level":"info","message":"Associating table ARInvoiceHeaderAudit with models","timestamp":"2026-08-23T15:40:33.115Z"}
{"level":"info","message":"Model name arInvoiceLine","timestamp":"2026-08-23T15:40:33.116Z"}
{"level":"info","message":"Associating table InvoiceLine with models","timestamp":"2026-08-23T15:40:33.116Z"}
{"level":"info","message":"Model name arReceiveHeaderV2","timestamp":"2026-08-23T15:40:33.118Z"}
{"level":"info","message":"Associating table ARReceiveHeader with models","timestamp":"2026-08-23T15:40:33.118Z"}
{"level":"info","message":"Model name arReceiveHeaderAudit","timestamp":"2026-08-23T15:40:33.123Z"}
{"level":"info","message":"Associating table ARReceiveHeaderAudit with models","timestamp":"2026-08-23T15:40:33.123Z"}
{"level":"info","message":"Model name arReceiveLine","timestamp":"2026-08-23T15:40:33.123Z"}
{"level":"info","message":"Associating table ReceiveLine with models","timestamp":"2026-08-23T15:40:33.124Z"}
{"level":"info","message":"Model name vendor","timestamp":"2026-08-23T15:40:33.125Z"}
{"level":"info","message":"Model name shipping","timestamp":"2026-08-23T15:40:33.125Z"}
{"level":"info","message":"Model name shipping_order","timestamp":"2026-08-23T15:40:33.125Z"}
{"level":"info","message":"Model name shipping_checkout_batch","timestamp":"2026-08-23T15:40:33.125Z"}
{"level":"info","message":"Model name service","timestamp":"2026-08-23T15:40:33.126Z"}
{"level":"info","message":"Model name authority","timestamp":"2026-08-23T15:40:33.126Z"}
{"level":"info","message":"Model name terminal","timestamp":"2026-08-23T15:40:33.126Z"}
{"level":"info","message":"Model name terminalAudit","timestamp":"2026-08-23T15:40:33.126Z"}
{"level":"info","message":"Associating table TerminalAudit with models","timestamp":"2026-08-23T15:40:33.126Z"}
{"level":"info","message":"Model name campaign","timestamp":"2026-08-23T15:40:33.127Z"}
{"level":"info","message":"Model name campaignEntry","timestamp":"2026-08-23T15:40:33.127Z"}
{"level":"info","message":"Model name rider","timestamp":"2026-08-23T15:40:33.127Z"}
{"level":"info","message":"Model name outlet","timestamp":"2026-08-23T15:40:33.127Z"}
{"level":"info","message":"Model name geography","timestamp":"2026-08-23T15:40:33.127Z"}
{"level":"info","message":"Model name country","timestamp":"2026-08-23T15:40:33.127Z"}
{"level":"info","message":"Model name village","timestamp":"2026-08-23T15:40:33.127Z"}
{"level":"info","message":"Model name district","timestamp":"2026-08-23T15:40:33.128Z"}
{"level":"info","message":"Model name accountDailyBalance","timestamp":"2026-08-23T15:40:33.129Z"}
{"level":"info","message":"Model name businessDate","timestamp":"2026-08-23T15:40:33.129Z"}
{"level":"info","message":"Model name cifCustomer","timestamp":"2026-08-23T15:40:33.129Z"}
{"level":"info","message":"Model name microfinanceGroup","timestamp":"2026-08-23T15:40:33.135Z"}
{"level":"info","message":"Model name mfCollateral","timestamp":"2026-08-23T15:40:33.137Z"}
{"level":"info","message":"Model name mfLoanProduct","timestamp":"2026-08-23T15:40:33.137Z"}
{"level":"info","message":"Model name mfLoanAccount","timestamp":"2026-08-23T15:40:33.138Z"}
{"level":"info","message":"Model name mfRepaymentSchedule","timestamp":"2026-08-23T15:40:33.139Z"}
{"level":"info","message":"Model name mfJournalEntry","timestamp":"2026-08-23T15:40:33.140Z"}
{"level":"info","message":"Model name tuturial","timestamp":"2026-08-23T15:40:33.140Z"}
{"level":"info","message":"client_db Connection established","timestamp":"2026-08-23T15:40:33.326Z"}
{"level":"info","message":"tutorial_db Connection established","timestamp":"2026-08-23T15:40:33.336Z"}
{"level":"info","message":"Hello, Winston!","timestamp":"2026-08-23T15:40:56.104Z"}
{"level":"warn","message":"This is a warning message.","timestamp":"2026-08-23T15:40:56.108Z"}
{"level":"error","message":"This is an error message.","timestamp":"2026-08-23T15:40:56.108Z"}
{"level":"info","message":"This is an information message.","timestamp":"2026-08-23T15:40:56.109Z"}
{"ip":"192.168.1.1","level":"info","message":"User logged in","timestamp":"2026-08-23T15:40:56.111Z","username":"johndoe"}
{"level":"info","message":"Model name sequelize","timestamp":"2026-08-23T15:40:56.660Z"}
{"level":"info","message":"Model name Sequelize","timestamp":"2026-08-23T15:40:56.661Z"}
{"level":"info","message":"Model name centralSequelize","timestamp":"2026-08-23T15:40:56.661Z"}
{"level":"info","message":"Model name spf","timestamp":"2026-08-23T15:40:56.662Z"}
{"level":"info","message":"Model name client","timestamp":"2026-08-23T15:40:56.662Z"}
{"level":"info","message":"Model name clientAudit","timestamp":"2026-08-23T15:40:56.668Z"}
{"level":"info","message":"Associating table ClientAudit with models","timestamp":"2026-08-23T15:40:56.670Z"}
{"level":"info","message":"Model name group","timestamp":"2026-08-23T15:40:56.676Z"}
{"level":"info","message":"Model name GroupMenuHeader","timestamp":"2026-08-23T15:40:56.678Z"}
{"level":"info","message":"Model name role","timestamp":"2026-08-23T15:40:56.678Z"}
{"level":"info","message":"Model name user","timestamp":"2026-08-23T15:40:56.686Z"}
{"level":"info","message":"Model name Agency","timestamp":"2026-08-23T15:40:56.691Z"}
{"level":"info","message":"Associating table Agency with models","timestamp":"2026-08-23T15:40:56.696Z"}
{"level":"info","message":"Model name Applicant","timestamp":"2026-08-23T15:40:56.703Z"}
{"level":"info","message":"Associating table Applicant with models","timestamp":"2026-08-23T15:40:56.706Z"}
{"level":"info","message":"Model name MOU","timestamp":"2026-08-23T15:40:56.720Z"}
{"level":"info","message":"Associating table Job with models","timestamp":"2026-08-23T15:40:56.724Z"}
{"level":"info","message":"Model name jobAdvertise","timestamp":"2026-08-23T15:40:56.745Z"}
{"level":"info","message":"Associating table JobAdvertise with models","timestamp":"2026-08-23T15:40:56.750Z"}
{"level":"info","message":"Model name JobBatch","timestamp":"2026-08-23T15:40:56.751Z"}
{"level":"info","message":"Associating table JobBatch with models","timestamp":"2026-08-23T15:40:56.753Z"}
{"level":"info","message":"Model name benefit","timestamp":"2026-08-23T15:40:56.765Z"}
{"level":"info","message":"Associating table Benefit with models","timestamp":"2026-08-23T15:40:56.769Z"}
{"level":"info","message":"Model name company","timestamp":"2026-08-23T15:40:56.773Z"}
{"level":"info","message":"Model name location","timestamp":"2026-08-23T15:40:56.776Z"}
{"level":"info","message":"Model name currency","timestamp":"2026-08-23T15:40:56.776Z"}
{"level":"info","message":"Model name currencyAudit","timestamp":"2026-08-23T15:40:56.777Z"}
{"level":"info","message":"Associating table CurrencyAudit with models","timestamp":"2026-08-23T15:40:56.777Z"}
{"level":"info","message":"Model name unit","timestamp":"2026-08-23T15:40:56.778Z"}
{"level":"info","message":"Model name printerModel","timestamp":"2026-08-23T15:40:56.790Z"}
{"level":"info","message":"Model name stockTransactionModel","timestamp":"2026-08-23T15:40:56.795Z"}
{"level":"info","message":"Model name mainCategory","timestamp":"2026-08-23T15:40:56.801Z"}
{"level":"info","message":"Model name category","timestamp":"2026-08-23T15:40:56.801Z"}
{"level":"info","message":"Associating table Color with models","timestamp":"2026-08-23T15:40:56.802Z"}
{"level":"info","message":"Model name student","timestamp":"2026-08-23T15:40:56.802Z"}
{"level":"info","message":"Associating table Student with models","timestamp":"2026-08-23T15:40:56.802Z"}
{"level":"info","message":"Model name nfcCard","timestamp":"2026-08-23T15:40:56.809Z"}
{"level":"info","message":"Associating table NfcCard with models","timestamp":"2026-08-23T15:40:56.812Z"}
{"level":"info","message":"Model name academicYear","timestamp":"2026-08-23T15:40:56.814Z"}
{"level":"info","message":"Model name schoolClass","timestamp":"2026-08-23T15:40:56.814Z"}
{"level":"info","message":"Model name schoolRoom","timestamp":"2026-08-23T15:40:56.816Z"}
{"level":"info","message":"Model name feeItem","timestamp":"2026-08-23T15:40:56.816Z"}
{"level":"info","message":"Model name feeStructure","timestamp":"2026-08-23T15:40:56.817Z"}
{"level":"info","message":"Model name schoolInvoice","timestamp":"2026-08-23T15:40:56.817Z"}
{"level":"info","message":"Model name schoolInvoiceLine","timestamp":"2026-08-23T15:40:56.818Z"}
{"level":"info","message":"Model name schoolPayment","timestamp":"2026-08-23T15:40:56.819Z"}
{"level":"info","message":"Model name cashierShift","timestamp":"2026-08-23T15:40:56.820Z"}
{"level":"info","message":"Model name transactionEntry","timestamp":"2026-08-23T15:40:56.821Z"}
{"level":"info","message":"Associating table TransactionEntry","timestamp":"2026-08-23T15:40:56.821Z"}
{"level":"info","message":"Model name tax","timestamp":"2026-08-23T15:40:56.822Z"}
{"level":"info","message":"Model name product","timestamp":"2026-08-23T15:40:56.822Z"}
{"level":"info","message":"Model name productAudit","timestamp":"2026-08-23T15:40:56.860Z"}
{"level":"info","message":"Associating table ProductAudit with models","timestamp":"2026-08-23T15:40:56.866Z"}
{"level":"info","message":"Model name productTemp","timestamp":"2026-08-23T15:40:56.868Z"}
{"level":"info","message":"Model name productSize","timestamp":"2026-08-23T15:40:56.868Z"}
{"level":"info","message":"Model name productUnit","timestamp":"2026-08-23T15:40:56.868Z"}
{"level":"info","message":"Model name image","timestamp":"2026-08-23T15:40:56.876Z"}
{"level":"info","message":"Associating table IMAGE with models","timestamp":"2026-08-23T15:40:56.877Z"}
{"level":"info","message":"Model name priceList","timestamp":"2026-08-23T15:40:56.877Z"}
{"level":"info","message":"Model name webProductGroup","timestamp":"2026-08-23T15:40:56.878Z"}
{"level":"info","message":"Model name ProductOptionGroup","timestamp":"2026-08-23T15:40:56.878Z"}
{"level":"info","message":"Model name ProductOption","timestamp":"2026-08-23T15:40:56.880Z"}
{"level":"info","message":"Model name customer","timestamp":"2026-08-23T15:40:56.881Z"}
{"level":"info","message":"Model name order","timestamp":"2026-08-23T15:40:56.881Z"}
{"level":"info","message":"Model name orderHIS","timestamp":"2026-08-23T15:40:56.881Z"}
{"level":"info","message":"Model name orderTable","timestamp":"2026-08-23T15:40:56.881Z"}
{"level":"info","message":"Model name recipe","timestamp":"2026-08-23T15:40:56.881Z"}
{"level":"info","message":"Model name table","timestamp":"2026-08-23T15:40:56.881Z"}
{"level":"info","message":"Model name ticket","timestamp":"2026-08-23T15:40:56.883Z"}
{"level":"info","message":"Model name promotion","timestamp":"2026-08-23T15:40:56.893Z"}
{"level":"info","message":"Model name ticketLine","timestamp":"2026-08-23T15:40:56.897Z"}
{"level":"info","message":"Model name MemberOffer","timestamp":"2026-08-23T15:40:56.899Z"}
{"level":"info","message":"Model name loyaltyTransaction","timestamp":"2026-08-23T15:40:56.900Z"}
{"level":"info","message":"Model name washjob","timestamp":"2026-08-23T15:40:56.900Z"}
{"level":"info","message":"Model name washjobHis","timestamp":"2026-08-23T15:40:56.900Z"}
{"level":"info","message":"Model name washjobline","timestamp":"2026-08-23T15:40:56.901Z"}
{"level":"info","message":"Model name QRRequest","timestamp":"2026-08-23T15:40:56.901Z"}
{"level":"info","message":"Associating table QRRequest with models","timestamp":"2026-08-23T15:40:56.901Z"}
{"level":"info","message":"Model name saleHeader","timestamp":"2026-08-23T15:40:56.901Z"}
{"level":"info","message":"Model name salePayment","timestamp":"2026-08-23T15:40:56.911Z"}
{"level":"info","message":"Model name saleLine","timestamp":"2026-08-23T15:40:56.915Z"}
{"level":"info","message":"Associating table SaleLine with models","timestamp":"2026-08-23T15:40:56.915Z"}
{"level":"info","message":"Model name quotationHeader","timestamp":"2026-08-23T15:40:56.921Z"}
{"level":"info","message":"Model name quotationLine","timestamp":"2026-08-23T15:40:56.924Z"}
{"level":"info","message":"Associating table QuotationLine with models","timestamp":"2026-08-23T15:40:56.925Z"}
{"level":"info","message":"Model name poHeader","timestamp":"2026-08-23T15:40:56.927Z"}
{"level":"info","message":"Model name poLine","timestamp":"2026-08-23T15:40:56.927Z"}
{"level":"info","message":"Model name poHeaderHIS","timestamp":"2026-08-23T15:40:56.927Z"}
{"level":"info","message":"Model name poLineHIS","timestamp":"2026-08-23T15:40:56.927Z"}
{"level":"info","message":"Model name receivingHeader","timestamp":"2026-08-23T15:40:56.928Z"}
{"level":"info","message":"Model name receivingLine","timestamp":"2026-08-23T15:40:56.928Z"}
{"level":"info","message":"Model name reservation","timestamp":"2026-08-23T15:40:56.928Z"}
{"level":"info","message":"Model name reservationLine","timestamp":"2026-08-23T15:40:56.928Z"}
{"level":"info","message":"Model name transferHeader","timestamp":"2026-08-23T15:40:56.928Z"}
{"level":"info","message":"Model name transferLine","timestamp":"2026-08-23T15:40:56.928Z"}
{"level":"info","message":"Model name menuHeader","timestamp":"2026-08-23T15:40:56.928Z"}
{"level":"info","message":"Model name menuLine","timestamp":"2026-08-23T15:40:56.928Z"}
{"level":"info","message":"Model name MenuHeaderLines","timestamp":"2026-08-23T15:40:56.928Z"}
{"level":"info","message":"Model name webMenuHeader","timestamp":"2026-08-23T15:40:56.928Z"}
{"level":"info","message":"Model name QRResponse","timestamp":"2026-08-23T15:40:56.928Z"}
{"level":"info","message":"Associating table QRResponse with models","timestamp":"2026-08-23T15:40:56.928Z"}
{"level":"info","message":"Model name PaymentCallback","timestamp":"2026-08-23T15:40:56.929Z"}
{"level":"info","message":"Associating table PaymentCallback with models","timestamp":"2026-08-23T15:40:56.929Z"}
{"level":"info","message":"Model name Color","timestamp":"2026-08-23T15:40:56.929Z"}
{"level":"info","message":"Associating table Color with models","timestamp":"2026-08-23T15:40:56.930Z"}
{"level":"info","message":"Model name Size","timestamp":"2026-08-23T15:40:56.932Z"}
{"level":"info","message":"Associating table Size with models","timestamp":"2026-08-23T15:40:56.932Z"}
{"level":"info","message":"Model name card","timestamp":"2026-08-23T15:40:56.933Z"}
{"level":"info","message":"Associating table Card with models","timestamp":"2026-08-23T15:40:56.933Z"}
{"level":"info","message":"Model name Transaction","timestamp":"2026-08-23T15:40:56.950Z"}
{"level":"info","message":"Model name glPostingBatch","timestamp":"2026-08-23T15:40:56.954Z"}
{"level":"info","message":"Model name gl","timestamp":"2026-08-23T15:40:56.954Z"}
{"level":"info","message":"Model name chartAccount","timestamp":"2026-08-23T15:40:56.954Z"}
{"level":"info","message":"Model name fixedAssetProduct","timestamp":"2026-08-23T15:40:56.954Z"}
{"level":"info","message":"Model name fixedAssetContract","timestamp":"2026-08-23T15:40:56.954Z"}
{"level":"info","message":"Model name fixedAssetDepreciation","timestamp":"2026-08-23T15:40:56.954Z"}
{"level":"info","message":"Model name apPaymentHeader","timestamp":"2026-08-23T15:40:56.954Z"}
{"level":"info","message":"Model name arReceiveHeader","timestamp":"2026-08-23T15:40:56.954Z"}
{"level":"info","message":"Model name payment","timestamp":"2026-08-23T15:40:56.954Z"}
{"level":"info","message":"Model name bank","timestamp":"2026-08-23T15:40:56.954Z"}
{"level":"info","message":"Model name bankAccount","timestamp":"2026-08-23T15:40:56.954Z"}
{"level":"info","message":"Associating table Bank with models","timestamp":"2026-08-23T15:40:56.954Z"}
{"level":"info","message":"Model name ministry","timestamp":"2026-08-23T15:40:56.955Z"}
{"level":"info","message":"Model name moneySettlement","timestamp":"2026-08-23T15:40:56.960Z"}
{"level":"info","message":"Model name moneyAdvanceAudit","timestamp":"2026-08-23T15:40:56.962Z"}
{"level":"info","message":"Associating table MoneyAdvanceAudit with models","timestamp":"2026-08-23T15:40:56.962Z"}
{"level":"info","message":"Model name moneyAdvance","timestamp":"2026-08-23T15:40:56.962Z"}
{"level":"info","message":"Associating table MoneyAdvance with models","timestamp":"2026-08-23T15:40:56.962Z"}
{"level":"info","message":"Model name AccountStatement","timestamp":"2026-08-23T15:40:56.965Z"}
{"level":"info","message":"Associating table AccountStatement with models","timestamp":"2026-08-23T15:40:56.965Z"}
{"level":"info","message":"Model name Project","timestamp":"2026-08-23T15:40:56.966Z"}
{"level":"info","message":"Model name ProjectBudget","timestamp":"2026-08-23T15:40:56.967Z"}
{"level":"info","message":"Model name ProjectContract","timestamp":"2026-08-23T15:40:56.968Z"}
{"level":"info","message":"Model name ProjectInvoice","timestamp":"2026-08-23T15:40:56.968Z"}
{"level":"info","message":"Model name WithdrawalApplication","timestamp":"2026-08-23T15:40:56.969Z"}
{"level":"info","message":"Model name revenue_target","timestamp":"2026-08-23T15:40:56.969Z"}
{"level":"info","message":"Model name apInvoice","timestamp":"2026-08-23T15:40:56.970Z"}
{"level":"info","message":"Associating table APInvoice with models","timestamp":"2026-08-23T15:40:56.970Z"}
{"level":"info","message":"Model name apInvoiceAudit","timestamp":"2026-08-23T15:40:56.972Z"}
{"level":"info","message":"Associating table APInvoiceAudit with models","timestamp":"2026-08-23T15:40:56.973Z"}
{"level":"info","message":"Model name invoiceLineItem","timestamp":"2026-08-23T15:40:56.973Z"}
{"level":"info","message":"Associating table InvoiceLineItem with models","timestamp":"2026-08-23T15:40:56.973Z"}
{"level":"info","message":"Model name apInvoiceSettlement","timestamp":"2026-08-23T15:40:56.974Z"}
{"level":"info","message":"Associating table APInvoiceSettlement with models","timestamp":"2026-08-23T15:40:56.974Z"}
{"level":"info","message":"Model name apSettlementAudit","timestamp":"2026-08-23T15:40:56.976Z"}
{"level":"info","message":"Associating table APSettlementAudit with models","timestamp":"2026-08-23T15:40:56.976Z"}
{"level":"info","message":"Model name apInvoiceSettlementLine","timestamp":"2026-08-23T15:40:56.977Z"}
{"level":"info","message":"Associating InvoiceSettlementLine with models","timestamp":"2026-08-23T15:40:56.977Z"}
{"level":"info","message":"Model name arInvoiceHeader","timestamp":"2026-08-23T15:40:56.979Z"}
{"level":"info","message":"Associating table ARInvoiceHeader with models","timestamp":"2026-08-23T15:40:56.979Z"}
{"level":"info","message":"Model name arInvoiceHeaderAudit","timestamp":"2026-08-23T15:40:56.988Z"}
{"level":"info","message":"Associating table ARInvoiceHeaderAudit with models","timestamp":"2026-08-23T15:40:56.993Z"}
{"level":"info","message":"Model name arInvoiceLine","timestamp":"2026-08-23T15:40:56.994Z"}
{"level":"info","message":"Associating table InvoiceLine with models","timestamp":"2026-08-23T15:40:56.995Z"}
{"level":"info","message":"Model name arReceiveHeaderV2","timestamp":"2026-08-23T15:40:56.996Z"}
{"level":"info","message":"Associating table ARReceiveHeader with models","timestamp":"2026-08-23T15:40:56.997Z"}
{"level":"info","message":"Model name arReceiveHeaderAudit","timestamp":"2026-08-23T15:40:57.000Z"}
{"level":"info","message":"Associating table ARReceiveHeaderAudit with models","timestamp":"2026-08-23T15:40:57.000Z"}
{"level":"info","message":"Model name arReceiveLine","timestamp":"2026-08-23T15:40:57.001Z"}
{"level":"info","message":"Associating table ReceiveLine with models","timestamp":"2026-08-23T15:40:57.001Z"}
{"level":"info","message":"Model name vendor","timestamp":"2026-08-23T15:40:57.002Z"}
{"level":"info","message":"Model name shipping","timestamp":"2026-08-23T15:40:57.002Z"}
{"level":"info","message":"Model name shipping_order","timestamp":"2026-08-23T15:40:57.002Z"}
{"level":"info","message":"Model name shipping_checkout_batch","timestamp":"2026-08-23T15:40:57.002Z"}
{"level":"info","message":"Model name service","timestamp":"2026-08-23T15:40:57.002Z"}
{"level":"info","message":"Model name authority","timestamp":"2026-08-23T15:40:57.002Z"}
{"level":"info","message":"Model name terminal","timestamp":"2026-08-23T15:40:57.002Z"}
{"level":"info","message":"Model name terminalAudit","timestamp":"2026-08-23T15:40:57.003Z"}
{"level":"info","message":"Associating table TerminalAudit with models","timestamp":"2026-08-23T15:40:57.003Z"}
{"level":"info","message":"Model name campaign","timestamp":"2026-08-23T15:40:57.003Z"}
{"level":"info","message":"Model name campaignEntry","timestamp":"2026-08-23T15:40:57.003Z"}
{"level":"info","message":"Model name rider","timestamp":"2026-08-23T15:40:57.003Z"}
{"level":"info","message":"Model name outlet","timestamp":"2026-08-23T15:40:57.003Z"}
{"level":"info","message":"Model name geography","timestamp":"2026-08-23T15:40:57.003Z"}
{"level":"info","message":"Model name country","timestamp":"2026-08-23T15:40:57.003Z"}
{"level":"info","message":"Model name village","timestamp":"2026-08-23T15:40:57.003Z"}
{"level":"info","message":"Model name district","timestamp":"2026-08-23T15:40:57.004Z"}
{"level":"info","message":"Model name accountDailyBalance","timestamp":"2026-08-23T15:40:57.005Z"}
{"level":"info","message":"Model name businessDate","timestamp":"2026-08-23T15:40:57.005Z"}
{"level":"info","message":"Model name cifCustomer","timestamp":"2026-08-23T15:40:57.005Z"}
{"level":"info","message":"Model name microfinanceGroup","timestamp":"2026-08-23T15:40:57.009Z"}
{"level":"info","message":"Model name mfCollateral","timestamp":"2026-08-23T15:40:57.011Z"}
{"level":"info","message":"Model name mfLoanProduct","timestamp":"2026-08-23T15:40:57.012Z"}
{"level":"info","message":"Model name mfLoanAccount","timestamp":"2026-08-23T15:40:57.013Z"}
{"level":"info","message":"Model name mfRepaymentSchedule","timestamp":"2026-08-23T15:40:57.014Z"}
{"level":"info","message":"Model name mfJournalEntry","timestamp":"2026-08-23T15:40:57.014Z"}
{"level":"info","message":"Model name tuturial","timestamp":"2026-08-23T15:40:57.015Z"}
{"level":"info","message":"tutorial_db Connection established","timestamp":"2026-08-23T15:40:57.248Z"}
{"level":"info","message":"Hello, Winston!","timestamp":"2026-08-23T15:41:08.754Z"}
{"level":"warn","message":"This is a warning message.","timestamp":"2026-08-23T15:41:08.758Z"}
{"level":"error","message":"This is an error message.","timestamp":"2026-08-23T15:41:08.759Z"}
{"level":"info","message":"This is an information message.","timestamp":"2026-08-23T15:41:08.760Z"}
{"ip":"192.168.1.1","level":"info","message":"User logged in","timestamp":"2026-08-23T15:41:08.761Z","username":"johndoe"}
{"level":"info","message":"Model name sequelize","timestamp":"2026-08-23T15:41:09.224Z"}
{"level":"info","message":"Model name Sequelize","timestamp":"2026-08-23T15:41:09.225Z"}
{"level":"info","message":"Model name centralSequelize","timestamp":"2026-08-23T15:41:09.225Z"}
{"level":"info","message":"Model name spf","timestamp":"2026-08-23T15:41:09.226Z"}
{"level":"info","message":"Model name client","timestamp":"2026-08-23T15:41:09.227Z"}
{"level":"info","message":"Model name clientAudit","timestamp":"2026-08-23T15:41:09.231Z"}
{"level":"info","message":"Associating table ClientAudit with models","timestamp":"2026-08-23T15:41:09.233Z"}
{"level":"info","message":"Model name group","timestamp":"2026-08-23T15:41:09.237Z"}
{"level":"info","message":"Model name GroupMenuHeader","timestamp":"2026-08-23T15:41:09.239Z"}
{"level":"info","message":"Model name role","timestamp":"2026-08-23T15:41:09.239Z"}
{"level":"info","message":"Model name user","timestamp":"2026-08-23T15:41:09.245Z"}
{"level":"info","message":"Model name Agency","timestamp":"2026-08-23T15:41:09.248Z"}
{"level":"info","message":"Associating table Agency with models","timestamp":"2026-08-23T15:41:09.249Z"}
{"level":"info","message":"Model name Applicant","timestamp":"2026-08-23T15:41:09.253Z"}
{"level":"info","message":"Associating table Applicant with models","timestamp":"2026-08-23T15:41:09.256Z"}
{"level":"info","message":"Model name MOU","timestamp":"2026-08-23T15:41:09.269Z"}
{"level":"info","message":"Associating table Job with models","timestamp":"2026-08-23T15:41:09.273Z"}
{"level":"info","message":"Model name jobAdvertise","timestamp":"2026-08-23T15:41:09.292Z"}
{"level":"info","message":"Associating table JobAdvertise with models","timestamp":"2026-08-23T15:41:09.296Z"}
{"level":"info","message":"Model name JobBatch","timestamp":"2026-08-23T15:41:09.298Z"}
{"level":"info","message":"Associating table JobBatch with models","timestamp":"2026-08-23T15:41:09.300Z"}
{"level":"info","message":"Model name benefit","timestamp":"2026-08-23T15:41:09.315Z"}
{"level":"info","message":"Associating table Benefit with models","timestamp":"2026-08-23T15:41:09.319Z"}
{"level":"info","message":"Model name company","timestamp":"2026-08-23T15:41:09.324Z"}
{"level":"info","message":"Model name location","timestamp":"2026-08-23T15:41:09.327Z"}
{"level":"info","message":"Model name currency","timestamp":"2026-08-23T15:41:09.327Z"}
{"level":"info","message":"Model name currencyAudit","timestamp":"2026-08-23T15:41:09.329Z"}
{"level":"info","message":"Associating table CurrencyAudit with models","timestamp":"2026-08-23T15:41:09.329Z"}
{"level":"info","message":"Model name unit","timestamp":"2026-08-23T15:41:09.330Z"}
{"level":"info","message":"Model name printerModel","timestamp":"2026-08-23T15:41:09.347Z"}
{"level":"info","message":"Model name stockTransactionModel","timestamp":"2026-08-23T15:41:09.352Z"}
{"level":"info","message":"Model name mainCategory","timestamp":"2026-08-23T15:41:09.360Z"}
{"level":"info","message":"Model name category","timestamp":"2026-08-23T15:41:09.361Z"}
{"level":"info","message":"Associating table Color with models","timestamp":"2026-08-23T15:41:09.361Z"}
{"level":"info","message":"Model name student","timestamp":"2026-08-23T15:41:09.361Z"}
{"level":"info","message":"Associating table Student with models","timestamp":"2026-08-23T15:41:09.361Z"}
{"level":"info","message":"Model name nfcCard","timestamp":"2026-08-23T15:41:09.369Z"}
{"level":"info","message":"Associating table NfcCard with models","timestamp":"2026-08-23T15:41:09.373Z"}
{"level":"info","message":"Model name academicYear","timestamp":"2026-08-23T15:41:09.374Z"}
{"level":"info","message":"Model name schoolClass","timestamp":"2026-08-23T15:41:09.374Z"}
{"level":"info","message":"Model name schoolRoom","timestamp":"2026-08-23T15:41:09.376Z"}
{"level":"info","message":"Model name feeItem","timestamp":"2026-08-23T15:41:09.376Z"}
{"level":"info","message":"Model name feeStructure","timestamp":"2026-08-23T15:41:09.377Z"}
{"level":"info","message":"Model name schoolInvoice","timestamp":"2026-08-23T15:41:09.377Z"}
{"level":"info","message":"Model name schoolInvoiceLine","timestamp":"2026-08-23T15:41:09.378Z"}
{"level":"info","message":"Model name schoolPayment","timestamp":"2026-08-23T15:41:09.379Z"}
{"level":"info","message":"Model name cashierShift","timestamp":"2026-08-23T15:41:09.381Z"}
{"level":"info","message":"Model name transactionEntry","timestamp":"2026-08-23T15:41:09.382Z"}
{"level":"info","message":"Associating table TransactionEntry","timestamp":"2026-08-23T15:41:09.382Z"}
{"level":"info","message":"Model name tax","timestamp":"2026-08-23T15:41:09.384Z"}
{"level":"info","message":"Model name product","timestamp":"2026-08-23T15:41:09.384Z"}
{"level":"info","message":"Model name productAudit","timestamp":"2026-08-23T15:41:09.425Z"}
{"level":"info","message":"Associating table ProductAudit with models","timestamp":"2026-08-23T15:41:09.432Z"}
{"level":"info","message":"Model name productTemp","timestamp":"2026-08-23T15:41:09.434Z"}
{"level":"info","message":"Model name productSize","timestamp":"2026-08-23T15:41:09.434Z"}
{"level":"info","message":"Model name productUnit","timestamp":"2026-08-23T15:41:09.434Z"}
{"level":"info","message":"Model name image","timestamp":"2026-08-23T15:41:09.442Z"}
{"level":"info","message":"Associating table IMAGE with models","timestamp":"2026-08-23T15:41:09.443Z"}
{"level":"info","message":"Model name priceList","timestamp":"2026-08-23T15:41:09.443Z"}
{"level":"info","message":"Model name webProductGroup","timestamp":"2026-08-23T15:41:09.443Z"}
{"level":"info","message":"Model name ProductOptionGroup","timestamp":"2026-08-23T15:41:09.443Z"}
{"level":"info","message":"Model name ProductOption","timestamp":"2026-08-23T15:41:09.446Z"}
{"level":"info","message":"Model name customer","timestamp":"2026-08-23T15:41:09.446Z"}
{"level":"info","message":"Model name order","timestamp":"2026-08-23T15:41:09.446Z"}
{"level":"info","message":"Model name orderHIS","timestamp":"2026-08-23T15:41:09.446Z"}
{"level":"info","message":"Model name orderTable","timestamp":"2026-08-23T15:41:09.446Z"}
{"level":"info","message":"Model name recipe","timestamp":"2026-08-23T15:41:09.447Z"}
{"level":"info","message":"Model name table","timestamp":"2026-08-23T15:41:09.447Z"}
{"level":"info","message":"Model name ticket","timestamp":"2026-08-23T15:41:09.449Z"}
{"level":"info","message":"Model name promotion","timestamp":"2026-08-23T15:41:09.457Z"}
{"level":"info","message":"Model name ticketLine","timestamp":"2026-08-23T15:41:09.461Z"}
{"level":"info","message":"Model name MemberOffer","timestamp":"2026-08-23T15:41:09.463Z"}
{"level":"info","message":"Model name loyaltyTransaction","timestamp":"2026-08-23T15:41:09.464Z"}
{"level":"info","message":"Model name washjob","timestamp":"2026-08-23T15:41:09.464Z"}
{"level":"info","message":"Model name washjobHis","timestamp":"2026-08-23T15:41:09.464Z"}
{"level":"info","message":"Model name washjobline","timestamp":"2026-08-23T15:41:09.464Z"}
{"level":"info","message":"Model name QRRequest","timestamp":"2026-08-23T15:41:09.464Z"}
{"level":"info","message":"Associating table QRRequest with models","timestamp":"2026-08-23T15:41:09.465Z"}
{"level":"info","message":"Model name saleHeader","timestamp":"2026-08-23T15:41:09.465Z"}
{"level":"info","message":"Model name salePayment","timestamp":"2026-08-23T15:41:09.476Z"}
{"level":"info","message":"Model name saleLine","timestamp":"2026-08-23T15:41:09.480Z"}
{"level":"info","message":"Associating table SaleLine with models","timestamp":"2026-08-23T15:41:09.480Z"}
{"level":"info","message":"Model name quotationHeader","timestamp":"2026-08-23T15:41:09.483Z"}
{"level":"info","message":"Model name quotationLine","timestamp":"2026-08-23T15:41:09.483Z"}
{"level":"info","message":"Associating table QuotationLine with models","timestamp":"2026-08-23T15:41:09.484Z"}
{"level":"info","message":"Model name poHeader","timestamp":"2026-08-23T15:41:09.484Z"}
{"level":"info","message":"Model name poLine","timestamp":"2026-08-23T15:41:09.484Z"}
{"level":"info","message":"Model name poHeaderHIS","timestamp":"2026-08-23T15:41:09.484Z"}
{"level":"info","message":"Model name poLineHIS","timestamp":"2026-08-23T15:41:09.484Z"}
{"level":"info","message":"Model name receivingHeader","timestamp":"2026-08-23T15:41:09.488Z"}
{"level":"info","message":"Model name receivingLine","timestamp":"2026-08-23T15:41:09.489Z"}
{"level":"info","message":"Model name reservation","timestamp":"2026-08-23T15:41:09.489Z"}
{"level":"info","message":"Model name reservationLine","timestamp":"2026-08-23T15:41:09.489Z"}
{"level":"info","message":"Model name transferHeader","timestamp":"2026-08-23T15:41:09.489Z"}
{"level":"info","message":"Model name transferLine","timestamp":"2026-08-23T15:41:09.489Z"}
{"level":"info","message":"Model name menuHeader","timestamp":"2026-08-23T15:41:09.489Z"}
{"level":"info","message":"Model name menuLine","timestamp":"2026-08-23T15:41:09.489Z"}
{"level":"info","message":"Model name MenuHeaderLines","timestamp":"2026-08-23T15:41:09.489Z"}
{"level":"info","message":"Model name webMenuHeader","timestamp":"2026-08-23T15:41:09.489Z"}
{"level":"info","message":"Model name QRResponse","timestamp":"2026-08-23T15:41:09.489Z"}
{"level":"info","message":"Associating table QRResponse with models","timestamp":"2026-08-23T15:41:09.489Z"}
{"level":"info","message":"Model name PaymentCallback","timestamp":"2026-08-23T15:41:09.493Z"}
{"level":"info","message":"Associating table PaymentCallback with models","timestamp":"2026-08-23T15:41:09.493Z"}
{"level":"info","message":"Model name Color","timestamp":"2026-08-23T15:41:09.494Z"}
{"level":"info","message":"Associating table Color with models","timestamp":"2026-08-23T15:41:09.494Z"}
{"level":"info","message":"Model name Size","timestamp":"2026-08-23T15:41:09.496Z"}
{"level":"info","message":"Associating table Size with models","timestamp":"2026-08-23T15:41:09.496Z"}
{"level":"info","message":"Model name card","timestamp":"2026-08-23T15:41:09.497Z"}
{"level":"info","message":"Associating table Card with models","timestamp":"2026-08-23T15:41:09.497Z"}
{"level":"info","message":"Model name Transaction","timestamp":"2026-08-23T15:41:09.510Z"}
{"level":"info","message":"Model name glPostingBatch","timestamp":"2026-08-23T15:41:09.514Z"}
{"level":"info","message":"Model name gl","timestamp":"2026-08-23T15:41:09.514Z"}
{"level":"info","message":"Model name chartAccount","timestamp":"2026-08-23T15:41:09.514Z"}
{"level":"info","message":"Model name fixedAssetProduct","timestamp":"2026-08-23T15:41:09.514Z"}
{"level":"info","message":"Model name fixedAssetContract","timestamp":"2026-08-23T15:41:09.514Z"}
{"level":"info","message":"Model name fixedAssetDepreciation","timestamp":"2026-08-23T15:41:09.514Z"}
{"level":"info","message":"Model name apPaymentHeader","timestamp":"2026-08-23T15:41:09.514Z"}
{"level":"info","message":"Model name arReceiveHeader","timestamp":"2026-08-23T15:41:09.514Z"}
{"level":"info","message":"Model name payment","timestamp":"2026-08-23T15:41:09.514Z"}
{"level":"info","message":"Model name bank","timestamp":"2026-08-23T15:41:09.514Z"}
{"level":"info","message":"Model name bankAccount","timestamp":"2026-08-23T15:41:09.514Z"}
{"level":"info","message":"Associating table Bank with models","timestamp":"2026-08-23T15:41:09.514Z"}
{"level":"info","message":"Model name ministry","timestamp":"2026-08-23T15:41:09.515Z"}
{"level":"info","message":"Model name moneySettlement","timestamp":"2026-08-23T15:41:09.517Z"}
{"level":"info","message":"Model name moneyAdvanceAudit","timestamp":"2026-08-23T15:41:09.519Z"}
{"level":"info","message":"Associating table MoneyAdvanceAudit with models","timestamp":"2026-08-23T15:41:09.519Z"}
{"level":"info","message":"Model name moneyAdvance","timestamp":"2026-08-23T15:41:09.519Z"}
{"level":"info","message":"Associating table MoneyAdvance with models","timestamp":"2026-08-23T15:41:09.519Z"}
{"level":"info","message":"Model name AccountStatement","timestamp":"2026-08-23T15:41:09.521Z"}
{"level":"info","message":"Associating table AccountStatement with models","timestamp":"2026-08-23T15:41:09.522Z"}
{"level":"info","message":"Model name Project","timestamp":"2026-08-23T15:41:09.522Z"}
{"level":"info","message":"Model name ProjectBudget","timestamp":"2026-08-23T15:41:09.523Z"}
{"level":"info","message":"Model name ProjectContract","timestamp":"2026-08-23T15:41:09.523Z"}
{"level":"info","message":"Model name ProjectInvoice","timestamp":"2026-08-23T15:41:09.524Z"}
{"level":"info","message":"Model name WithdrawalApplication","timestamp":"2026-08-23T15:41:09.524Z"}
{"level":"info","message":"Model name revenue_target","timestamp":"2026-08-23T15:41:09.525Z"}
{"level":"info","message":"Model name apInvoice","timestamp":"2026-08-23T15:41:09.525Z"}
{"level":"info","message":"Associating table APInvoice with models","timestamp":"2026-08-23T15:41:09.525Z"}
{"level":"info","message":"Model name apInvoiceAudit","timestamp":"2026-08-23T15:41:09.528Z"}
{"level":"info","message":"Associating table APInvoiceAudit with models","timestamp":"2026-08-23T15:41:09.528Z"}
{"level":"info","message":"Model name invoiceLineItem","timestamp":"2026-08-23T15:41:09.529Z"}
{"level":"info","message":"Associating table InvoiceLineItem with models","timestamp":"2026-08-23T15:41:09.529Z"}
{"level":"info","message":"Model name apInvoiceSettlement","timestamp":"2026-08-23T15:41:09.530Z"}
{"level":"info","message":"Associating table APInvoiceSettlement with models","timestamp":"2026-08-23T15:41:09.530Z"}
{"level":"info","message":"Model name apSettlementAudit","timestamp":"2026-08-23T15:41:09.537Z"}
{"level":"info","message":"Associating table APSettlementAudit with models","timestamp":"2026-08-23T15:41:09.541Z"}
{"level":"info","message":"Model name apInvoiceSettlementLine","timestamp":"2026-08-23T15:41:09.543Z"}
{"level":"info","message":"Associating InvoiceSettlementLine with models","timestamp":"2026-08-23T15:41:09.543Z"}
{"level":"info","message":"Model name arInvoiceHeader","timestamp":"2026-08-23T15:41:09.545Z"}
{"level":"info","message":"Associating table ARInvoiceHeader with models","timestamp":"2026-08-23T15:41:09.545Z"}
{"level":"info","message":"Model name arInvoiceHeaderAudit","timestamp":"2026-08-23T15:41:09.555Z"}
{"level":"info","message":"Associating table ARInvoiceHeaderAudit with models","timestamp":"2026-08-23T15:41:09.557Z"}
{"level":"info","message":"Model name arInvoiceLine","timestamp":"2026-08-23T15:41:09.557Z"}
{"level":"info","message":"Associating table InvoiceLine with models","timestamp":"2026-08-23T15:41:09.558Z"}
{"level":"info","message":"Model name arReceiveHeaderV2","timestamp":"2026-08-23T15:41:09.560Z"}
{"level":"info","message":"Associating table ARReceiveHeader with models","timestamp":"2026-08-23T15:41:09.561Z"}
{"level":"info","message":"Model name arReceiveHeaderAudit","timestamp":"2026-08-23T15:41:09.565Z"}
{"level":"info","message":"Associating table ARReceiveHeaderAudit with models","timestamp":"2026-08-23T15:41:09.565Z"}
{"level":"info","message":"Model name arReceiveLine","timestamp":"2026-08-23T15:41:09.565Z"}
{"level":"info","message":"Associating table ReceiveLine with models","timestamp":"2026-08-23T15:41:09.565Z"}
{"level":"info","message":"Model name vendor","timestamp":"2026-08-23T15:41:09.567Z"}
{"level":"info","message":"Model name shipping","timestamp":"2026-08-23T15:41:09.567Z"}
{"level":"info","message":"Model name shipping_order","timestamp":"2026-08-23T15:41:09.568Z"}
{"level":"info","message":"Model name shipping_checkout_batch","timestamp":"2026-08-23T15:41:09.568Z"}
{"level":"info","message":"Model name service","timestamp":"2026-08-23T15:41:09.568Z"}
{"level":"info","message":"Model name authority","timestamp":"2026-08-23T15:41:09.568Z"}
{"level":"info","message":"Model name terminal","timestamp":"2026-08-23T15:41:09.568Z"}
{"level":"info","message":"Model name terminalAudit","timestamp":"2026-08-23T15:41:09.568Z"}
{"level":"info","message":"Associating table TerminalAudit with models","timestamp":"2026-08-23T15:41:09.569Z"}
{"level":"info","message":"Model name campaign","timestamp":"2026-08-23T15:41:09.569Z"}
{"level":"info","message":"Model name campaignEntry","timestamp":"2026-08-23T15:41:09.570Z"}
{"level":"info","message":"Model name rider","timestamp":"2026-08-23T15:41:09.570Z"}
{"level":"info","message":"Model name outlet","timestamp":"2026-08-23T15:41:09.570Z"}
{"level":"info","message":"Model name geography","timestamp":"2026-08-23T15:41:09.570Z"}
{"level":"info","message":"Model name country","timestamp":"2026-08-23T15:41:09.570Z"}
{"level":"info","message":"Model name village","timestamp":"2026-08-23T15:41:09.570Z"}
{"level":"info","message":"Model name district","timestamp":"2026-08-23T15:41:09.570Z"}
{"level":"info","message":"Model name accountDailyBalance","timestamp":"2026-08-23T15:41:09.571Z"}
{"level":"info","message":"Model name businessDate","timestamp":"2026-08-23T15:41:09.571Z"}
{"level":"info","message":"Model name cifCustomer","timestamp":"2026-08-23T15:41:09.571Z"}
{"level":"info","message":"Model name microfinanceGroup","timestamp":"2026-08-23T15:41:09.576Z"}
{"level":"info","message":"Model name mfCollateral","timestamp":"2026-08-23T15:41:09.578Z"}
{"level":"info","message":"Model name mfLoanProduct","timestamp":"2026-08-23T15:41:09.579Z"}
{"level":"info","message":"Model name mfLoanAccount","timestamp":"2026-08-23T15:41:09.580Z"}
{"level":"info","message":"Model name mfRepaymentSchedule","timestamp":"2026-08-23T15:41:09.581Z"}
{"level":"info","message":"Model name mfJournalEntry","timestamp":"2026-08-23T15:41:09.581Z"}
{"level":"info","message":"Model name tuturial","timestamp":"2026-08-23T15:41:09.581Z"}
{"level":"info","message":"tutorial_db Connection established","timestamp":"2026-08-23T15:41:09.719Z"}
{"level":"info","message":"client_db Connection established","timestamp":"2026-08-23T15:41:09.729Z"}
{"level":"info","message":"Hello, Winston!","timestamp":"2026-08-23T15:41:17.976Z"}
{"level":"warn","message":"This is a warning message.","timestamp":"2026-08-23T15:41:17.980Z"}
{"level":"error","message":"This is an error message.","timestamp":"2026-08-23T15:41:17.980Z"}
{"level":"info","message":"This is an information message.","timestamp":"2026-08-23T15:41:17.981Z"}
{"ip":"192.168.1.1","level":"info","message":"User logged in","timestamp":"2026-08-23T15:41:17.983Z","username":"johndoe"}
{"level":"info","message":"Model name sequelize","timestamp":"2026-08-23T15:41:18.407Z"}
{"level":"info","message":"Model name Sequelize","timestamp":"2026-08-23T15:41:18.409Z"}
{"level":"info","message":"Model name centralSequelize","timestamp":"2026-08-23T15:41:18.409Z"}
{"level":"info","message":"Model name spf","timestamp":"2026-08-23T15:41:18.409Z"}
{"level":"info","message":"Model name client","timestamp":"2026-08-23T15:41:18.410Z"}
{"level":"info","message":"Model name clientAudit","timestamp":"2026-08-23T15:41:18.415Z"}
{"level":"info","message":"Associating table ClientAudit with models","timestamp":"2026-08-23T15:41:18.416Z"}
{"level":"info","message":"Model name group","timestamp":"2026-08-23T15:41:18.420Z"}
{"level":"info","message":"Model name GroupMenuHeader","timestamp":"2026-08-23T15:41:18.422Z"}
{"level":"info","message":"Model name role","timestamp":"2026-08-23T15:41:18.423Z"}
{"level":"info","message":"Model name user","timestamp":"2026-08-23T15:41:18.428Z"}
{"level":"info","message":"Model name Agency","timestamp":"2026-08-23T15:41:18.431Z"}
{"level":"info","message":"Associating table Agency with models","timestamp":"2026-08-23T15:41:18.433Z"}
{"level":"info","message":"Model name Applicant","timestamp":"2026-08-23T15:41:18.437Z"}
{"level":"info","message":"Associating table Applicant with models","timestamp":"2026-08-23T15:41:18.440Z"}
{"level":"info","message":"Model name MOU","timestamp":"2026-08-23T15:41:18.452Z"}
{"level":"info","message":"Associating table Job with models","timestamp":"2026-08-23T15:41:18.455Z"}
{"level":"info","message":"Model name jobAdvertise","timestamp":"2026-08-23T15:41:18.476Z"}
{"level":"info","message":"Associating table JobAdvertise with models","timestamp":"2026-08-23T15:41:18.480Z"}
{"level":"info","message":"Model name JobBatch","timestamp":"2026-08-23T15:41:18.482Z"}
{"level":"info","message":"Associating table JobBatch with models","timestamp":"2026-08-23T15:41:18.483Z"}
{"level":"info","message":"Model name benefit","timestamp":"2026-08-23T15:41:18.495Z"}
{"level":"info","message":"Associating table Benefit with models","timestamp":"2026-08-23T15:41:18.498Z"}
{"level":"info","message":"Model name company","timestamp":"2026-08-23T15:41:18.502Z"}
{"level":"info","message":"Model name location","timestamp":"2026-08-23T15:41:18.505Z"}
{"level":"info","message":"Model name currency","timestamp":"2026-08-23T15:41:18.505Z"}
{"level":"info","message":"Model name currencyAudit","timestamp":"2026-08-23T15:41:18.507Z"}
{"level":"info","message":"Associating table CurrencyAudit with models","timestamp":"2026-08-23T15:41:18.507Z"}
{"level":"info","message":"Model name unit","timestamp":"2026-08-23T15:41:18.508Z"}
{"level":"info","message":"Model name printerModel","timestamp":"2026-08-23T15:41:18.518Z"}
{"level":"info","message":"Model name stockTransactionModel","timestamp":"2026-08-23T15:41:18.522Z"}
{"level":"info","message":"Model name mainCategory","timestamp":"2026-08-23T15:41:18.528Z"}
{"level":"info","message":"Model name category","timestamp":"2026-08-23T15:41:18.529Z"}
{"level":"info","message":"Associating table Color with models","timestamp":"2026-08-23T15:41:18.529Z"}
{"level":"info","message":"Model name student","timestamp":"2026-08-23T15:41:18.529Z"}
{"level":"info","message":"Associating table Student with models","timestamp":"2026-08-23T15:41:18.529Z"}
{"level":"info","message":"Model name nfcCard","timestamp":"2026-08-23T15:41:18.536Z"}
{"level":"info","message":"Associating table NfcCard with models","timestamp":"2026-08-23T15:41:18.539Z"}
{"level":"info","message":"Model name academicYear","timestamp":"2026-08-23T15:41:18.540Z"}
{"level":"info","message":"Model name schoolClass","timestamp":"2026-08-23T15:41:18.540Z"}
{"level":"info","message":"Model name schoolRoom","timestamp":"2026-08-23T15:41:18.542Z"}
{"level":"info","message":"Model name feeItem","timestamp":"2026-08-23T15:41:18.543Z"}
{"level":"info","message":"Model name feeStructure","timestamp":"2026-08-23T15:41:18.543Z"}
{"level":"info","message":"Model name schoolInvoice","timestamp":"2026-08-23T15:41:18.543Z"}
{"level":"info","message":"Model name schoolInvoiceLine","timestamp":"2026-08-23T15:41:18.544Z"}
{"level":"info","message":"Model name schoolPayment","timestamp":"2026-08-23T15:41:18.545Z"}
{"level":"info","message":"Model name cashierShift","timestamp":"2026-08-23T15:41:18.546Z"}
{"level":"info","message":"Model name transactionEntry","timestamp":"2026-08-23T15:41:18.547Z"}
{"level":"info","message":"Associating table TransactionEntry","timestamp":"2026-08-23T15:41:18.547Z"}
{"level":"info","message":"Model name tax","timestamp":"2026-08-23T15:41:18.548Z"}
{"level":"info","message":"Model name product","timestamp":"2026-08-23T15:41:18.548Z"}
{"level":"info","message":"Model name productAudit","timestamp":"2026-08-23T15:41:18.584Z"}
{"level":"info","message":"Associating table ProductAudit with models","timestamp":"2026-08-23T15:41:18.590Z"}
{"level":"info","message":"Model name productTemp","timestamp":"2026-08-23T15:41:18.592Z"}
{"level":"info","message":"Model name productSize","timestamp":"2026-08-23T15:41:18.592Z"}
{"level":"info","message":"Model name productUnit","timestamp":"2026-08-23T15:41:18.592Z"}
{"level":"info","message":"Model name image","timestamp":"2026-08-23T15:41:18.599Z"}
{"level":"info","message":"Associating table IMAGE with models","timestamp":"2026-08-23T15:41:18.601Z"}
{"level":"info","message":"Model name priceList","timestamp":"2026-08-23T15:41:18.601Z"}
{"level":"info","message":"Model name webProductGroup","timestamp":"2026-08-23T15:41:18.601Z"}
{"level":"info","message":"Model name ProductOptionGroup","timestamp":"2026-08-23T15:41:18.601Z"}
{"level":"info","message":"Model name ProductOption","timestamp":"2026-08-23T15:41:18.604Z"}
{"level":"info","message":"Model name customer","timestamp":"2026-08-23T15:41:18.604Z"}
{"level":"info","message":"Model name order","timestamp":"2026-08-23T15:41:18.604Z"}
{"level":"info","message":"Model name orderHIS","timestamp":"2026-08-23T15:41:18.604Z"}
{"level":"info","message":"Model name orderTable","timestamp":"2026-08-23T15:41:18.605Z"}
{"level":"info","message":"Model name recipe","timestamp":"2026-08-23T15:41:18.605Z"}
{"level":"info","message":"Model name table","timestamp":"2026-08-23T15:41:18.609Z"}
{"level":"info","message":"Model name ticket","timestamp":"2026-08-23T15:41:18.615Z"}
{"level":"info","message":"Model name promotion","timestamp":"2026-08-23T15:41:18.618Z"}
{"level":"info","message":"Model name ticketLine","timestamp":"2026-08-23T15:41:18.619Z"}
{"level":"info","message":"Model name MemberOffer","timestamp":"2026-08-23T15:41:18.621Z"}
{"level":"info","message":"Model name loyaltyTransaction","timestamp":"2026-08-23T15:41:18.622Z"}
{"level":"info","message":"Model name washjob","timestamp":"2026-08-23T15:41:18.623Z"}
{"level":"info","message":"Model name washjobHis","timestamp":"2026-08-23T15:41:18.623Z"}
{"level":"info","message":"Model name washjobline","timestamp":"2026-08-23T15:41:18.623Z"}
{"level":"info","message":"Model name QRRequest","timestamp":"2026-08-23T15:41:18.623Z"}
{"level":"info","message":"Associating table QRRequest with models","timestamp":"2026-08-23T15:41:18.623Z"}
{"level":"info","message":"Model name saleHeader","timestamp":"2026-08-23T15:41:18.624Z"}
{"level":"info","message":"Model name salePayment","timestamp":"2026-08-23T15:41:18.633Z"}
{"level":"info","message":"Model name saleLine","timestamp":"2026-08-23T15:41:18.638Z"}
{"level":"info","message":"Associating table SaleLine with models","timestamp":"2026-08-23T15:41:18.638Z"}
{"level":"info","message":"Model name quotationHeader","timestamp":"2026-08-23T15:41:18.644Z"}
{"level":"info","message":"Model name quotationLine","timestamp":"2026-08-23T15:41:18.647Z"}
{"level":"info","message":"Associating table QuotationLine with models","timestamp":"2026-08-23T15:41:18.647Z"}
{"level":"info","message":"Model name poHeader","timestamp":"2026-08-23T15:41:18.649Z"}
{"level":"info","message":"Model name poLine","timestamp":"2026-08-23T15:41:18.649Z"}
{"level":"info","message":"Model name poHeaderHIS","timestamp":"2026-08-23T15:41:18.649Z"}
{"level":"info","message":"Model name poLineHIS","timestamp":"2026-08-23T15:41:18.649Z"}
{"level":"info","message":"Model name receivingHeader","timestamp":"2026-08-23T15:41:18.649Z"}
{"level":"info","message":"Model name receivingLine","timestamp":"2026-08-23T15:41:18.649Z"}
{"level":"info","message":"Model name reservation","timestamp":"2026-08-23T15:41:18.649Z"}
{"level":"info","message":"Model name reservationLine","timestamp":"2026-08-23T15:41:18.649Z"}
{"level":"info","message":"Model name transferHeader","timestamp":"2026-08-23T15:41:18.649Z"}
{"level":"info","message":"Model name transferLine","timestamp":"2026-08-23T15:41:18.649Z"}
{"level":"info","message":"Model name menuHeader","timestamp":"2026-08-23T15:41:18.650Z"}
{"level":"info","message":"Model name menuLine","timestamp":"2026-08-23T15:41:18.650Z"}
{"level":"info","message":"Model name MenuHeaderLines","timestamp":"2026-08-23T15:41:18.650Z"}
{"level":"info","message":"Model name webMenuHeader","timestamp":"2026-08-23T15:41:18.650Z"}
{"level":"info","message":"Model name QRResponse","timestamp":"2026-08-23T15:41:18.650Z"}
{"level":"info","message":"Associating table QRResponse with models","timestamp":"2026-08-23T15:41:18.650Z"}
{"level":"info","message":"Model name PaymentCallback","timestamp":"2026-08-23T15:41:18.651Z"}
{"level":"info","message":"Associating table PaymentCallback with models","timestamp":"2026-08-23T15:41:18.651Z"}
{"level":"info","message":"Model name Color","timestamp":"2026-08-23T15:41:18.651Z"}
{"level":"info","message":"Associating table Color with models","timestamp":"2026-08-23T15:41:18.651Z"}
{"level":"info","message":"Model name Size","timestamp":"2026-08-23T15:41:18.654Z"}
{"level":"info","message":"Associating table Size with models","timestamp":"2026-08-23T15:41:18.654Z"}
{"level":"info","message":"Model name card","timestamp":"2026-08-23T15:41:18.655Z"}
{"level":"info","message":"Associating table Card with models","timestamp":"2026-08-23T15:41:18.656Z"}
{"level":"info","message":"Model name Transaction","timestamp":"2026-08-23T15:41:18.670Z"}
{"level":"info","message":"Model name glPostingBatch","timestamp":"2026-08-23T15:41:18.674Z"}
{"level":"info","message":"Model name gl","timestamp":"2026-08-23T15:41:18.675Z"}
{"level":"info","message":"Model name chartAccount","timestamp":"2026-08-23T15:41:18.675Z"}
{"level":"info","message":"Model name fixedAssetProduct","timestamp":"2026-08-23T15:41:18.675Z"}
{"level":"info","message":"Model name fixedAssetContract","timestamp":"2026-08-23T15:41:18.675Z"}
{"level":"info","message":"Model name fixedAssetDepreciation","timestamp":"2026-08-23T15:41:18.675Z"}
{"level":"info","message":"Model name apPaymentHeader","timestamp":"2026-08-23T15:41:18.675Z"}
{"level":"info","message":"Model name arReceiveHeader","timestamp":"2026-08-23T15:41:18.675Z"}
{"level":"info","message":"Model name payment","timestamp":"2026-08-23T15:41:18.675Z"}
{"level":"info","message":"Model name bank","timestamp":"2026-08-23T15:41:18.675Z"}
{"level":"info","message":"Model name bankAccount","timestamp":"2026-08-23T15:41:18.675Z"}
{"level":"info","message":"Associating table Bank with models","timestamp":"2026-08-23T15:41:18.675Z"}
{"level":"info","message":"Model name ministry","timestamp":"2026-08-23T15:41:18.676Z"}
{"level":"info","message":"Model name moneySettlement","timestamp":"2026-08-23T15:41:18.678Z"}
{"level":"info","message":"Model name moneyAdvanceAudit","timestamp":"2026-08-23T15:41:18.679Z"}
{"level":"info","message":"Associating table MoneyAdvanceAudit with models","timestamp":"2026-08-23T15:41:18.679Z"}
{"level":"info","message":"Model name moneyAdvance","timestamp":"2026-08-23T15:41:18.680Z"}
{"level":"info","message":"Associating table MoneyAdvance with models","timestamp":"2026-08-23T15:41:18.680Z"}
{"level":"info","message":"Model name AccountStatement","timestamp":"2026-08-23T15:41:18.682Z"}
{"level":"info","message":"Associating table AccountStatement with models","timestamp":"2026-08-23T15:41:18.682Z"}
{"level":"info","message":"Model name Project","timestamp":"2026-08-23T15:41:18.682Z"}
{"level":"info","message":"Model name ProjectBudget","timestamp":"2026-08-23T15:41:18.683Z"}
{"level":"info","message":"Model name ProjectContract","timestamp":"2026-08-23T15:41:18.683Z"}
{"level":"info","message":"Model name ProjectInvoice","timestamp":"2026-08-23T15:41:18.684Z"}
{"level":"info","message":"Model name WithdrawalApplication","timestamp":"2026-08-23T15:41:18.685Z"}
{"level":"info","message":"Model name revenue_target","timestamp":"2026-08-23T15:41:18.685Z"}
{"level":"info","message":"Model name apInvoice","timestamp":"2026-08-23T15:41:18.686Z"}
{"level":"info","message":"Associating table APInvoice with models","timestamp":"2026-08-23T15:41:18.686Z"}
{"level":"info","message":"Model name apInvoiceAudit","timestamp":"2026-08-23T15:41:18.689Z"}
{"level":"info","message":"Associating table APInvoiceAudit with models","timestamp":"2026-08-23T15:41:18.689Z"}
{"level":"info","message":"Model name invoiceLineItem","timestamp":"2026-08-23T15:41:18.689Z"}
{"level":"info","message":"Associating table InvoiceLineItem with models","timestamp":"2026-08-23T15:41:18.689Z"}
{"level":"info","message":"Model name apInvoiceSettlement","timestamp":"2026-08-23T15:41:18.690Z"}
{"level":"info","message":"Associating table APInvoiceSettlement with models","timestamp":"2026-08-23T15:41:18.691Z"}
{"level":"info","message":"Model name apSettlementAudit","timestamp":"2026-08-23T15:41:18.693Z"}
{"level":"info","message":"Associating table APSettlementAudit with models","timestamp":"2026-08-23T15:41:18.693Z"}
{"level":"info","message":"Model name apInvoiceSettlementLine","timestamp":"2026-08-23T15:41:18.693Z"}
{"level":"info","message":"Associating InvoiceSettlementLine with models","timestamp":"2026-08-23T15:41:18.693Z"}
{"level":"info","message":"Model name arInvoiceHeader","timestamp":"2026-08-23T15:41:18.695Z"}
{"level":"info","message":"Associating table ARInvoiceHeader with models","timestamp":"2026-08-23T15:41:18.695Z"}
{"level":"info","message":"Model name arInvoiceHeaderAudit","timestamp":"2026-08-23T15:41:18.700Z"}
{"level":"info","message":"Associating table ARInvoiceHeaderAudit with models","timestamp":"2026-08-23T15:41:18.701Z"}
{"level":"info","message":"Model name arInvoiceLine","timestamp":"2026-08-23T15:41:18.701Z"}
{"level":"info","message":"Associating table InvoiceLine with models","timestamp":"2026-08-23T15:41:18.701Z"}
{"level":"info","message":"Model name arReceiveHeaderV2","timestamp":"2026-08-23T15:41:18.704Z"}
{"level":"info","message":"Associating table ARReceiveHeader with models","timestamp":"2026-08-23T15:41:18.705Z"}
{"level":"info","message":"Model name arReceiveHeaderAudit","timestamp":"2026-08-23T15:41:18.709Z"}
{"level":"info","message":"Associating table ARReceiveHeaderAudit with models","timestamp":"2026-08-23T15:41:18.709Z"}
{"level":"info","message":"Model name arReceiveLine","timestamp":"2026-08-23T15:41:18.710Z"}
{"level":"info","message":"Associating table ReceiveLine with models","timestamp":"2026-08-23T15:41:18.710Z"}
{"level":"info","message":"Model name vendor","timestamp":"2026-08-23T15:41:18.711Z"}
{"level":"info","message":"Model name shipping","timestamp":"2026-08-23T15:41:18.711Z"}
{"level":"info","message":"Model name shipping_order","timestamp":"2026-08-23T15:41:18.711Z"}
{"level":"info","message":"Model name shipping_checkout_batch","timestamp":"2026-08-23T15:41:18.711Z"}
{"level":"info","message":"Model name service","timestamp":"2026-08-23T15:41:18.711Z"}
{"level":"info","message":"Model name authority","timestamp":"2026-08-23T15:41:18.711Z"}
{"level":"info","message":"Model name terminal","timestamp":"2026-08-23T15:41:18.711Z"}
{"level":"info","message":"Model name terminalAudit","timestamp":"2026-08-23T15:41:18.712Z"}
{"level":"info","message":"Associating table TerminalAudit with models","timestamp":"2026-08-23T15:41:18.712Z"}
{"level":"info","message":"Model name campaign","timestamp":"2026-08-23T15:41:18.712Z"}
{"level":"info","message":"Model name campaignEntry","timestamp":"2026-08-23T15:41:18.713Z"}
{"level":"info","message":"Model name rider","timestamp":"2026-08-23T15:41:18.713Z"}
{"level":"info","message":"Model name outlet","timestamp":"2026-08-23T15:41:18.713Z"}
{"level":"info","message":"Model name geography","timestamp":"2026-08-23T15:41:18.713Z"}
{"level":"info","message":"Model name country","timestamp":"2026-08-23T15:41:18.713Z"}
{"level":"info","message":"Model name village","timestamp":"2026-08-23T15:41:18.713Z"}
{"level":"info","message":"Model name district","timestamp":"2026-08-23T15:41:18.714Z"}
{"level":"info","message":"Model name accountDailyBalance","timestamp":"2026-08-23T15:41:18.714Z"}
{"level":"info","message":"Model name businessDate","timestamp":"2026-08-23T15:41:18.715Z"}
{"level":"info","message":"Model name cifCustomer","timestamp":"2026-08-23T15:41:18.715Z"}
{"level":"info","message":"Model name microfinanceGroup","timestamp":"2026-08-23T15:41:18.719Z"}
{"level":"info","message":"Model name mfCollateral","timestamp":"2026-08-23T15:41:18.721Z"}
{"level":"info","message":"Model name mfLoanProduct","timestamp":"2026-08-23T15:41:18.722Z"}
{"level":"info","message":"Model name mfLoanAccount","timestamp":"2026-08-23T15:41:18.723Z"}
{"level":"info","message":"Model name mfRepaymentSchedule","timestamp":"2026-08-23T15:41:18.724Z"}
{"level":"info","message":"Model name mfJournalEntry","timestamp":"2026-08-23T15:41:18.724Z"}
{"level":"info","message":"Model name tuturial","timestamp":"2026-08-23T15:41:18.725Z"}
{"level":"info","message":"tutorial_db Connection established","timestamp":"2026-08-23T15:41:18.862Z"}
{"level":"info","message":"client_db Connection established","timestamp":"2026-08-23T15:41:18.874Z"}
{"level":"info","message":"Hello, Winston!","timestamp":"2026-08-23T15:41:39.340Z"}
{"level":"warn","message":"This is a warning message.","timestamp":"2026-08-23T15:41:39.344Z"}
{"level":"error","message":"This is an error message.","timestamp":"2026-08-23T15:41:39.345Z"}
{"level":"info","message":"This is an information message.","timestamp":"2026-08-23T15:41:39.345Z"}
{"ip":"192.168.1.1","level":"info","message":"User logged in","timestamp":"2026-08-23T15:41:39.347Z","username":"johndoe"}
{"level":"info","message":"Model name sequelize","timestamp":"2026-08-23T15:41:39.786Z"}
{"level":"info","message":"Model name Sequelize","timestamp":"2026-08-23T15:41:39.788Z"}
{"level":"info","message":"Model name centralSequelize","timestamp":"2026-08-23T15:41:39.788Z"}
{"level":"info","message":"Model name spf","timestamp":"2026-08-23T15:41:39.789Z"}
{"level":"info","message":"Model name client","timestamp":"2026-08-23T15:41:39.789Z"}
{"level":"info","message":"Model name clientAudit","timestamp":"2026-08-23T15:41:39.794Z"}
{"level":"info","message":"Associating table ClientAudit with models","timestamp":"2026-08-23T15:41:39.796Z"}
{"level":"info","message":"Model name group","timestamp":"2026-08-23T15:41:39.800Z"}
{"level":"info","message":"Model name GroupMenuHeader","timestamp":"2026-08-23T15:41:39.802Z"}
{"level":"info","message":"Model name role","timestamp":"2026-08-23T15:41:39.803Z"}
{"level":"info","message":"Model name user","timestamp":"2026-08-23T15:41:39.808Z"}
{"level":"info","message":"Model name Agency","timestamp":"2026-08-23T15:41:39.812Z"}
{"level":"info","message":"Associating table Agency with models","timestamp":"2026-08-23T15:41:39.813Z"}
{"level":"info","message":"Model name Applicant","timestamp":"2026-08-23T15:41:39.817Z"}
{"level":"info","message":"Associating table Applicant with models","timestamp":"2026-08-23T15:41:39.820Z"}
{"level":"info","message":"Model name MOU","timestamp":"2026-08-23T15:41:39.833Z"}
{"level":"info","message":"Associating table Job with models","timestamp":"2026-08-23T15:41:39.837Z"}
{"level":"info","message":"Model name jobAdvertise","timestamp":"2026-08-23T15:41:39.860Z"}
{"level":"info","message":"Associating table JobAdvertise with models","timestamp":"2026-08-23T15:41:39.870Z"}
{"level":"info","message":"Model name JobBatch","timestamp":"2026-08-23T15:41:39.872Z"}
{"level":"info","message":"Associating table JobBatch with models","timestamp":"2026-08-23T15:41:39.874Z"}
{"level":"info","message":"Model name benefit","timestamp":"2026-08-23T15:41:39.888Z"}
{"level":"info","message":"Associating table Benefit with models","timestamp":"2026-08-23T15:41:39.892Z"}
{"level":"info","message":"Model name company","timestamp":"2026-08-23T15:41:39.898Z"}
{"level":"info","message":"Model name location","timestamp":"2026-08-23T15:41:39.907Z"}
{"level":"info","message":"Model name currency","timestamp":"2026-08-23T15:41:39.907Z"}
{"level":"info","message":"Model name currencyAudit","timestamp":"2026-08-23T15:41:39.908Z"}
{"level":"info","message":"Associating table CurrencyAudit with models","timestamp":"2026-08-23T15:41:39.908Z"}
{"level":"info","message":"Model name unit","timestamp":"2026-08-23T15:41:39.910Z"}
{"level":"info","message":"Model name printerModel","timestamp":"2026-08-23T15:41:39.934Z"}
{"level":"info","message":"Model name stockTransactionModel","timestamp":"2026-08-23T15:41:39.940Z"}
{"level":"info","message":"Model name mainCategory","timestamp":"2026-08-23T15:41:39.947Z"}
{"level":"info","message":"Model name category","timestamp":"2026-08-23T15:41:39.947Z"}
{"level":"info","message":"Associating table Color with models","timestamp":"2026-08-23T15:41:39.947Z"}
{"level":"info","message":"Model name student","timestamp":"2026-08-23T15:41:39.947Z"}
{"level":"info","message":"Associating table Student with models","timestamp":"2026-08-23T15:41:39.947Z"}
{"level":"info","message":"Model name nfcCard","timestamp":"2026-08-23T15:41:39.957Z"}
{"level":"info","message":"Associating table NfcCard with models","timestamp":"2026-08-23T15:41:39.961Z"}
{"level":"info","message":"Model name academicYear","timestamp":"2026-08-23T15:41:39.963Z"}
{"level":"info","message":"Model name schoolClass","timestamp":"2026-08-23T15:41:39.963Z"}
{"level":"info","message":"Model name schoolRoom","timestamp":"2026-08-23T15:41:39.965Z"}
{"level":"info","message":"Model name feeItem","timestamp":"2026-08-23T15:41:39.966Z"}
{"level":"info","message":"Model name feeStructure","timestamp":"2026-08-23T15:41:39.966Z"}
{"level":"info","message":"Model name schoolInvoice","timestamp":"2026-08-23T15:41:39.969Z"}
{"level":"info","message":"Model name schoolInvoiceLine","timestamp":"2026-08-23T15:41:39.970Z"}
{"level":"info","message":"Model name schoolPayment","timestamp":"2026-08-23T15:41:39.971Z"}
{"level":"info","message":"Model name cashierShift","timestamp":"2026-08-23T15:41:39.983Z"}
{"level":"info","message":"Model name transactionEntry","timestamp":"2026-08-23T15:41:39.986Z"}
{"level":"info","message":"Associating table TransactionEntry","timestamp":"2026-08-23T15:41:39.990Z"}
{"level":"info","message":"Model name tax","timestamp":"2026-08-23T15:41:39.996Z"}
{"level":"info","message":"Model name product","timestamp":"2026-08-23T15:41:39.996Z"}
{"level":"info","message":"Model name productAudit","timestamp":"2026-08-23T15:41:40.024Z"}
{"level":"info","message":"Associating table ProductAudit with models","timestamp":"2026-08-23T15:41:40.024Z"}
{"level":"info","message":"Model name productTemp","timestamp":"2026-08-23T15:41:40.024Z"}
{"level":"info","message":"Model name productSize","timestamp":"2026-08-23T15:41:40.025Z"}
{"level":"info","message":"Model name productUnit","timestamp":"2026-08-23T15:41:40.025Z"}
{"level":"info","message":"Model name image","timestamp":"2026-08-23T15:41:40.033Z"}
{"level":"info","message":"Associating table IMAGE with models","timestamp":"2026-08-23T15:41:40.034Z"}
{"level":"info","message":"Model name priceList","timestamp":"2026-08-23T15:41:40.035Z"}
{"level":"info","message":"Model name webProductGroup","timestamp":"2026-08-23T15:41:40.035Z"}
{"level":"info","message":"Model name ProductOptionGroup","timestamp":"2026-08-23T15:41:40.035Z"}
{"level":"info","message":"Model name ProductOption","timestamp":"2026-08-23T15:41:40.037Z"}
{"level":"info","message":"Model name customer","timestamp":"2026-08-23T15:41:40.039Z"}
{"level":"info","message":"Model name order","timestamp":"2026-08-23T15:41:40.039Z"}
{"level":"info","message":"Model name orderHIS","timestamp":"2026-08-23T15:41:40.039Z"}
{"level":"info","message":"Model name orderTable","timestamp":"2026-08-23T15:41:40.039Z"}
{"level":"info","message":"Model name recipe","timestamp":"2026-08-23T15:41:40.039Z"}
{"level":"info","message":"Model name table","timestamp":"2026-08-23T15:41:40.040Z"}
{"level":"info","message":"Model name ticket","timestamp":"2026-08-23T15:41:40.041Z"}
{"level":"info","message":"Model name promotion","timestamp":"2026-08-23T15:41:40.044Z"}
{"level":"info","message":"Model name ticketLine","timestamp":"2026-08-23T15:41:40.048Z"}
{"level":"info","message":"Model name MemberOffer","timestamp":"2026-08-23T15:41:40.058Z"}
{"level":"info","message":"Model name loyaltyTransaction","timestamp":"2026-08-23T15:41:40.058Z"}
{"level":"info","message":"Model name washjob","timestamp":"2026-08-23T15:41:40.059Z"}
{"level":"info","message":"Model name washjobHis","timestamp":"2026-08-23T15:41:40.059Z"}
{"level":"info","message":"Model name washjobline","timestamp":"2026-08-23T15:41:40.059Z"}
{"level":"info","message":"Model name QRRequest","timestamp":"2026-08-23T15:41:40.059Z"}
{"level":"info","message":"Associating table QRRequest with models","timestamp":"2026-08-23T15:41:40.059Z"}
{"level":"info","message":"Model name saleHeader","timestamp":"2026-08-23T15:41:40.060Z"}
{"level":"info","message":"Model name salePayment","timestamp":"2026-08-23T15:41:40.074Z"}
{"level":"info","message":"Model name saleLine","timestamp":"2026-08-23T15:41:40.078Z"}
{"level":"info","message":"Associating table SaleLine with models","timestamp":"2026-08-23T15:41:40.078Z"}
{"level":"info","message":"Model name quotationHeader","timestamp":"2026-08-23T15:41:40.081Z"}
{"level":"info","message":"Model name quotationLine","timestamp":"2026-08-23T15:41:40.081Z"}
{"level":"info","message":"Associating table QuotationLine with models","timestamp":"2026-08-23T15:41:40.081Z"}
{"level":"info","message":"Model name poHeader","timestamp":"2026-08-23T15:41:40.081Z"}
{"level":"info","message":"Model name poLine","timestamp":"2026-08-23T15:41:40.082Z"}
{"level":"info","message":"Model name poHeaderHIS","timestamp":"2026-08-23T15:41:40.082Z"}
{"level":"info","message":"Model name poLineHIS","timestamp":"2026-08-23T15:41:40.082Z"}
{"level":"info","message":"Model name receivingHeader","timestamp":"2026-08-23T15:41:40.082Z"}
{"level":"info","message":"Model name receivingLine","timestamp":"2026-08-23T15:41:40.082Z"}
{"level":"info","message":"Model name reservation","timestamp":"2026-08-23T15:41:40.082Z"}
{"level":"info","message":"Model name reservationLine","timestamp":"2026-08-23T15:41:40.082Z"}
{"level":"info","message":"Model name transferHeader","timestamp":"2026-08-23T15:41:40.082Z"}
{"level":"info","message":"Model name transferLine","timestamp":"2026-08-23T15:41:40.082Z"}
{"level":"info","message":"Model name menuHeader","timestamp":"2026-08-23T15:41:40.082Z"}
{"level":"info","message":"Model name menuLine","timestamp":"2026-08-23T15:41:40.082Z"}
{"level":"info","message":"Model name MenuHeaderLines","timestamp":"2026-08-23T15:41:40.082Z"}
{"level":"info","message":"Model name webMenuHeader","timestamp":"2026-08-23T15:41:40.082Z"}
{"level":"info","message":"Model name QRResponse","timestamp":"2026-08-23T15:41:40.082Z"}
{"level":"info","message":"Associating table QRResponse with models","timestamp":"2026-08-23T15:41:40.082Z"}
{"level":"info","message":"Model name PaymentCallback","timestamp":"2026-08-23T15:41:40.083Z"}
{"level":"info","message":"Associating table PaymentCallback with models","timestamp":"2026-08-23T15:41:40.083Z"}
{"level":"info","message":"Model name Color","timestamp":"2026-08-23T15:41:40.083Z"}
{"level":"info","message":"Associating table Color with models","timestamp":"2026-08-23T15:41:40.083Z"}
{"level":"info","message":"Model name Size","timestamp":"2026-08-23T15:41:40.084Z"}
{"level":"info","message":"Associating table Size with models","timestamp":"2026-08-23T15:41:40.084Z"}
{"level":"info","message":"Model name card","timestamp":"2026-08-23T15:41:40.085Z"}
{"level":"info","message":"Associating table Card with models","timestamp":"2026-08-23T15:41:40.085Z"}
{"level":"info","message":"Model name Transaction","timestamp":"2026-08-23T15:41:40.096Z"}
{"level":"info","message":"Model name glPostingBatch","timestamp":"2026-08-23T15:41:40.100Z"}
{"level":"info","message":"Model name gl","timestamp":"2026-08-23T15:41:40.100Z"}
{"level":"info","message":"Model name chartAccount","timestamp":"2026-08-23T15:41:40.100Z"}
{"level":"info","message":"Model name fixedAssetProduct","timestamp":"2026-08-23T15:41:40.100Z"}
{"level":"info","message":"Model name fixedAssetContract","timestamp":"2026-08-23T15:41:40.100Z"}
{"level":"info","message":"Model name fixedAssetDepreciation","timestamp":"2026-08-23T15:41:40.100Z"}
{"level":"info","message":"Model name apPaymentHeader","timestamp":"2026-08-23T15:41:40.100Z"}
{"level":"info","message":"Model name arReceiveHeader","timestamp":"2026-08-23T15:41:40.100Z"}
{"level":"info","message":"Model name payment","timestamp":"2026-08-23T15:41:40.100Z"}
{"level":"info","message":"Model name bank","timestamp":"2026-08-23T15:41:40.100Z"}
{"level":"info","message":"Model name bankAccount","timestamp":"2026-08-23T15:41:40.100Z"}
{"level":"info","message":"Associating table Bank with models","timestamp":"2026-08-23T15:41:40.100Z"}
{"level":"info","message":"Model name ministry","timestamp":"2026-08-23T15:41:40.101Z"}
{"level":"info","message":"Model name moneySettlement","timestamp":"2026-08-23T15:41:40.103Z"}
{"level":"info","message":"Model name moneyAdvanceAudit","timestamp":"2026-08-23T15:41:40.105Z"}
{"level":"info","message":"Associating table MoneyAdvanceAudit with models","timestamp":"2026-08-23T15:41:40.105Z"}
{"level":"info","message":"Model name moneyAdvance","timestamp":"2026-08-23T15:41:40.105Z"}
{"level":"info","message":"Associating table MoneyAdvance with models","timestamp":"2026-08-23T15:41:40.106Z"}
{"level":"info","message":"Model name AccountStatement","timestamp":"2026-08-23T15:41:40.108Z"}
{"level":"info","message":"Associating table AccountStatement with models","timestamp":"2026-08-23T15:41:40.108Z"}
{"level":"info","message":"Model name Project","timestamp":"2026-08-23T15:41:40.108Z"}
{"level":"info","message":"Model name ProjectBudget","timestamp":"2026-08-23T15:41:40.109Z"}
{"level":"info","message":"Model name ProjectContract","timestamp":"2026-08-23T15:41:40.110Z"}
{"level":"info","message":"Model name ProjectInvoice","timestamp":"2026-08-23T15:41:40.111Z"}
{"level":"info","message":"Model name WithdrawalApplication","timestamp":"2026-08-23T15:41:40.116Z"}
{"level":"info","message":"Model name revenue_target","timestamp":"2026-08-23T15:41:40.121Z"}
{"level":"info","message":"Model name apInvoice","timestamp":"2026-08-23T15:41:40.122Z"}
{"level":"info","message":"Associating table APInvoice with models","timestamp":"2026-08-23T15:41:40.122Z"}
{"level":"info","message":"Model name apInvoiceAudit","timestamp":"2026-08-23T15:41:40.125Z"}
{"level":"info","message":"Associating table APInvoiceAudit with models","timestamp":"2026-08-23T15:41:40.125Z"}
{"level":"info","message":"Model name invoiceLineItem","timestamp":"2026-08-23T15:41:40.125Z"}
{"level":"info","message":"Associating table InvoiceLineItem with models","timestamp":"2026-08-23T15:41:40.125Z"}
{"level":"info","message":"Model name apInvoiceSettlement","timestamp":"2026-08-23T15:41:40.127Z"}
{"level":"info","message":"Associating table APInvoiceSettlement with models","timestamp":"2026-08-23T15:41:40.127Z"}
{"level":"info","message":"Model name apSettlementAudit","timestamp":"2026-08-23T15:41:40.129Z"}
{"level":"info","message":"Associating table APSettlementAudit with models","timestamp":"2026-08-23T15:41:40.129Z"}
{"level":"info","message":"Model name apInvoiceSettlementLine","timestamp":"2026-08-23T15:41:40.129Z"}
{"level":"info","message":"Associating InvoiceSettlementLine with models","timestamp":"2026-08-23T15:41:40.130Z"}
{"level":"info","message":"Model name arInvoiceHeader","timestamp":"2026-08-23T15:41:40.132Z"}
{"level":"info","message":"Associating table ARInvoiceHeader with models","timestamp":"2026-08-23T15:41:40.132Z"}
{"level":"info","message":"Model name arInvoiceHeaderAudit","timestamp":"2026-08-23T15:41:40.143Z"}
{"level":"info","message":"Associating table ARInvoiceHeaderAudit with models","timestamp":"2026-08-23T15:41:40.147Z"}
{"level":"info","message":"Model name arInvoiceLine","timestamp":"2026-08-23T15:41:40.153Z"}
{"level":"info","message":"Associating table InvoiceLine with models","timestamp":"2026-08-23T15:41:40.157Z"}
{"level":"info","message":"Model name arReceiveHeaderV2","timestamp":"2026-08-23T15:41:40.164Z"}
{"level":"info","message":"Associating table ARReceiveHeader with models","timestamp":"2026-08-23T15:41:40.164Z"}
{"level":"info","message":"Model name arReceiveHeaderAudit","timestamp":"2026-08-23T15:41:40.167Z"}
{"level":"info","message":"Associating table ARReceiveHeaderAudit with models","timestamp":"2026-08-23T15:41:40.167Z"}
{"level":"info","message":"Model name arReceiveLine","timestamp":"2026-08-23T15:41:40.168Z"}
{"level":"info","message":"Associating table ReceiveLine with models","timestamp":"2026-08-23T15:41:40.168Z"}
{"level":"info","message":"Model name vendor","timestamp":"2026-08-23T15:41:40.169Z"}
{"level":"info","message":"Model name shipping","timestamp":"2026-08-23T15:41:40.169Z"}
{"level":"info","message":"Model name shipping_order","timestamp":"2026-08-23T15:41:40.169Z"}
{"level":"info","message":"Model name shipping_checkout_batch","timestamp":"2026-08-23T15:41:40.169Z"}
{"level":"info","message":"Model name service","timestamp":"2026-08-23T15:41:40.169Z"}
{"level":"info","message":"Model name authority","timestamp":"2026-08-23T15:41:40.169Z"}
{"level":"info","message":"Model name terminal","timestamp":"2026-08-23T15:41:40.169Z"}
{"level":"info","message":"Model name terminalAudit","timestamp":"2026-08-23T15:41:40.170Z"}
{"level":"info","message":"Associating table TerminalAudit with models","timestamp":"2026-08-23T15:41:40.170Z"}
{"level":"info","message":"Model name campaign","timestamp":"2026-08-23T15:41:40.170Z"}
{"level":"info","message":"Model name campaignEntry","timestamp":"2026-08-23T15:41:40.170Z"}
{"level":"info","message":"Model name rider","timestamp":"2026-08-23T15:41:40.170Z"}
{"level":"info","message":"Model name outlet","timestamp":"2026-08-23T15:41:40.170Z"}
{"level":"info","message":"Model name geography","timestamp":"2026-08-23T15:41:40.170Z"}
{"level":"info","message":"Model name country","timestamp":"2026-08-23T15:41:40.170Z"}
{"level":"info","message":"Model name village","timestamp":"2026-08-23T15:41:40.170Z"}
{"level":"info","message":"Model name district","timestamp":"2026-08-23T15:41:40.176Z"}
{"level":"info","message":"Model name accountDailyBalance","timestamp":"2026-08-23T15:41:40.180Z"}
{"level":"info","message":"Model name businessDate","timestamp":"2026-08-23T15:41:40.180Z"}
{"level":"info","message":"Model name cifCustomer","timestamp":"2026-08-23T15:41:40.180Z"}
{"level":"info","message":"Model name microfinanceGroup","timestamp":"2026-08-23T15:41:40.188Z"}
{"level":"info","message":"Model name mfCollateral","timestamp":"2026-08-23T15:41:40.193Z"}
{"level":"info","message":"Model name mfLoanProduct","timestamp":"2026-08-23T15:41:40.194Z"}
{"level":"info","message":"Model name mfLoanAccount","timestamp":"2026-08-23T15:41:40.195Z"}
{"level":"info","message":"Model name mfRepaymentSchedule","timestamp":"2026-08-23T15:41:40.196Z"}
{"level":"info","message":"Model name mfJournalEntry","timestamp":"2026-08-23T15:41:40.196Z"}
{"level":"info","message":"Model name tuturial","timestamp":"2026-08-23T15:41:40.197Z"}
{"level":"info","message":"client_db Connection established","timestamp":"2026-08-23T15:41:40.352Z"}
{"level":"info","message":"tutorial_db Connection established","timestamp":"2026-08-23T15:41:40.398Z"}
{"level":"info","message":"Hello, Winston!","timestamp":"2026-08-23T15:41:58.901Z"}
{"level":"warn","message":"This is a warning message.","timestamp":"2026-08-23T15:41:58.905Z"}
{"level":"error","message":"This is an error message.","timestamp":"2026-08-23T15:41:58.906Z"}
{"level":"info","message":"This is an information message.","timestamp":"2026-08-23T15:41:58.907Z"}
{"ip":"192.168.1.1","level":"info","message":"User logged in","timestamp":"2026-08-23T15:41:58.908Z","username":"johndoe"}
{"level":"info","message":"Model name sequelize","timestamp":"2026-08-23T15:41:59.449Z"}
{"level":"info","message":"Model name Sequelize","timestamp":"2026-08-23T15:41:59.450Z"}
{"level":"info","message":"Model name centralSequelize","timestamp":"2026-08-23T15:41:59.450Z"}
{"level":"info","message":"Model name spf","timestamp":"2026-08-23T15:41:59.451Z"}
{"level":"info","message":"Model name client","timestamp":"2026-08-23T15:41:59.452Z"}
{"level":"info","message":"Model name clientAudit","timestamp":"2026-08-23T15:41:59.457Z"}
{"level":"info","message":"Associating table ClientAudit with models","timestamp":"2026-08-23T15:41:59.458Z"}
{"level":"info","message":"Model name group","timestamp":"2026-08-23T15:41:59.462Z"}
{"level":"info","message":"Model name GroupMenuHeader","timestamp":"2026-08-23T15:41:59.464Z"}
{"level":"info","message":"Model name role","timestamp":"2026-08-23T15:41:59.465Z"}
{"level":"info","message":"Model name user","timestamp":"2026-08-23T15:41:59.470Z"}
{"level":"info","message":"Model name Agency","timestamp":"2026-08-23T15:41:59.473Z"}
{"level":"info","message":"Associating table Agency with models","timestamp":"2026-08-23T15:41:59.475Z"}
{"level":"info","message":"Model name Applicant","timestamp":"2026-08-23T15:41:59.478Z"}
{"level":"info","message":"Associating table Applicant with models","timestamp":"2026-08-23T15:41:59.481Z"}
{"level":"info","message":"Model name MOU","timestamp":"2026-08-23T15:41:59.493Z"}
{"level":"info","message":"Associating table Job with models","timestamp":"2026-08-23T15:41:59.497Z"}
{"level":"info","message":"Model name jobAdvertise","timestamp":"2026-08-23T15:41:59.517Z"}
{"level":"info","message":"Associating table JobAdvertise with models","timestamp":"2026-08-23T15:41:59.521Z"}
{"level":"info","message":"Model name JobBatch","timestamp":"2026-08-23T15:41:59.523Z"}
{"level":"info","message":"Associating table JobBatch with models","timestamp":"2026-08-23T15:41:59.526Z"}
{"level":"info","message":"Model name benefit","timestamp":"2026-08-23T15:41:59.536Z"}
{"level":"info","message":"Associating table Benefit with models","timestamp":"2026-08-23T15:41:59.539Z"}
{"level":"info","message":"Model name company","timestamp":"2026-08-23T15:41:59.543Z"}
{"level":"info","message":"Model name location","timestamp":"2026-08-23T15:41:59.546Z"}
{"level":"info","message":"Model name currency","timestamp":"2026-08-23T15:41:59.546Z"}
{"level":"info","message":"Model name currencyAudit","timestamp":"2026-08-23T15:41:59.548Z"}
{"level":"info","message":"Associating table CurrencyAudit with models","timestamp":"2026-08-23T15:41:59.548Z"}
{"level":"info","message":"Model name unit","timestamp":"2026-08-23T15:41:59.549Z"}
{"level":"info","message":"Model name printerModel","timestamp":"2026-08-23T15:41:59.560Z"}
{"level":"info","message":"Model name stockTransactionModel","timestamp":"2026-08-23T15:41:59.564Z"}
{"level":"info","message":"Model name mainCategory","timestamp":"2026-08-23T15:41:59.571Z"}
{"level":"info","message":"Model name category","timestamp":"2026-08-23T15:41:59.571Z"}
{"level":"info","message":"Associating table Color with models","timestamp":"2026-08-23T15:41:59.571Z"}
{"level":"info","message":"Model name student","timestamp":"2026-08-23T15:41:59.571Z"}
{"level":"info","message":"Associating table Student with models","timestamp":"2026-08-23T15:41:59.571Z"}
{"level":"info","message":"Model name nfcCard","timestamp":"2026-08-23T15:41:59.578Z"}
{"level":"info","message":"Associating table NfcCard with models","timestamp":"2026-08-23T15:41:59.581Z"}
{"level":"info","message":"Model name academicYear","timestamp":"2026-08-23T15:41:59.583Z"}
{"level":"info","message":"Model name schoolClass","timestamp":"2026-08-23T15:41:59.583Z"}
{"level":"info","message":"Model name schoolRoom","timestamp":"2026-08-23T15:41:59.584Z"}
{"level":"info","message":"Model name feeItem","timestamp":"2026-08-23T15:41:59.585Z"}
{"level":"info","message":"Model name feeStructure","timestamp":"2026-08-23T15:41:59.586Z"}
{"level":"info","message":"Model name schoolInvoice","timestamp":"2026-08-23T15:41:59.586Z"}
{"level":"info","message":"Model name schoolInvoiceLine","timestamp":"2026-08-23T15:41:59.587Z"}
{"level":"info","message":"Model name schoolPayment","timestamp":"2026-08-23T15:41:59.587Z"}
{"level":"info","message":"Model name cashierShift","timestamp":"2026-08-23T15:41:59.589Z"}
{"level":"info","message":"Model name transactionEntry","timestamp":"2026-08-23T15:41:59.590Z"}
{"level":"info","message":"Associating table TransactionEntry","timestamp":"2026-08-23T15:41:59.590Z"}
{"level":"info","message":"Model name tax","timestamp":"2026-08-23T15:41:59.591Z"}
{"level":"info","message":"Model name product","timestamp":"2026-08-23T15:41:59.591Z"}
{"level":"info","message":"Model name productAudit","timestamp":"2026-08-23T15:41:59.630Z"}
{"level":"info","message":"Associating table ProductAudit with models","timestamp":"2026-08-23T15:41:59.636Z"}
{"level":"info","message":"Model name productTemp","timestamp":"2026-08-23T15:41:59.637Z"}
{"level":"info","message":"Model name productSize","timestamp":"2026-08-23T15:41:59.637Z"}
{"level":"info","message":"Model name productUnit","timestamp":"2026-08-23T15:41:59.637Z"}
{"level":"info","message":"Model name image","timestamp":"2026-08-23T15:41:59.645Z"}
{"level":"info","message":"Associating table IMAGE with models","timestamp":"2026-08-23T15:41:59.646Z"}
{"level":"info","message":"Model name priceList","timestamp":"2026-08-23T15:41:59.647Z"}
{"level":"info","message":"Model name webProductGroup","timestamp":"2026-08-23T15:41:59.647Z"}
{"level":"info","message":"Model name ProductOptionGroup","timestamp":"2026-08-23T15:41:59.647Z"}
{"level":"info","message":"Model name ProductOption","timestamp":"2026-08-23T15:41:59.649Z"}
{"level":"info","message":"Model name customer","timestamp":"2026-08-23T15:41:59.650Z"}
{"level":"info","message":"Model name order","timestamp":"2026-08-23T15:41:59.650Z"}
{"level":"info","message":"Model name orderHIS","timestamp":"2026-08-23T15:41:59.650Z"}
{"level":"info","message":"Model name orderTable","timestamp":"2026-08-23T15:41:59.650Z"}
{"level":"info","message":"Model name recipe","timestamp":"2026-08-23T15:41:59.651Z"}
{"level":"info","message":"Model name table","timestamp":"2026-08-23T15:41:59.651Z"}
{"level":"info","message":"Model name ticket","timestamp":"2026-08-23T15:41:59.652Z"}
{"level":"info","message":"Model name promotion","timestamp":"2026-08-23T15:41:59.661Z"}
{"level":"info","message":"Model name ticketLine","timestamp":"2026-08-23T15:41:59.665Z"}
{"level":"info","message":"Model name MemberOffer","timestamp":"2026-08-23T15:41:59.667Z"}
{"level":"info","message":"Model name loyaltyTransaction","timestamp":"2026-08-23T15:41:59.668Z"}
{"level":"info","message":"Model name washjob","timestamp":"2026-08-23T15:41:59.668Z"}
{"level":"info","message":"Model name washjobHis","timestamp":"2026-08-23T15:41:59.668Z"}
{"level":"info","message":"Model name washjobline","timestamp":"2026-08-23T15:41:59.668Z"}
{"level":"info","message":"Model name QRRequest","timestamp":"2026-08-23T15:41:59.668Z"}
{"level":"info","message":"Associating table QRRequest with models","timestamp":"2026-08-23T15:41:59.668Z"}
{"level":"info","message":"Model name saleHeader","timestamp":"2026-08-23T15:41:59.669Z"}
{"level":"info","message":"Model name salePayment","timestamp":"2026-08-23T15:41:59.679Z"}
{"level":"info","message":"Model name saleLine","timestamp":"2026-08-23T15:41:59.683Z"}
{"level":"info","message":"Associating table SaleLine with models","timestamp":"2026-08-23T15:41:59.684Z"}
{"level":"info","message":"Model name quotationHeader","timestamp":"2026-08-23T15:41:59.691Z"}
{"level":"info","message":"Model name quotationLine","timestamp":"2026-08-23T15:41:59.694Z"}
{"level":"info","message":"Associating table QuotationLine with models","timestamp":"2026-08-23T15:41:59.695Z"}
{"level":"info","message":"Model name poHeader","timestamp":"2026-08-23T15:41:59.695Z"}
{"level":"info","message":"Model name poLine","timestamp":"2026-08-23T15:41:59.695Z"}
{"level":"info","message":"Model name poHeaderHIS","timestamp":"2026-08-23T15:41:59.695Z"}
{"level":"info","message":"Model name poLineHIS","timestamp":"2026-08-23T15:41:59.695Z"}
{"level":"info","message":"Model name receivingHeader","timestamp":"2026-08-23T15:41:59.695Z"}
{"level":"info","message":"Model name receivingLine","timestamp":"2026-08-23T15:41:59.695Z"}
{"level":"info","message":"Model name reservation","timestamp":"2026-08-23T15:41:59.695Z"}
{"level":"info","message":"Model name reservationLine","timestamp":"2026-08-23T15:41:59.695Z"}
{"level":"info","message":"Model name transferHeader","timestamp":"2026-08-23T15:41:59.695Z"}
{"level":"info","message":"Model name transferLine","timestamp":"2026-08-23T15:41:59.696Z"}
{"level":"info","message":"Model name menuHeader","timestamp":"2026-08-23T15:41:59.696Z"}
{"level":"info","message":"Model name menuLine","timestamp":"2026-08-23T15:41:59.696Z"}
{"level":"info","message":"Model name MenuHeaderLines","timestamp":"2026-08-23T15:41:59.696Z"}
{"level":"info","message":"Model name webMenuHeader","timestamp":"2026-08-23T15:41:59.696Z"}
{"level":"info","message":"Model name QRResponse","timestamp":"2026-08-23T15:41:59.696Z"}
{"level":"info","message":"Associating table QRResponse with models","timestamp":"2026-08-23T15:41:59.696Z"}
{"level":"info","message":"Model name PaymentCallback","timestamp":"2026-08-23T15:41:59.697Z"}
{"level":"info","message":"Associating table PaymentCallback with models","timestamp":"2026-08-23T15:41:59.697Z"}
{"level":"info","message":"Model name Color","timestamp":"2026-08-23T15:41:59.697Z"}
{"level":"info","message":"Associating table Color with models","timestamp":"2026-08-23T15:41:59.697Z"}
{"level":"info","message":"Model name Size","timestamp":"2026-08-23T15:41:59.700Z"}
{"level":"info","message":"Associating table Size with models","timestamp":"2026-08-23T15:41:59.700Z"}
{"level":"info","message":"Model name card","timestamp":"2026-08-23T15:41:59.701Z"}
{"level":"info","message":"Associating table Card with models","timestamp":"2026-08-23T15:41:59.701Z"}
{"level":"info","message":"Model name Transaction","timestamp":"2026-08-23T15:41:59.719Z"}
{"level":"info","message":"Model name glPostingBatch","timestamp":"2026-08-23T15:41:59.723Z"}
{"level":"info","message":"Model name gl","timestamp":"2026-08-23T15:41:59.723Z"}
{"level":"info","message":"Model name chartAccount","timestamp":"2026-08-23T15:41:59.723Z"}
{"level":"info","message":"Model name fixedAssetProduct","timestamp":"2026-08-23T15:41:59.723Z"}
{"level":"info","message":"Model name fixedAssetContract","timestamp":"2026-08-23T15:41:59.723Z"}
{"level":"info","message":"Model name fixedAssetDepreciation","timestamp":"2026-08-23T15:41:59.723Z"}
{"level":"info","message":"Model name apPaymentHeader","timestamp":"2026-08-23T15:41:59.723Z"}
{"level":"info","message":"Model name arReceiveHeader","timestamp":"2026-08-23T15:41:59.723Z"}
{"level":"info","message":"Model name payment","timestamp":"2026-08-23T15:41:59.723Z"}
{"level":"info","message":"Model name bank","timestamp":"2026-08-23T15:41:59.723Z"}
{"level":"info","message":"Model name bankAccount","timestamp":"2026-08-23T15:41:59.724Z"}
{"level":"info","message":"Associating table Bank with models","timestamp":"2026-08-23T15:41:59.724Z"}
{"level":"info","message":"Model name ministry","timestamp":"2026-08-23T15:41:59.724Z"}
{"level":"info","message":"Model name moneySettlement","timestamp":"2026-08-23T15:41:59.729Z"}
{"level":"info","message":"Model name moneyAdvanceAudit","timestamp":"2026-08-23T15:41:59.731Z"}
{"level":"info","message":"Associating table MoneyAdvanceAudit with models","timestamp":"2026-08-23T15:41:59.731Z"}
{"level":"info","message":"Model name moneyAdvance","timestamp":"2026-08-23T15:41:59.732Z"}
{"level":"info","message":"Associating table MoneyAdvance with models","timestamp":"2026-08-23T15:41:59.732Z"}
{"level":"info","message":"Model name AccountStatement","timestamp":"2026-08-23T15:41:59.735Z"}
{"level":"info","message":"Associating table AccountStatement with models","timestamp":"2026-08-23T15:41:59.735Z"}
{"level":"info","message":"Model name Project","timestamp":"2026-08-23T15:41:59.736Z"}
{"level":"info","message":"Model name ProjectBudget","timestamp":"2026-08-23T15:41:59.737Z"}
{"level":"info","message":"Model name ProjectContract","timestamp":"2026-08-23T15:41:59.737Z"}
{"level":"info","message":"Model name ProjectInvoice","timestamp":"2026-08-23T15:41:59.738Z"}
{"level":"info","message":"Model name WithdrawalApplication","timestamp":"2026-08-23T15:41:59.738Z"}
{"level":"info","message":"Model name revenue_target","timestamp":"2026-08-23T15:41:59.739Z"}
{"level":"info","message":"Model name apInvoice","timestamp":"2026-08-23T15:41:59.739Z"}
{"level":"info","message":"Associating table APInvoice with models","timestamp":"2026-08-23T15:41:59.740Z"}
{"level":"info","message":"Model name apInvoiceAudit","timestamp":"2026-08-23T15:41:59.742Z"}
{"level":"info","message":"Associating table APInvoiceAudit with models","timestamp":"2026-08-23T15:41:59.742Z"}
{"level":"info","message":"Model name invoiceLineItem","timestamp":"2026-08-23T15:41:59.743Z"}
{"level":"info","message":"Associating table InvoiceLineItem with models","timestamp":"2026-08-23T15:41:59.743Z"}
{"level":"info","message":"Model name apInvoiceSettlement","timestamp":"2026-08-23T15:41:59.745Z"}
{"level":"info","message":"Associating table APInvoiceSettlement with models","timestamp":"2026-08-23T15:41:59.746Z"}
{"level":"info","message":"Model name apSettlementAudit","timestamp":"2026-08-23T15:41:59.747Z"}
{"level":"info","message":"Associating table APSettlementAudit with models","timestamp":"2026-08-23T15:41:59.748Z"}
{"level":"info","message":"Model name apInvoiceSettlementLine","timestamp":"2026-08-23T15:41:59.748Z"}
{"level":"info","message":"Associating InvoiceSettlementLine with models","timestamp":"2026-08-23T15:41:59.748Z"}
{"level":"info","message":"Model name arInvoiceHeader","timestamp":"2026-08-23T15:41:59.751Z"}
{"level":"info","message":"Associating table ARInvoiceHeader with models","timestamp":"2026-08-23T15:41:59.751Z"}
{"level":"info","message":"Model name arInvoiceHeaderAudit","timestamp":"2026-08-23T15:41:59.761Z"}
{"level":"info","message":"Associating table ARInvoiceHeaderAudit with models","timestamp":"2026-08-23T15:41:59.764Z"}
{"level":"info","message":"Model name arInvoiceLine","timestamp":"2026-08-23T15:41:59.766Z"}
{"level":"info","message":"Associating table InvoiceLine with models","timestamp":"2026-08-23T15:41:59.766Z"}
{"level":"info","message":"Model name arReceiveHeaderV2","timestamp":"2026-08-23T15:41:59.768Z"}
{"level":"info","message":"Associating table ARReceiveHeader with models","timestamp":"2026-08-23T15:41:59.769Z"}
{"level":"info","message":"Model name arReceiveHeaderAudit","timestamp":"2026-08-23T15:41:59.772Z"}
{"level":"info","message":"Associating table ARReceiveHeaderAudit with models","timestamp":"2026-08-23T15:41:59.772Z"}
{"level":"info","message":"Model name arReceiveLine","timestamp":"2026-08-23T15:41:59.773Z"}
{"level":"info","message":"Associating table ReceiveLine with models","timestamp":"2026-08-23T15:41:59.773Z"}
{"level":"info","message":"Model name vendor","timestamp":"2026-08-23T15:41:59.775Z"}
{"level":"info","message":"Model name shipping","timestamp":"2026-08-23T15:41:59.775Z"}
{"level":"info","message":"Model name shipping_order","timestamp":"2026-08-23T15:41:59.775Z"}
{"level":"info","message":"Model name shipping_checkout_batch","timestamp":"2026-08-23T15:41:59.775Z"}
{"level":"info","message":"Model name service","timestamp":"2026-08-23T15:41:59.775Z"}
{"level":"info","message":"Model name authority","timestamp":"2026-08-23T15:41:59.775Z"}
{"level":"info","message":"Model name terminal","timestamp":"2026-08-23T15:41:59.775Z"}
{"level":"info","message":"Model name terminalAudit","timestamp":"2026-08-23T15:41:59.776Z"}
{"level":"info","message":"Associating table TerminalAudit with models","timestamp":"2026-08-23T15:41:59.776Z"}
{"level":"info","message":"Model name campaign","timestamp":"2026-08-23T15:41:59.776Z"}
{"level":"info","message":"Model name campaignEntry","timestamp":"2026-08-23T15:41:59.776Z"}
{"level":"info","message":"Model name rider","timestamp":"2026-08-23T15:41:59.776Z"}
{"level":"info","message":"Model name outlet","timestamp":"2026-08-23T15:41:59.776Z"}
{"level":"info","message":"Model name geography","timestamp":"2026-08-23T15:41:59.776Z"}
{"level":"info","message":"Model name country","timestamp":"2026-08-23T15:41:59.776Z"}
{"level":"info","message":"Model name village","timestamp":"2026-08-23T15:41:59.776Z"}
{"level":"info","message":"Model name district","timestamp":"2026-08-23T15:41:59.777Z"}
{"level":"info","message":"Model name accountDailyBalance","timestamp":"2026-08-23T15:41:59.778Z"}
{"level":"info","message":"Model name businessDate","timestamp":"2026-08-23T15:41:59.778Z"}
{"level":"info","message":"Model name cifCustomer","timestamp":"2026-08-23T15:41:59.778Z"}
{"level":"info","message":"Model name microfinanceGroup","timestamp":"2026-08-23T15:41:59.782Z"}
{"level":"info","message":"Model name mfCollateral","timestamp":"2026-08-23T15:41:59.784Z"}
{"level":"info","message":"Model name mfLoanProduct","timestamp":"2026-08-23T15:41:59.784Z"}
{"level":"info","message":"Model name mfLoanAccount","timestamp":"2026-08-23T15:41:59.785Z"}
{"level":"info","message":"Model name mfRepaymentSchedule","timestamp":"2026-08-23T15:41:59.786Z"}
{"level":"info","message":"Model name mfJournalEntry","timestamp":"2026-08-23T15:41:59.787Z"}
{"level":"info","message":"Model name tuturial","timestamp":"2026-08-23T15:41:59.787Z"}
{"level":"info","message":"client_db Connection established","timestamp":"2026-08-23T15:41:59.933Z"}
{"level":"info","message":"tutorial_db Connection established","timestamp":"2026-08-23T15:41:59.978Z"}
{"level":"info","message":"Hello, Winston!","timestamp":"2026-08-23T15:42:14.044Z"}
{"level":"warn","message":"This is a warning message.","timestamp":"2026-08-23T15:42:14.047Z"}
{"level":"error","message":"This is an error message.","timestamp":"2026-08-23T15:42:14.048Z"}
{"level":"info","message":"This is an information message.","timestamp":"2026-08-23T15:42:14.049Z"}
{"ip":"192.168.1.1","level":"info","message":"User logged in","timestamp":"2026-08-23T15:42:14.051Z","username":"johndoe"}
{"level":"info","message":"Model name sequelize","timestamp":"2026-08-23T15:42:14.484Z"}
{"level":"info","message":"Model name Sequelize","timestamp":"2026-08-23T15:42:14.485Z"}
{"level":"info","message":"Model name centralSequelize","timestamp":"2026-08-23T15:42:14.486Z"}
{"level":"info","message":"Model name spf","timestamp":"2026-08-23T15:42:14.486Z"}
{"level":"info","message":"Model name client","timestamp":"2026-08-23T15:42:14.487Z"}
{"level":"info","message":"Model name clientAudit","timestamp":"2026-08-23T15:42:14.492Z"}
{"level":"info","message":"Associating table ClientAudit with models","timestamp":"2026-08-23T15:42:14.493Z"}
{"level":"info","message":"Model name group","timestamp":"2026-08-23T15:42:14.497Z"}
{"level":"info","message":"Model name GroupMenuHeader","timestamp":"2026-08-23T15:42:14.499Z"}
{"level":"info","message":"Model name role","timestamp":"2026-08-23T15:42:14.500Z"}
{"level":"info","message":"Model name user","timestamp":"2026-08-23T15:42:14.505Z"}
{"level":"info","message":"Model name Agency","timestamp":"2026-08-23T15:42:14.508Z"}
{"level":"info","message":"Associating table Agency with models","timestamp":"2026-08-23T15:42:14.510Z"}
{"level":"info","message":"Model name Applicant","timestamp":"2026-08-23T15:42:14.513Z"}
{"level":"info","message":"Associating table Applicant with models","timestamp":"2026-08-23T15:42:14.516Z"}
{"level":"info","message":"Model name MOU","timestamp":"2026-08-23T15:42:14.528Z"}
{"level":"info","message":"Associating table Job with models","timestamp":"2026-08-23T15:42:14.531Z"}
{"level":"info","message":"Model name jobAdvertise","timestamp":"2026-08-23T15:42:14.550Z"}
{"level":"info","message":"Associating table JobAdvertise with models","timestamp":"2026-08-23T15:42:14.555Z"}
{"level":"info","message":"Model name JobBatch","timestamp":"2026-08-23T15:42:14.557Z"}
{"level":"info","message":"Associating table JobBatch with models","timestamp":"2026-08-23T15:42:14.559Z"}
{"level":"info","message":"Model name benefit","timestamp":"2026-08-23T15:42:14.569Z"}
{"level":"info","message":"Associating table Benefit with models","timestamp":"2026-08-23T15:42:14.572Z"}
{"level":"info","message":"Model name company","timestamp":"2026-08-23T15:42:14.576Z"}
{"level":"info","message":"Model name location","timestamp":"2026-08-23T15:42:14.579Z"}
{"level":"info","message":"Model name currency","timestamp":"2026-08-23T15:42:14.579Z"}
{"level":"info","message":"Model name currencyAudit","timestamp":"2026-08-23T15:42:14.580Z"}
{"level":"info","message":"Associating table CurrencyAudit with models","timestamp":"2026-08-23T15:42:14.581Z"}
{"level":"info","message":"Model name unit","timestamp":"2026-08-23T15:42:14.581Z"}
{"level":"info","message":"Model name printerModel","timestamp":"2026-08-23T15:42:14.591Z"}
{"level":"info","message":"Model name stockTransactionModel","timestamp":"2026-08-23T15:42:14.596Z"}
{"level":"info","message":"Model name mainCategory","timestamp":"2026-08-23T15:42:14.602Z"}
{"level":"info","message":"Model name category","timestamp":"2026-08-23T15:42:14.602Z"}
{"level":"info","message":"Associating table Color with models","timestamp":"2026-08-23T15:42:14.602Z"}
{"level":"info","message":"Model name student","timestamp":"2026-08-23T15:42:14.602Z"}
{"level":"info","message":"Associating table Student with models","timestamp":"2026-08-23T15:42:14.602Z"}
{"level":"info","message":"Model name nfcCard","timestamp":"2026-08-23T15:42:14.609Z"}
{"level":"info","message":"Associating table NfcCard with models","timestamp":"2026-08-23T15:42:14.613Z"}
{"level":"info","message":"Model name academicYear","timestamp":"2026-08-23T15:42:14.614Z"}
{"level":"info","message":"Model name schoolClass","timestamp":"2026-08-23T15:42:14.614Z"}
{"level":"info","message":"Model name schoolRoom","timestamp":"2026-08-23T15:42:14.616Z"}
{"level":"info","message":"Model name feeItem","timestamp":"2026-08-23T15:42:14.616Z"}
{"level":"info","message":"Model name feeStructure","timestamp":"2026-08-23T15:42:14.616Z"}
{"level":"info","message":"Model name schoolInvoice","timestamp":"2026-08-23T15:42:14.617Z"}
{"level":"info","message":"Model name schoolInvoiceLine","timestamp":"2026-08-23T15:42:14.618Z"}
{"level":"info","message":"Model name schoolPayment","timestamp":"2026-08-23T15:42:14.618Z"}
{"level":"info","message":"Model name cashierShift","timestamp":"2026-08-23T15:42:14.620Z"}
{"level":"info","message":"Model name transactionEntry","timestamp":"2026-08-23T15:42:14.621Z"}
{"level":"info","message":"Associating table TransactionEntry","timestamp":"2026-08-23T15:42:14.621Z"}
{"level":"info","message":"Model name tax","timestamp":"2026-08-23T15:42:14.621Z"}
{"level":"info","message":"Model name product","timestamp":"2026-08-23T15:42:14.622Z"}
{"level":"info","message":"Model name productAudit","timestamp":"2026-08-23T15:42:14.658Z"}
{"level":"info","message":"Associating table ProductAudit with models","timestamp":"2026-08-23T15:42:14.664Z"}
{"level":"info","message":"Model name productTemp","timestamp":"2026-08-23T15:42:14.666Z"}
{"level":"info","message":"Model name productSize","timestamp":"2026-08-23T15:42:14.666Z"}
{"level":"info","message":"Model name productUnit","timestamp":"2026-08-23T15:42:14.666Z"}
{"level":"info","message":"Model name image","timestamp":"2026-08-23T15:42:14.674Z"}
{"level":"info","message":"Associating table IMAGE with models","timestamp":"2026-08-23T15:42:14.675Z"}
{"level":"info","message":"Model name priceList","timestamp":"2026-08-23T15:42:14.676Z"}
{"level":"info","message":"Model name webProductGroup","timestamp":"2026-08-23T15:42:14.676Z"}
{"level":"info","message":"Model name ProductOptionGroup","timestamp":"2026-08-23T15:42:14.676Z"}
{"level":"info","message":"Model name ProductOption","timestamp":"2026-08-23T15:42:14.679Z"}
{"level":"info","message":"Model name customer","timestamp":"2026-08-23T15:42:14.679Z"}
{"level":"info","message":"Model name order","timestamp":"2026-08-23T15:42:14.679Z"}
{"level":"info","message":"Model name orderHIS","timestamp":"2026-08-23T15:42:14.679Z"}
{"level":"info","message":"Model name orderTable","timestamp":"2026-08-23T15:42:14.679Z"}
{"level":"info","message":"Model name recipe","timestamp":"2026-08-23T15:42:14.679Z"}
{"level":"info","message":"Model name table","timestamp":"2026-08-23T15:42:14.680Z"}
{"level":"info","message":"Model name ticket","timestamp":"2026-08-23T15:42:14.685Z"}
{"level":"info","message":"Model name promotion","timestamp":"2026-08-23T15:42:14.693Z"}
{"level":"info","message":"Model name ticketLine","timestamp":"2026-08-23T15:42:14.694Z"}
{"level":"info","message":"Model name MemberOffer","timestamp":"2026-08-23T15:42:14.696Z"}
{"level":"info","message":"Model name loyaltyTransaction","timestamp":"2026-08-23T15:42:14.696Z"}
{"level":"info","message":"Model name washjob","timestamp":"2026-08-23T15:42:14.697Z"}
{"level":"info","message":"Model name washjobHis","timestamp":"2026-08-23T15:42:14.697Z"}
{"level":"info","message":"Model name washjobline","timestamp":"2026-08-23T15:42:14.697Z"}
{"level":"info","message":"Model name QRRequest","timestamp":"2026-08-23T15:42:14.697Z"}
{"level":"info","message":"Associating table QRRequest with models","timestamp":"2026-08-23T15:42:14.697Z"}
{"level":"info","message":"Model name saleHeader","timestamp":"2026-08-23T15:42:14.698Z"}
{"level":"info","message":"Model name salePayment","timestamp":"2026-08-23T15:42:14.708Z"}
{"level":"info","message":"Model name saleLine","timestamp":"2026-08-23T15:42:14.714Z"}
{"level":"info","message":"Associating table SaleLine with models","timestamp":"2026-08-23T15:42:14.714Z"}
{"level":"info","message":"Model name quotationHeader","timestamp":"2026-08-23T15:42:14.724Z"}
{"level":"info","message":"Model name quotationLine","timestamp":"2026-08-23T15:42:14.727Z"}
{"level":"info","message":"Associating table QuotationLine with models","timestamp":"2026-08-23T15:42:14.728Z"}
{"level":"info","message":"Model name poHeader","timestamp":"2026-08-23T15:42:14.728Z"}
{"level":"info","message":"Model name poLine","timestamp":"2026-08-23T15:42:14.728Z"}
{"level":"info","message":"Model name poHeaderHIS","timestamp":"2026-08-23T15:42:14.728Z"}
{"level":"info","message":"Model name poLineHIS","timestamp":"2026-08-23T15:42:14.728Z"}
{"level":"info","message":"Model name receivingHeader","timestamp":"2026-08-23T15:42:14.728Z"}
{"level":"info","message":"Model name receivingLine","timestamp":"2026-08-23T15:42:14.728Z"}
{"level":"info","message":"Model name reservation","timestamp":"2026-08-23T15:42:14.728Z"}
{"level":"info","message":"Model name reservationLine","timestamp":"2026-08-23T15:42:14.728Z"}
{"level":"info","message":"Model name transferHeader","timestamp":"2026-08-23T15:42:14.728Z"}
{"level":"info","message":"Model name transferLine","timestamp":"2026-08-23T15:42:14.728Z"}
{"level":"info","message":"Model name menuHeader","timestamp":"2026-08-23T15:42:14.728Z"}
{"level":"info","message":"Model name menuLine","timestamp":"2026-08-23T15:42:14.728Z"}
{"level":"info","message":"Model name MenuHeaderLines","timestamp":"2026-08-23T15:42:14.728Z"}
{"level":"info","message":"Model name webMenuHeader","timestamp":"2026-08-23T15:42:14.729Z"}
{"level":"info","message":"Model name QRResponse","timestamp":"2026-08-23T15:42:14.729Z"}
{"level":"info","message":"Associating table QRResponse with models","timestamp":"2026-08-23T15:42:14.729Z"}
{"level":"info","message":"Model name PaymentCallback","timestamp":"2026-08-23T15:42:14.729Z"}
{"level":"info","message":"Associating table PaymentCallback with models","timestamp":"2026-08-23T15:42:14.729Z"}
{"level":"info","message":"Model name Color","timestamp":"2026-08-23T15:42:14.730Z"}
{"level":"info","message":"Associating table Color with models","timestamp":"2026-08-23T15:42:14.730Z"}
{"level":"info","message":"Model name Size","timestamp":"2026-08-23T15:42:14.732Z"}
{"level":"info","message":"Associating table Size with models","timestamp":"2026-08-23T15:42:14.732Z"}
{"level":"info","message":"Model name card","timestamp":"2026-08-23T15:42:14.733Z"}
{"level":"info","message":"Associating table Card with models","timestamp":"2026-08-23T15:42:14.733Z"}
{"level":"info","message":"Model name Transaction","timestamp":"2026-08-23T15:42:14.746Z"}
{"level":"info","message":"Model name glPostingBatch","timestamp":"2026-08-23T15:42:14.750Z"}
{"level":"info","message":"Model name gl","timestamp":"2026-08-23T15:42:14.750Z"}
{"level":"info","message":"Model name chartAccount","timestamp":"2026-08-23T15:42:14.750Z"}
{"level":"info","message":"Model name fixedAssetProduct","timestamp":"2026-08-23T15:42:14.750Z"}
{"level":"info","message":"Model name fixedAssetContract","timestamp":"2026-08-23T15:42:14.750Z"}
{"level":"info","message":"Model name fixedAssetDepreciation","timestamp":"2026-08-23T15:42:14.750Z"}
{"level":"info","message":"Model name apPaymentHeader","timestamp":"2026-08-23T15:42:14.750Z"}
{"level":"info","message":"Model name arReceiveHeader","timestamp":"2026-08-23T15:42:14.750Z"}
{"level":"info","message":"Model name payment","timestamp":"2026-08-23T15:42:14.750Z"}
{"level":"info","message":"Model name bank","timestamp":"2026-08-23T15:42:14.750Z"}
{"level":"info","message":"Model name bankAccount","timestamp":"2026-08-23T15:42:14.750Z"}
{"level":"info","message":"Associating table Bank with models","timestamp":"2026-08-23T15:42:14.750Z"}
{"level":"info","message":"Model name ministry","timestamp":"2026-08-23T15:42:14.751Z"}
{"level":"info","message":"Model name moneySettlement","timestamp":"2026-08-23T15:42:14.753Z"}
{"level":"info","message":"Model name moneyAdvanceAudit","timestamp":"2026-08-23T15:42:14.755Z"}
{"level":"info","message":"Associating table MoneyAdvanceAudit with models","timestamp":"2026-08-23T15:42:14.755Z"}
{"level":"info","message":"Model name moneyAdvance","timestamp":"2026-08-23T15:42:14.755Z"}
{"level":"info","message":"Associating table MoneyAdvance with models","timestamp":"2026-08-23T15:42:14.755Z"}
{"level":"info","message":"Model name AccountStatement","timestamp":"2026-08-23T15:42:14.757Z"}
{"level":"info","message":"Associating table AccountStatement with models","timestamp":"2026-08-23T15:42:14.757Z"}
{"level":"info","message":"Model name Project","timestamp":"2026-08-23T15:42:14.758Z"}
{"level":"info","message":"Model name ProjectBudget","timestamp":"2026-08-23T15:42:14.759Z"}
{"level":"info","message":"Model name ProjectContract","timestamp":"2026-08-23T15:42:14.759Z"}
{"level":"info","message":"Model name ProjectInvoice","timestamp":"2026-08-23T15:42:14.760Z"}
{"level":"info","message":"Model name WithdrawalApplication","timestamp":"2026-08-23T15:42:14.760Z"}
{"level":"info","message":"Model name revenue_target","timestamp":"2026-08-23T15:42:14.761Z"}
{"level":"info","message":"Model name apInvoice","timestamp":"2026-08-23T15:42:14.761Z"}
{"level":"info","message":"Associating table APInvoice with models","timestamp":"2026-08-23T15:42:14.761Z"}
{"level":"info","message":"Model name apInvoiceAudit","timestamp":"2026-08-23T15:42:14.764Z"}
{"level":"info","message":"Associating table APInvoiceAudit with models","timestamp":"2026-08-23T15:42:14.765Z"}
{"level":"info","message":"Model name invoiceLineItem","timestamp":"2026-08-23T15:42:14.765Z"}
{"level":"info","message":"Associating table InvoiceLineItem with models","timestamp":"2026-08-23T15:42:14.765Z"}
{"level":"info","message":"Model name apInvoiceSettlement","timestamp":"2026-08-23T15:42:14.766Z"}
{"level":"info","message":"Associating table APInvoiceSettlement with models","timestamp":"2026-08-23T15:42:14.766Z"}
{"level":"info","message":"Model name apSettlementAudit","timestamp":"2026-08-23T15:42:14.774Z"}
{"level":"info","message":"Associating table APSettlementAudit with models","timestamp":"2026-08-23T15:42:14.777Z"}
{"level":"info","message":"Model name apInvoiceSettlementLine","timestamp":"2026-08-23T15:42:14.778Z"}
{"level":"info","message":"Associating InvoiceSettlementLine with models","timestamp":"2026-08-23T15:42:14.778Z"}
{"level":"info","message":"Model name arInvoiceHeader","timestamp":"2026-08-23T15:42:14.780Z"}
{"level":"info","message":"Associating table ARInvoiceHeader with models","timestamp":"2026-08-23T15:42:14.781Z"}
{"level":"info","message":"Model name arInvoiceHeaderAudit","timestamp":"2026-08-23T15:42:14.787Z"}
{"level":"info","message":"Associating table ARInvoiceHeaderAudit with models","timestamp":"2026-08-23T15:42:14.787Z"}
{"level":"info","message":"Model name arInvoiceLine","timestamp":"2026-08-23T15:42:14.788Z"}
{"level":"info","message":"Associating table InvoiceLine with models","timestamp":"2026-08-23T15:42:14.788Z"}
{"level":"info","message":"Model name arReceiveHeaderV2","timestamp":"2026-08-23T15:42:14.791Z"}
{"level":"info","message":"Associating table ARReceiveHeader with models","timestamp":"2026-08-23T15:42:14.791Z"}
{"level":"info","message":"Model name arReceiveHeaderAudit","timestamp":"2026-08-23T15:42:14.795Z"}
{"level":"info","message":"Associating table ARReceiveHeaderAudit with models","timestamp":"2026-08-23T15:42:14.797Z"}
{"level":"info","message":"Model name arReceiveLine","timestamp":"2026-08-23T15:42:14.797Z"}
{"level":"info","message":"Associating table ReceiveLine with models","timestamp":"2026-08-23T15:42:14.797Z"}
{"level":"info","message":"Model name vendor","timestamp":"2026-08-23T15:42:14.798Z"}
{"level":"info","message":"Model name shipping","timestamp":"2026-08-23T15:42:14.798Z"}
{"level":"info","message":"Model name shipping_order","timestamp":"2026-08-23T15:42:14.798Z"}
{"level":"info","message":"Model name shipping_checkout_batch","timestamp":"2026-08-23T15:42:14.798Z"}
{"level":"info","message":"Model name service","timestamp":"2026-08-23T15:42:14.798Z"}
{"level":"info","message":"Model name authority","timestamp":"2026-08-23T15:42:14.798Z"}
{"level":"info","message":"Model name terminal","timestamp":"2026-08-23T15:42:14.798Z"}
{"level":"info","message":"Model name terminalAudit","timestamp":"2026-08-23T15:42:14.800Z"}
{"level":"info","message":"Associating table TerminalAudit with models","timestamp":"2026-08-23T15:42:14.800Z"}
{"level":"info","message":"Model name campaign","timestamp":"2026-08-23T15:42:14.800Z"}
{"level":"info","message":"Model name campaignEntry","timestamp":"2026-08-23T15:42:14.800Z"}
{"level":"info","message":"Model name rider","timestamp":"2026-08-23T15:42:14.800Z"}
{"level":"info","message":"Model name outlet","timestamp":"2026-08-23T15:42:14.800Z"}
{"level":"info","message":"Model name geography","timestamp":"2026-08-23T15:42:14.800Z"}
{"level":"info","message":"Model name country","timestamp":"2026-08-23T15:42:14.800Z"}
{"level":"info","message":"Model name village","timestamp":"2026-08-23T15:42:14.800Z"}
{"level":"info","message":"Model name district","timestamp":"2026-08-23T15:42:14.801Z"}
{"level":"info","message":"Model name accountDailyBalance","timestamp":"2026-08-23T15:42:14.801Z"}
{"level":"info","message":"Model name businessDate","timestamp":"2026-08-23T15:42:14.802Z"}
{"level":"info","message":"Model name cifCustomer","timestamp":"2026-08-23T15:42:14.802Z"}
{"level":"info","message":"Model name microfinanceGroup","timestamp":"2026-08-23T15:42:14.806Z"}
{"level":"info","message":"Model name mfCollateral","timestamp":"2026-08-23T15:42:14.808Z"}
{"level":"info","message":"Model name mfLoanProduct","timestamp":"2026-08-23T15:42:14.809Z"}
{"level":"info","message":"Model name mfLoanAccount","timestamp":"2026-08-23T15:42:14.809Z"}
{"level":"info","message":"Model name mfRepaymentSchedule","timestamp":"2026-08-23T15:42:14.811Z"}
{"level":"info","message":"Model name mfJournalEntry","timestamp":"2026-08-23T15:42:14.811Z"}
{"level":"info","message":"Model name tuturial","timestamp":"2026-08-23T15:42:14.811Z"}
{"level":"info","message":"tutorial_db Connection established","timestamp":"2026-08-23T15:42:14.955Z"}
{"level":"info","message":"client_db Connection established","timestamp":"2026-08-23T15:42:14.958Z"}
{"level":"info","message":"Hello, Winston!","timestamp":"2026-08-24T04:27:17.591Z"}
{"level":"warn","message":"This is a warning message.","timestamp":"2026-08-24T04:27:17.594Z"}
{"level":"error","message":"This is an error message.","timestamp":"2026-08-24T04:27:17.595Z"}
{"level":"info","message":"This is an information message.","timestamp":"2026-08-24T04:27:17.596Z"}
{"ip":"192.168.1.1","level":"info","message":"User logged in","timestamp":"2026-08-24T04:27:17.598Z","username":"johndoe"}
{"level":"info","message":"Model name sequelize","timestamp":"2026-08-24T04:27:18.079Z"}
{"level":"info","message":"Model name Sequelize","timestamp":"2026-08-24T04:27:18.080Z"}
{"level":"info","message":"Model name centralSequelize","timestamp":"2026-08-24T04:27:18.080Z"}
{"level":"info","message":"Model name spf","timestamp":"2026-08-24T04:27:18.081Z"}
{"level":"info","message":"Model name client","timestamp":"2026-08-24T04:27:18.082Z"}
{"level":"info","message":"Model name clientAudit","timestamp":"2026-08-24T04:27:18.087Z"}
{"level":"info","message":"Associating table ClientAudit with models","timestamp":"2026-08-24T04:27:18.088Z"}
{"level":"info","message":"Model name group","timestamp":"2026-08-24T04:27:18.093Z"}
{"level":"info","message":"Model name GroupMenuHeader","timestamp":"2026-08-24T04:27:18.095Z"}
{"level":"info","message":"Model name role","timestamp":"2026-08-24T04:27:18.096Z"}
{"level":"info","message":"Model name user","timestamp":"2026-08-24T04:27:18.103Z"}
{"level":"info","message":"Model name Agency","timestamp":"2026-08-24T04:27:18.106Z"}
{"level":"info","message":"Associating table Agency with models","timestamp":"2026-08-24T04:27:18.107Z"}
{"level":"info","message":"Model name Applicant","timestamp":"2026-08-24T04:27:18.111Z"}
{"level":"info","message":"Associating table Applicant with models","timestamp":"2026-08-24T04:27:18.114Z"}
{"level":"info","message":"Model name MOU","timestamp":"2026-08-24T04:27:18.126Z"}
{"level":"info","message":"Associating table Job with models","timestamp":"2026-08-24T04:27:18.130Z"}
{"level":"info","message":"Model name jobAdvertise","timestamp":"2026-08-24T04:27:18.151Z"}
{"level":"info","message":"Associating table JobAdvertise with models","timestamp":"2026-08-24T04:27:18.155Z"}
{"level":"info","message":"Model name JobBatch","timestamp":"2026-08-24T04:27:18.156Z"}
{"level":"info","message":"Associating table JobBatch with models","timestamp":"2026-08-24T04:27:18.158Z"}
{"level":"info","message":"Model name benefit","timestamp":"2026-08-24T04:27:18.168Z"}
{"level":"info","message":"Associating table Benefit with models","timestamp":"2026-08-24T04:27:18.171Z"}
{"level":"info","message":"Model name company","timestamp":"2026-08-24T04:27:18.175Z"}
{"level":"info","message":"Model name location","timestamp":"2026-08-24T04:27:18.178Z"}
{"level":"info","message":"Model name currency","timestamp":"2026-08-24T04:27:18.178Z"}
{"level":"info","message":"Model name currencyAudit","timestamp":"2026-08-24T04:27:18.180Z"}
{"level":"info","message":"Associating table CurrencyAudit with models","timestamp":"2026-08-24T04:27:18.180Z"}
{"level":"info","message":"Model name unit","timestamp":"2026-08-24T04:27:18.181Z"}
{"level":"info","message":"Model name printerModel","timestamp":"2026-08-24T04:27:18.192Z"}
{"level":"info","message":"Model name stockTransactionModel","timestamp":"2026-08-24T04:27:18.196Z"}
{"level":"info","message":"Model name mainCategory","timestamp":"2026-08-24T04:27:18.202Z"}
{"level":"info","message":"Model name category","timestamp":"2026-08-24T04:27:18.202Z"}
{"level":"info","message":"Associating table Color with models","timestamp":"2026-08-24T04:27:18.203Z"}
{"level":"info","message":"Model name student","timestamp":"2026-08-24T04:27:18.203Z"}
{"level":"info","message":"Associating table Student with models","timestamp":"2026-08-24T04:27:18.203Z"}
{"level":"info","message":"Model name nfcCard","timestamp":"2026-08-24T04:27:18.210Z"}
{"level":"info","message":"Associating table NfcCard with models","timestamp":"2026-08-24T04:27:18.213Z"}
{"level":"info","message":"Model name academicYear","timestamp":"2026-08-24T04:27:18.214Z"}
{"level":"info","message":"Model name schoolClass","timestamp":"2026-08-24T04:27:18.214Z"}
{"level":"info","message":"Model name schoolRoom","timestamp":"2026-08-24T04:27:18.216Z"}
{"level":"info","message":"Model name feeItem","timestamp":"2026-08-24T04:27:18.217Z"}
{"level":"info","message":"Model name feeStructure","timestamp":"2026-08-24T04:27:18.217Z"}
{"level":"info","message":"Model name schoolInvoice","timestamp":"2026-08-24T04:27:18.218Z"}
{"level":"info","message":"Model name schoolInvoiceLine","timestamp":"2026-08-24T04:27:18.219Z"}
{"level":"info","message":"Model name schoolPayment","timestamp":"2026-08-24T04:27:18.219Z"}
{"level":"info","message":"Model name cashierShift","timestamp":"2026-08-24T04:27:18.221Z"}
{"level":"info","message":"Model name transactionEntry","timestamp":"2026-08-24T04:27:18.221Z"}
{"level":"info","message":"Associating table TransactionEntry","timestamp":"2026-08-24T04:27:18.221Z"}
{"level":"info","message":"Model name tax","timestamp":"2026-08-24T04:27:18.222Z"}
{"level":"info","message":"Model name product","timestamp":"2026-08-24T04:27:18.222Z"}
{"level":"info","message":"Model name productAudit","timestamp":"2026-08-24T04:27:18.258Z"}
{"level":"info","message":"Associating table ProductAudit with models","timestamp":"2026-08-24T04:27:18.265Z"}
{"level":"info","message":"Model name productTemp","timestamp":"2026-08-24T04:27:18.266Z"}
{"level":"info","message":"Model name productSize","timestamp":"2026-08-24T04:27:18.266Z"}
{"level":"info","message":"Model name productUnit","timestamp":"2026-08-24T04:27:18.266Z"}
{"level":"info","message":"Model name image","timestamp":"2026-08-24T04:27:18.274Z"}
{"level":"info","message":"Associating table IMAGE with models","timestamp":"2026-08-24T04:27:18.275Z"}
{"level":"info","message":"Model name priceList","timestamp":"2026-08-24T04:27:18.275Z"}
{"level":"info","message":"Model name webProductGroup","timestamp":"2026-08-24T04:27:18.275Z"}
{"level":"info","message":"Model name ProductOptionGroup","timestamp":"2026-08-24T04:27:18.275Z"}
{"level":"info","message":"Model name ProductOption","timestamp":"2026-08-24T04:27:18.278Z"}
{"level":"info","message":"Model name customer","timestamp":"2026-08-24T04:27:18.278Z"}
{"level":"info","message":"Model name order","timestamp":"2026-08-24T04:27:18.278Z"}
{"level":"info","message":"Model name orderHIS","timestamp":"2026-08-24T04:27:18.278Z"}
{"level":"info","message":"Model name orderTable","timestamp":"2026-08-24T04:27:18.278Z"}
{"level":"info","message":"Model name recipe","timestamp":"2026-08-24T04:27:18.278Z"}
{"level":"info","message":"Model name table","timestamp":"2026-08-24T04:27:18.279Z"}
{"level":"info","message":"Model name ticket","timestamp":"2026-08-24T04:27:18.280Z"}
{"level":"info","message":"Model name promotion","timestamp":"2026-08-24T04:27:18.288Z"}
{"level":"info","message":"Model name ticketLine","timestamp":"2026-08-24T04:27:18.292Z"}
{"level":"info","message":"Model name MemberOffer","timestamp":"2026-08-24T04:27:18.294Z"}
{"level":"info","message":"Model name loyaltyTransaction","timestamp":"2026-08-24T04:27:18.295Z"}
{"level":"info","message":"Model name washjob","timestamp":"2026-08-24T04:27:18.295Z"}
{"level":"info","message":"Model name washjobHis","timestamp":"2026-08-24T04:27:18.296Z"}
{"level":"info","message":"Model name washjobline","timestamp":"2026-08-24T04:27:18.296Z"}
{"level":"info","message":"Model name QRRequest","timestamp":"2026-08-24T04:27:18.296Z"}
{"level":"info","message":"Associating table QRRequest with models","timestamp":"2026-08-24T04:27:18.296Z"}
{"level":"info","message":"Model name saleHeader","timestamp":"2026-08-24T04:27:18.297Z"}
{"level":"info","message":"Model name salePayment","timestamp":"2026-08-24T04:27:18.306Z"}
{"level":"info","message":"Model name saleLine","timestamp":"2026-08-24T04:27:18.310Z"}
{"level":"info","message":"Associating table SaleLine with models","timestamp":"2026-08-24T04:27:18.310Z"}
{"level":"info","message":"Model name quotationHeader","timestamp":"2026-08-24T04:27:18.319Z"}
{"level":"info","message":"Model name quotationLine","timestamp":"2026-08-24T04:27:18.323Z"}
{"level":"info","message":"Associating table QuotationLine with models","timestamp":"2026-08-24T04:27:18.323Z"}
{"level":"info","message":"Model name poHeader","timestamp":"2026-08-24T04:27:18.323Z"}
{"level":"info","message":"Model name poLine","timestamp":"2026-08-24T04:27:18.323Z"}
{"level":"info","message":"Model name poHeaderHIS","timestamp":"2026-08-24T04:27:18.323Z"}
{"level":"info","message":"Model name poLineHIS","timestamp":"2026-08-24T04:27:18.324Z"}
{"level":"info","message":"Model name receivingHeader","timestamp":"2026-08-24T04:27:18.324Z"}
{"level":"info","message":"Model name receivingLine","timestamp":"2026-08-24T04:27:18.324Z"}
{"level":"info","message":"Model name reservation","timestamp":"2026-08-24T04:27:18.324Z"}
{"level":"info","message":"Model name reservationLine","timestamp":"2026-08-24T04:27:18.324Z"}
{"level":"info","message":"Model name transferHeader","timestamp":"2026-08-24T04:27:18.324Z"}
{"level":"info","message":"Model name transferLine","timestamp":"2026-08-24T04:27:18.324Z"}
{"level":"info","message":"Model name menuHeader","timestamp":"2026-08-24T04:27:18.324Z"}
{"level":"info","message":"Model name menuLine","timestamp":"2026-08-24T04:27:18.324Z"}
{"level":"info","message":"Model name MenuHeaderLines","timestamp":"2026-08-24T04:27:18.324Z"}
{"level":"info","message":"Model name webMenuHeader","timestamp":"2026-08-24T04:27:18.324Z"}
{"level":"info","message":"Model name QRResponse","timestamp":"2026-08-24T04:27:18.324Z"}
{"level":"info","message":"Associating table QRResponse with models","timestamp":"2026-08-24T04:27:18.324Z"}
{"level":"info","message":"Model name PaymentCallback","timestamp":"2026-08-24T04:27:18.325Z"}
{"level":"info","message":"Associating table PaymentCallback with models","timestamp":"2026-08-24T04:27:18.325Z"}
{"level":"info","message":"Model name Color","timestamp":"2026-08-24T04:27:18.325Z"}
{"level":"info","message":"Associating table Color with models","timestamp":"2026-08-24T04:27:18.326Z"}
{"level":"info","message":"Model name Size","timestamp":"2026-08-24T04:27:18.326Z"}
{"level":"info","message":"Associating table Size with models","timestamp":"2026-08-24T04:27:18.326Z"}
{"level":"info","message":"Model name card","timestamp":"2026-08-24T04:27:18.327Z"}
{"level":"info","message":"Associating table Card with models","timestamp":"2026-08-24T04:27:18.328Z"}
{"level":"info","message":"Model name Transaction","timestamp":"2026-08-24T04:27:18.343Z"}
{"level":"info","message":"Model name glPostingBatch","timestamp":"2026-08-24T04:27:18.347Z"}
{"level":"info","message":"Model name gl","timestamp":"2026-08-24T04:27:18.347Z"}
{"level":"info","message":"Model name chartAccount","timestamp":"2026-08-24T04:27:18.347Z"}
{"level":"info","message":"Model name fixedAssetProduct","timestamp":"2026-08-24T04:27:18.347Z"}
{"level":"info","message":"Model name fixedAssetContract","timestamp":"2026-08-24T04:27:18.347Z"}
{"level":"info","message":"Model name fixedAssetDepreciation","timestamp":"2026-08-24T04:27:18.347Z"}
{"level":"info","message":"Model name apPaymentHeader","timestamp":"2026-08-24T04:27:18.347Z"}
{"level":"info","message":"Model name arReceiveHeader","timestamp":"2026-08-24T04:27:18.347Z"}
{"level":"info","message":"Model name payment","timestamp":"2026-08-24T04:27:18.347Z"}
{"level":"info","message":"Model name bank","timestamp":"2026-08-24T04:27:18.347Z"}
{"level":"info","message":"Model name bankAccount","timestamp":"2026-08-24T04:27:18.347Z"}
{"level":"info","message":"Associating table Bank with models","timestamp":"2026-08-24T04:27:18.347Z"}
{"level":"info","message":"Model name ministry","timestamp":"2026-08-24T04:27:18.348Z"}
{"level":"info","message":"Model name moneySettlement","timestamp":"2026-08-24T04:27:18.353Z"}
{"level":"info","message":"Model name moneyAdvanceAudit","timestamp":"2026-08-24T04:27:18.355Z"}
{"level":"info","message":"Associating table MoneyAdvanceAudit with models","timestamp":"2026-08-24T04:27:18.355Z"}
{"level":"info","message":"Model name moneyAdvance","timestamp":"2026-08-24T04:27:18.355Z"}
{"level":"info","message":"Associating table MoneyAdvance with models","timestamp":"2026-08-24T04:27:18.356Z"}
{"level":"info","message":"Model name AccountStatement","timestamp":"2026-08-24T04:27:18.359Z"}
{"level":"info","message":"Associating table AccountStatement with models","timestamp":"2026-08-24T04:27:18.359Z"}
{"level":"info","message":"Model name Project","timestamp":"2026-08-24T04:27:18.360Z"}
{"level":"info","message":"Model name ProjectBudget","timestamp":"2026-08-24T04:27:18.361Z"}
{"level":"info","message":"Model name ProjectContract","timestamp":"2026-08-24T04:27:18.361Z"}
{"level":"info","message":"Model name ProjectInvoice","timestamp":"2026-08-24T04:27:18.362Z"}
{"level":"info","message":"Model name WithdrawalApplication","timestamp":"2026-08-24T04:27:18.363Z"}
{"level":"info","message":"Model name revenue_target","timestamp":"2026-08-24T04:27:18.363Z"}
{"level":"info","message":"Model name apInvoice","timestamp":"2026-08-24T04:27:18.364Z"}
{"level":"info","message":"Associating table APInvoice with models","timestamp":"2026-08-24T04:27:18.364Z"}
{"level":"info","message":"Model name apInvoiceAudit","timestamp":"2026-08-24T04:27:18.366Z"}
{"level":"info","message":"Associating table APInvoiceAudit with models","timestamp":"2026-08-24T04:27:18.367Z"}
{"level":"info","message":"Model name invoiceLineItem","timestamp":"2026-08-24T04:27:18.367Z"}
{"level":"info","message":"Associating table InvoiceLineItem with models","timestamp":"2026-08-24T04:27:18.367Z"}
{"level":"info","message":"Model name apInvoiceSettlement","timestamp":"2026-08-24T04:27:18.368Z"}
{"level":"info","message":"Associating table APInvoiceSettlement with models","timestamp":"2026-08-24T04:27:18.368Z"}
{"level":"info","message":"Model name apSettlementAudit","timestamp":"2026-08-24T04:27:18.370Z"}
{"level":"info","message":"Associating table APSettlementAudit with models","timestamp":"2026-08-24T04:27:18.370Z"}
{"level":"info","message":"Model name apInvoiceSettlementLine","timestamp":"2026-08-24T04:27:18.370Z"}
{"level":"info","message":"Associating InvoiceSettlementLine with models","timestamp":"2026-08-24T04:27:18.370Z"}
{"level":"info","message":"Model name arInvoiceHeader","timestamp":"2026-08-24T04:27:18.373Z"}
{"level":"info","message":"Associating table ARInvoiceHeader with models","timestamp":"2026-08-24T04:27:18.373Z"}
{"level":"info","message":"Model name arInvoiceHeaderAudit","timestamp":"2026-08-24T04:27:18.383Z"}
{"level":"info","message":"Associating table ARInvoiceHeaderAudit with models","timestamp":"2026-08-24T04:27:18.387Z"}
{"level":"info","message":"Model name arInvoiceLine","timestamp":"2026-08-24T04:27:18.388Z"}
{"level":"info","message":"Associating table InvoiceLine with models","timestamp":"2026-08-24T04:27:18.389Z"}
{"level":"info","message":"Model name arReceiveHeaderV2","timestamp":"2026-08-24T04:27:18.391Z"}
{"level":"info","message":"Associating table ARReceiveHeader with models","timestamp":"2026-08-24T04:27:18.391Z"}
{"level":"info","message":"Model name arReceiveHeaderAudit","timestamp":"2026-08-24T04:27:18.394Z"}
{"level":"info","message":"Associating table ARReceiveHeaderAudit with models","timestamp":"2026-08-24T04:27:18.394Z"}
{"level":"info","message":"Model name arReceiveLine","timestamp":"2026-08-24T04:27:18.395Z"}
{"level":"info","message":"Associating table ReceiveLine with models","timestamp":"2026-08-24T04:27:18.395Z"}
{"level":"info","message":"Model name vendor","timestamp":"2026-08-24T04:27:18.396Z"}
{"level":"info","message":"Model name shipping","timestamp":"2026-08-24T04:27:18.396Z"}
{"level":"info","message":"Model name shipping_order","timestamp":"2026-08-24T04:27:18.396Z"}
{"level":"info","message":"Model name shipping_checkout_batch","timestamp":"2026-08-24T04:27:18.396Z"}
{"level":"info","message":"Model name service","timestamp":"2026-08-24T04:27:18.396Z"}
{"level":"info","message":"Model name authority","timestamp":"2026-08-24T04:27:18.396Z"}
{"level":"info","message":"Model name terminal","timestamp":"2026-08-24T04:27:18.396Z"}
{"level":"info","message":"Model name terminalAudit","timestamp":"2026-08-24T04:27:18.397Z"}
{"level":"info","message":"Associating table TerminalAudit with models","timestamp":"2026-08-24T04:27:18.397Z"}
{"level":"info","message":"Model name campaign","timestamp":"2026-08-24T04:27:18.397Z"}
{"level":"info","message":"Model name campaignEntry","timestamp":"2026-08-24T04:27:18.397Z"}
{"level":"info","message":"Model name rider","timestamp":"2026-08-24T04:27:18.397Z"}
{"level":"info","message":"Model name outlet","timestamp":"2026-08-24T04:27:18.397Z"}
{"level":"info","message":"Model name geography","timestamp":"2026-08-24T04:27:18.397Z"}
{"level":"info","message":"Model name country","timestamp":"2026-08-24T04:27:18.397Z"}
{"level":"info","message":"Model name village","timestamp":"2026-08-24T04:27:18.397Z"}
{"level":"info","message":"Model name district","timestamp":"2026-08-24T04:27:18.399Z"}
{"level":"info","message":"Model name accountDailyBalance","timestamp":"2026-08-24T04:27:18.399Z"}
{"level":"info","message":"Model name businessDate","timestamp":"2026-08-24T04:27:18.400Z"}
{"level":"info","message":"Model name cifCustomer","timestamp":"2026-08-24T04:27:18.400Z"}
{"level":"info","message":"Model name microfinanceGroup","timestamp":"2026-08-24T04:27:18.404Z"}
{"level":"info","message":"Model name mfCollateral","timestamp":"2026-08-24T04:27:18.406Z"}
{"level":"info","message":"Model name mfLoanProduct","timestamp":"2026-08-24T04:27:18.407Z"}
{"level":"info","message":"Model name mfLoanAccount","timestamp":"2026-08-24T04:27:18.408Z"}
{"level":"info","message":"Model name mfRepaymentSchedule","timestamp":"2026-08-24T04:27:18.409Z"}
{"level":"info","message":"Model name mfJournalEntry","timestamp":"2026-08-24T04:27:18.410Z"}
{"level":"info","message":"Model name tuturial","timestamp":"2026-08-24T04:27:18.410Z"}
{"level":"info","message":"tutorial_db Connection established","timestamp":"2026-08-24T04:27:18.578Z"}
{"level":"info","message":"client_db Connection established","timestamp":"2026-08-24T04:27:18.582Z"}
{"level":"info","message":"Hello, Winston!","timestamp":"2026-08-31T02:55:35.217Z"}
{"level":"warn","message":"This is a warning message.","timestamp":"2026-08-31T02:55:35.221Z"}
{"level":"error","message":"This is an error message.","timestamp":"2026-08-31T02:55:35.221Z"}
{"level":"info","message":"This is an information message.","timestamp":"2026-08-31T02:55:35.222Z"}
{"ip":"192.168.1.1","level":"info","message":"User logged in","timestamp":"2026-08-31T02:55:35.224Z","username":"johndoe"}
{"level":"info","message":"Model name sequelize","timestamp":"2026-08-31T02:55:35.591Z"}
{"level":"info","message":"Model name Sequelize","timestamp":"2026-08-31T02:55:35.592Z"}
{"level":"info","message":"Model name centralSequelize","timestamp":"2026-08-31T02:55:35.593Z"}
{"level":"info","message":"Model name spf","timestamp":"2026-08-31T02:55:35.593Z"}
{"level":"info","message":"Model name client","timestamp":"2026-08-31T02:55:35.594Z"}
{"level":"info","message":"Model name clientAudit","timestamp":"2026-08-31T02:55:35.598Z"}
{"level":"info","message":"Associating table ClientAudit with models","timestamp":"2026-08-31T02:55:35.600Z"}
{"level":"info","message":"Model name group","timestamp":"2026-08-31T02:55:35.604Z"}
{"level":"info","message":"Model name GroupMenuHeader","timestamp":"2026-08-31T02:55:35.606Z"}
{"level":"info","message":"Model name role","timestamp":"2026-08-31T02:55:35.606Z"}
{"level":"info","message":"Model name user","timestamp":"2026-08-31T02:55:35.612Z"}
{"level":"info","message":"Model name Agency","timestamp":"2026-08-31T02:55:35.615Z"}
{"level":"info","message":"Associating table Agency with models","timestamp":"2026-08-31T02:55:35.617Z"}
{"level":"info","message":"Model name Applicant","timestamp":"2026-08-31T02:55:35.620Z"}
{"level":"info","message":"Associating table Applicant with models","timestamp":"2026-08-31T02:55:35.623Z"}
{"level":"info","message":"Model name MOU","timestamp":"2026-08-31T02:55:35.635Z"}
{"level":"info","message":"Associating table Job with models","timestamp":"2026-08-31T02:55:35.639Z"}
{"level":"info","message":"Model name jobAdvertise","timestamp":"2026-08-31T02:55:35.659Z"}
{"level":"info","message":"Associating table JobAdvertise with models","timestamp":"2026-08-31T02:55:35.662Z"}
{"level":"info","message":"Model name JobBatch","timestamp":"2026-08-31T02:55:35.663Z"}
{"level":"info","message":"Associating table JobBatch with models","timestamp":"2026-08-31T02:55:35.666Z"}
{"level":"info","message":"Model name benefit","timestamp":"2026-08-31T02:55:35.674Z"}
{"level":"info","message":"Associating table Benefit with models","timestamp":"2026-08-31T02:55:35.675Z"}
{"level":"info","message":"Model name company","timestamp":"2026-08-31T02:55:35.678Z"}
{"level":"info","message":"Model name location","timestamp":"2026-08-31T02:55:35.681Z"}
{"level":"info","message":"Model name currency","timestamp":"2026-08-31T02:55:35.681Z"}
{"level":"info","message":"Model name currencyAudit","timestamp":"2026-08-31T02:55:35.682Z"}
{"level":"info","message":"Associating table CurrencyAudit with models","timestamp":"2026-08-31T02:55:35.683Z"}
{"level":"info","message":"Model name unit","timestamp":"2026-08-31T02:55:35.684Z"}
{"level":"info","message":"Model name printerModel","timestamp":"2026-08-31T02:55:35.694Z"}
{"level":"info","message":"Model name stockTransactionModel","timestamp":"2026-08-31T02:55:35.699Z"}
{"level":"info","message":"Model name mainCategory","timestamp":"2026-08-31T02:55:35.707Z"}
{"level":"info","message":"Model name category","timestamp":"2026-08-31T02:55:35.707Z"}
{"level":"info","message":"Associating table Color with models","timestamp":"2026-08-31T02:55:35.707Z"}
{"level":"info","message":"Model name student","timestamp":"2026-08-31T02:55:35.708Z"}
{"level":"info","message":"Associating table Student with models","timestamp":"2026-08-31T02:55:35.709Z"}
{"level":"info","message":"Model name nfcCard","timestamp":"2026-08-31T02:55:35.719Z"}
{"level":"info","message":"Associating table NfcCard with models","timestamp":"2026-08-31T02:55:35.723Z"}
{"level":"info","message":"Model name academicYear","timestamp":"2026-08-31T02:55:35.725Z"}
{"level":"info","message":"Model name schoolClass","timestamp":"2026-08-31T02:55:35.725Z"}
{"level":"info","message":"Model name schoolRoom","timestamp":"2026-08-31T02:55:35.728Z"}
{"level":"info","message":"Model name feeItem","timestamp":"2026-08-31T02:55:35.730Z"}
{"level":"info","message":"Model name feeStructure","timestamp":"2026-08-31T02:55:35.730Z"}
{"level":"info","message":"Model name schoolInvoice","timestamp":"2026-08-31T02:55:35.731Z"}
{"level":"info","message":"Model name schoolInvoiceLine","timestamp":"2026-08-31T02:55:35.747Z"}
{"level":"info","message":"Model name schoolPayment","timestamp":"2026-08-31T02:55:35.756Z"}
{"level":"info","message":"Model name cashierShift","timestamp":"2026-08-31T02:55:35.760Z"}
{"level":"info","message":"Model name studentFeeItem","timestamp":"2026-08-31T02:55:35.762Z"}
{"level":"info","message":"Model name transactionEntry","timestamp":"2026-08-31T02:55:35.762Z"}
{"level":"info","message":"Associating table TransactionEntry","timestamp":"2026-08-31T02:55:35.762Z"}
{"level":"info","message":"Model name tax","timestamp":"2026-08-31T02:55:35.763Z"}
{"level":"info","message":"Model name product","timestamp":"2026-08-31T02:55:35.763Z"}
{"level":"info","message":"Model name productAudit","timestamp":"2026-08-31T02:55:35.787Z"}
{"level":"info","message":"Associating table ProductAudit with models","timestamp":"2026-08-31T02:55:35.792Z"}
{"level":"info","message":"Model name productTemp","timestamp":"2026-08-31T02:55:35.793Z"}
{"level":"info","message":"Model name productSize","timestamp":"2026-08-31T02:55:35.793Z"}
{"level":"info","message":"Model name productUnit","timestamp":"2026-08-31T02:55:35.794Z"}
{"level":"info","message":"Model name image","timestamp":"2026-08-31T02:55:35.794Z"}
{"level":"info","message":"Associating table IMAGE with models","timestamp":"2026-08-31T02:55:35.797Z"}
{"level":"info","message":"Model name priceList","timestamp":"2026-08-31T02:55:35.807Z"}
{"level":"info","message":"Model name webProductGroup","timestamp":"2026-08-31T02:55:35.811Z"}
{"level":"info","message":"Model name ProductOptionGroup","timestamp":"2026-08-31T02:55:35.811Z"}
{"level":"info","message":"Model name ProductOption","timestamp":"2026-08-31T02:55:35.817Z"}
{"level":"info","message":"Model name customer","timestamp":"2026-08-31T02:55:35.818Z"}
{"level":"info","message":"Model name order","timestamp":"2026-08-31T02:55:35.818Z"}
{"level":"info","message":"Model name orderHIS","timestamp":"2026-08-31T02:55:35.818Z"}
{"level":"info","message":"Model name orderTable","timestamp":"2026-08-31T02:55:35.818Z"}
{"level":"info","message":"Model name recipe","timestamp":"2026-08-31T02:55:35.818Z"}
{"level":"info","message":"Model name table","timestamp":"2026-08-31T02:55:35.818Z"}
{"level":"info","message":"Model name ticket","timestamp":"2026-08-31T02:55:35.820Z"}
{"level":"info","message":"Model name promotion","timestamp":"2026-08-31T02:55:35.823Z"}
{"level":"info","message":"Model name ticketLine","timestamp":"2026-08-31T02:55:35.824Z"}
{"level":"info","message":"Model name MemberOffer","timestamp":"2026-08-31T02:55:35.828Z"}
{"level":"info","message":"Model name loyaltyTransaction","timestamp":"2026-08-31T02:55:35.834Z"}
{"level":"info","message":"Model name washjob","timestamp":"2026-08-31T02:55:35.839Z"}
{"level":"info","message":"Model name washjobHis","timestamp":"2026-08-31T02:55:35.839Z"}
{"level":"info","message":"Model name washjobline","timestamp":"2026-08-31T02:55:35.839Z"}
{"level":"info","message":"Model name QRRequest","timestamp":"2026-08-31T02:55:35.839Z"}
{"level":"info","message":"Associating table QRRequest with models","timestamp":"2026-08-31T02:55:35.839Z"}
{"level":"info","message":"Model name saleHeader","timestamp":"2026-08-31T02:55:35.842Z"}
{"level":"info","message":"Model name salePayment","timestamp":"2026-08-31T02:55:35.856Z"}
{"level":"info","message":"Model name saleLine","timestamp":"2026-08-31T02:55:35.860Z"}
{"level":"info","message":"Associating table SaleLine with models","timestamp":"2026-08-31T02:55:35.861Z"}
{"level":"info","message":"Model name quotationHeader","timestamp":"2026-08-31T02:55:35.863Z"}
{"level":"info","message":"Model name quotationLine","timestamp":"2026-08-31T02:55:35.863Z"}
{"level":"info","message":"Associating table QuotationLine with models","timestamp":"2026-08-31T02:55:35.863Z"}
{"level":"info","message":"Model name poHeader","timestamp":"2026-08-31T02:55:35.863Z"}
{"level":"info","message":"Model name poLine","timestamp":"2026-08-31T02:55:35.863Z"}
{"level":"info","message":"Model name poHeaderHIS","timestamp":"2026-08-31T02:55:35.863Z"}
{"level":"info","message":"Model name poLineHIS","timestamp":"2026-08-31T02:55:35.863Z"}
{"level":"info","message":"Model name receivingHeader","timestamp":"2026-08-31T02:55:35.863Z"}
{"level":"info","message":"Model name receivingLine","timestamp":"2026-08-31T02:55:35.863Z"}
{"level":"info","message":"Model name reservation","timestamp":"2026-08-31T02:55:35.863Z"}
{"level":"info","message":"Model name reservationLine","timestamp":"2026-08-31T02:55:35.864Z"}
{"level":"info","message":"Model name transferHeader","timestamp":"2026-08-31T02:55:35.864Z"}
{"level":"info","message":"Model name transferLine","timestamp":"2026-08-31T02:55:35.864Z"}
{"level":"info","message":"Model name menuHeader","timestamp":"2026-08-31T02:55:35.864Z"}
{"level":"info","message":"Model name menuLine","timestamp":"2026-08-31T02:55:35.864Z"}
{"level":"info","message":"Model name MenuHeaderLines","timestamp":"2026-08-31T02:55:35.864Z"}
{"level":"info","message":"Model name webMenuHeader","timestamp":"2026-08-31T02:55:35.864Z"}
{"level":"info","message":"Model name QRResponse","timestamp":"2026-08-31T02:55:35.864Z"}
{"level":"info","message":"Associating table QRResponse with models","timestamp":"2026-08-31T02:55:35.864Z"}
{"level":"info","message":"Model name PaymentCallback","timestamp":"2026-08-31T02:55:35.864Z"}
{"level":"info","message":"Associating table PaymentCallback with models","timestamp":"2026-08-31T02:55:35.864Z"}
{"level":"info","message":"Model name Color","timestamp":"2026-08-31T02:55:35.865Z"}
{"level":"info","message":"Associating table Color with models","timestamp":"2026-08-31T02:55:35.865Z"}
{"level":"info","message":"Model name Size","timestamp":"2026-08-31T02:55:35.865Z"}
{"level":"info","message":"Associating table Size with models","timestamp":"2026-08-31T02:55:35.865Z"}
{"level":"info","message":"Model name card","timestamp":"2026-08-31T02:55:35.866Z"}
{"level":"info","message":"Associating table Card with models","timestamp":"2026-08-31T02:55:35.866Z"}
{"level":"info","message":"Model name cardAudit","timestamp":"2026-08-31T02:55:35.877Z"}
{"level":"info","message":"Associating table CardAudit with models","timestamp":"2026-08-31T02:55:35.880Z"}
{"level":"info","message":"Model name Transaction","timestamp":"2026-08-31T02:55:35.881Z"}
{"level":"info","message":"Model name glPostingBatch","timestamp":"2026-08-31T02:55:35.881Z"}
{"level":"info","message":"Model name gl","timestamp":"2026-08-31T02:55:35.881Z"}
{"level":"info","message":"Model name chartAccount","timestamp":"2026-08-31T02:55:35.881Z"}
{"level":"info","message":"Model name fixedAssetProduct","timestamp":"2026-08-31T02:55:35.881Z"}
{"level":"info","message":"Model name fixedAssetContract","timestamp":"2026-08-31T02:55:35.881Z"}
{"level":"info","message":"Model name fixedAssetDepreciation","timestamp":"2026-08-31T02:55:35.881Z"}
{"level":"info","message":"Model name apPaymentHeader","timestamp":"2026-08-31T02:55:35.881Z"}
{"level":"info","message":"Model name arReceiveHeader","timestamp":"2026-08-31T02:55:35.881Z"}
{"level":"info","message":"Model name payment","timestamp":"2026-08-31T02:55:35.881Z"}
{"level":"info","message":"Model name bank","timestamp":"2026-08-31T02:55:35.881Z"}
{"level":"info","message":"Model name bankAccount","timestamp":"2026-08-31T02:55:35.881Z"}
{"level":"info","message":"Associating table Bank with models","timestamp":"2026-08-31T02:55:35.881Z"}
{"level":"info","message":"Model name ministry","timestamp":"2026-08-31T02:55:35.882Z"}
{"level":"info","message":"Model name moneySettlement","timestamp":"2026-08-31T02:55:35.884Z"}
{"level":"info","message":"Model name moneyAdvanceAudit","timestamp":"2026-08-31T02:55:35.889Z"}
{"level":"info","message":"Associating table MoneyAdvanceAudit with models","timestamp":"2026-08-31T02:55:35.890Z"}
{"level":"info","message":"Model name moneyAdvance","timestamp":"2026-08-31T02:55:35.890Z"}
{"level":"info","message":"Associating table MoneyAdvance with models","timestamp":"2026-08-31T02:55:35.890Z"}
{"level":"info","message":"Model name AccountStatement","timestamp":"2026-08-31T02:55:35.893Z"}
{"level":"info","message":"Associating table AccountStatement with models","timestamp":"2026-08-31T02:55:35.893Z"}
{"level":"info","message":"Model name Project","timestamp":"2026-08-31T02:55:35.896Z"}
{"level":"info","message":"Model name ProjectBudget","timestamp":"2026-08-31T02:55:35.905Z"}
{"level":"info","message":"Model name ProjectContract","timestamp":"2026-08-31T02:55:35.914Z"}
{"level":"info","message":"Model name ProjectInvoice","timestamp":"2026-08-31T02:55:35.916Z"}
{"level":"info","message":"Model name WithdrawalApplication","timestamp":"2026-08-31T02:55:35.917Z"}
{"level":"info","message":"Model name revenue_target","timestamp":"2026-08-31T02:55:35.918Z"}
{"level":"info","message":"Model name apInvoice","timestamp":"2026-08-31T02:55:35.919Z"}
{"level":"info","message":"Associating table APInvoice with models","timestamp":"2026-08-31T02:55:35.919Z"}
{"level":"info","message":"Model name apInvoiceAudit","timestamp":"2026-08-31T02:55:35.922Z"}
{"level":"info","message":"Associating table APInvoiceAudit with models","timestamp":"2026-08-31T02:55:35.923Z"}
{"level":"info","message":"Model name invoiceLineItem","timestamp":"2026-08-31T02:55:35.924Z"}
{"level":"info","message":"Associating table InvoiceLineItem with models","timestamp":"2026-08-31T02:55:35.924Z"}
{"level":"info","message":"Model name apInvoiceSettlement","timestamp":"2026-08-31T02:55:35.926Z"}
{"level":"info","message":"Associating table APInvoiceSettlement with models","timestamp":"2026-08-31T02:55:35.926Z"}
{"level":"info","message":"Model name apSettlementAudit","timestamp":"2026-08-31T02:55:35.929Z"}
{"level":"info","message":"Associating table APSettlementAudit with models","timestamp":"2026-08-31T02:55:35.930Z"}
{"level":"info","message":"Model name apInvoiceSettlementLine","timestamp":"2026-08-31T02:55:35.932Z"}
{"level":"info","message":"Associating InvoiceSettlementLine with models","timestamp":"2026-08-31T02:55:35.933Z"}
{"level":"info","message":"Model name arInvoiceHeader","timestamp":"2026-08-31T02:55:35.942Z"}
{"level":"info","message":"Associating table ARInvoiceHeader with models","timestamp":"2026-08-31T02:55:35.946Z"}
{"level":"info","message":"Model name arInvoiceHeaderAudit","timestamp":"2026-08-31T02:55:35.960Z"}
{"level":"info","message":"Associating table ARInvoiceHeaderAudit with models","timestamp":"2026-08-31T02:55:35.965Z"}
{"level":"info","message":"Model name arInvoiceLine","timestamp":"2026-08-31T02:55:35.971Z"}
{"level":"info","message":"Associating table InvoiceLine with models","timestamp":"2026-08-31T02:55:35.971Z"}
{"level":"info","message":"Model name arReceiveHeaderV2","timestamp":"2026-08-31T02:55:35.974Z"}
{"level":"info","message":"Associating table ARReceiveHeader with models","timestamp":"2026-08-31T02:55:35.974Z"}
{"level":"info","message":"Model name arReceiveHeaderAudit","timestamp":"2026-08-31T02:55:35.978Z"}
{"level":"info","message":"Associating table ARReceiveHeaderAudit with models","timestamp":"2026-08-31T02:55:35.978Z"}
{"level":"info","message":"Model name arReceiveLine","timestamp":"2026-08-31T02:55:35.979Z"}
{"level":"info","message":"Associating table ReceiveLine with models","timestamp":"2026-08-31T02:55:35.979Z"}
{"level":"info","message":"Model name vendor","timestamp":"2026-08-31T02:55:35.982Z"}
{"level":"info","message":"Model name shipping","timestamp":"2026-08-31T02:55:35.982Z"}
{"level":"info","message":"Model name shipping_order","timestamp":"2026-08-31T02:55:35.982Z"}
{"level":"info","message":"Model name shipping_checkout_batch","timestamp":"2026-08-31T02:55:35.982Z"}
{"level":"info","message":"Model name service","timestamp":"2026-08-31T02:55:35.982Z"}
{"level":"info","message":"Model name authority","timestamp":"2026-08-31T02:55:35.983Z"}
{"level":"info","message":"Model name terminal","timestamp":"2026-08-31T02:55:35.983Z"}
{"level":"info","message":"Model name terminalAudit","timestamp":"2026-08-31T02:55:35.984Z"}
{"level":"info","message":"Associating table TerminalAudit with models","timestamp":"2026-08-31T02:55:35.984Z"}
{"level":"info","message":"Model name campaign","timestamp":"2026-08-31T02:55:35.985Z"}
{"level":"info","message":"Model name campaignEntry","timestamp":"2026-08-31T02:55:35.985Z"}
{"level":"info","message":"Model name rider","timestamp":"2026-08-31T02:55:35.985Z"}
{"level":"info","message":"Model name outlet","timestamp":"2026-08-31T02:55:35.985Z"}
{"level":"info","message":"Model name geography","timestamp":"2026-08-31T02:55:35.985Z"}
{"level":"info","message":"Model name country","timestamp":"2026-08-31T02:55:35.985Z"}
{"level":"info","message":"Model name village","timestamp":"2026-08-31T02:55:35.986Z"}
{"level":"info","message":"Model name district","timestamp":"2026-08-31T02:55:35.986Z"}
{"level":"info","message":"Model name accountDailyBalance","timestamp":"2026-08-31T02:55:35.986Z"}
{"level":"info","message":"Model name businessDate","timestamp":"2026-08-31T02:55:35.987Z"}
{"level":"info","message":"Model name cifCustomer","timestamp":"2026-08-31T02:55:35.987Z"}
{"level":"info","message":"Model name microfinanceGroup","timestamp":"2026-08-31T02:55:35.988Z"}
{"level":"info","message":"Model name mfCollateral","timestamp":"2026-08-31T02:55:35.989Z"}
{"level":"info","message":"Model name mfLoanProduct","timestamp":"2026-08-31T02:55:35.989Z"}
{"level":"info","message":"Model name mfLoanAccount","timestamp":"2026-08-31T02:55:35.990Z"}
{"level":"info","message":"Model name mfRepaymentSchedule","timestamp":"2026-08-31T02:55:35.992Z"}
{"level":"info","message":"Model name mfJournalEntry","timestamp":"2026-08-31T02:55:35.992Z"}
{"level":"info","message":"Model name tuturial","timestamp":"2026-08-31T02:55:35.992Z"}
{"level":"info","message":"client_db Connection established","timestamp":"2026-08-31T02:55:36.135Z"}
{"level":"info","message":"tutorial_db Connection established","timestamp":"2026-08-31T02:55:36.165Z"}
{"level":"info","message":"Hello, Winston!","timestamp":"2026-08-31T02:58:15.886Z"}
{"level":"warn","message":"This is a warning message.","timestamp":"2026-08-31T02:58:15.890Z"}
{"level":"error","message":"This is an error message.","timestamp":"2026-08-31T02:58:15.891Z"}
{"level":"info","message":"This is an information message.","timestamp":"2026-08-31T02:58:15.892Z"}
{"ip":"192.168.1.1","level":"info","message":"User logged in","timestamp":"2026-08-31T02:58:15.893Z","username":"johndoe"}
{"level":"info","message":"Model name sequelize","timestamp":"2026-08-31T02:58:16.336Z"}
{"level":"info","message":"Model name Sequelize","timestamp":"2026-08-31T02:58:16.338Z"}
{"level":"info","message":"Model name centralSequelize","timestamp":"2026-08-31T02:58:16.338Z"}
{"level":"info","message":"Model name spf","timestamp":"2026-08-31T02:58:16.339Z"}
{"level":"info","message":"Model name client","timestamp":"2026-08-31T02:58:16.340Z"}
{"level":"info","message":"Model name clientAudit","timestamp":"2026-08-31T02:58:16.349Z"}
{"level":"info","message":"Associating table ClientAudit with models","timestamp":"2026-08-31T02:58:16.351Z"}
{"level":"info","message":"Model name group","timestamp":"2026-08-31T02:58:16.358Z"}
{"level":"info","message":"Model name GroupMenuHeader","timestamp":"2026-08-31T02:58:16.360Z"}
{"level":"info","message":"Model name role","timestamp":"2026-08-31T02:58:16.360Z"}
{"level":"info","message":"Model name user","timestamp":"2026-08-31T02:58:16.367Z"}
{"level":"info","message":"Model name Agency","timestamp":"2026-08-31T02:58:16.369Z"}
{"level":"info","message":"Associating table Agency with models","timestamp":"2026-08-31T02:58:16.371Z"}
{"level":"info","message":"Model name Applicant","timestamp":"2026-08-31T02:58:16.374Z"}
{"level":"info","message":"Associating table Applicant with models","timestamp":"2026-08-31T02:58:16.376Z"}
{"level":"info","message":"Model name MOU","timestamp":"2026-08-31T02:58:16.385Z"}
{"level":"info","message":"Associating table Job with models","timestamp":"2026-08-31T02:58:16.388Z"}
{"level":"info","message":"Model name jobAdvertise","timestamp":"2026-08-31T02:58:16.407Z"}
{"level":"info","message":"Associating table JobAdvertise with models","timestamp":"2026-08-31T02:58:16.410Z"}
{"level":"info","message":"Model name JobBatch","timestamp":"2026-08-31T02:58:16.411Z"}
{"level":"info","message":"Associating table JobBatch with models","timestamp":"2026-08-31T02:58:16.413Z"}
{"level":"info","message":"Model name benefit","timestamp":"2026-08-31T02:58:16.421Z"}
{"level":"info","message":"Associating table Benefit with models","timestamp":"2026-08-31T02:58:16.423Z"}
{"level":"info","message":"Model name company","timestamp":"2026-08-31T02:58:16.428Z"}
{"level":"info","message":"Model name location","timestamp":"2026-08-31T02:58:16.430Z"}
{"level":"info","message":"Model name currency","timestamp":"2026-08-31T02:58:16.430Z"}
{"level":"info","message":"Model name currencyAudit","timestamp":"2026-08-31T02:58:16.431Z"}
{"level":"info","message":"Associating table CurrencyAudit with models","timestamp":"2026-08-31T02:58:16.431Z"}
{"level":"info","message":"Model name unit","timestamp":"2026-08-31T02:58:16.432Z"}
{"level":"info","message":"Model name printerModel","timestamp":"2026-08-31T02:58:16.442Z"}
{"level":"info","message":"Model name stockTransactionModel","timestamp":"2026-08-31T02:58:16.446Z"}
{"level":"info","message":"Model name mainCategory","timestamp":"2026-08-31T02:58:16.451Z"}
{"level":"info","message":"Model name category","timestamp":"2026-08-31T02:58:16.451Z"}
{"level":"info","message":"Associating table Color with models","timestamp":"2026-08-31T02:58:16.451Z"}
{"level":"info","message":"Model name student","timestamp":"2026-08-31T02:58:16.452Z"}
{"level":"info","message":"Associating table Student with models","timestamp":"2026-08-31T02:58:16.452Z"}
{"level":"info","message":"Model name nfcCard","timestamp":"2026-08-31T02:58:16.458Z"}
{"level":"info","message":"Associating table NfcCard with models","timestamp":"2026-08-31T02:58:16.461Z"}
{"level":"info","message":"Model name academicYear","timestamp":"2026-08-31T02:58:16.462Z"}
{"level":"info","message":"Model name schoolClass","timestamp":"2026-08-31T02:58:16.462Z"}
{"level":"info","message":"Model name schoolRoom","timestamp":"2026-08-31T02:58:16.463Z"}
{"level":"info","message":"Model name feeItem","timestamp":"2026-08-31T02:58:16.476Z"}
{"level":"info","message":"Model name feeStructure","timestamp":"2026-08-31T02:58:16.478Z"}
{"level":"info","message":"Model name schoolInvoice","timestamp":"2026-08-31T02:58:16.479Z"}
{"level":"info","message":"Model name schoolInvoiceLine","timestamp":"2026-08-31T02:58:16.483Z"}
{"level":"info","message":"Model name schoolPayment","timestamp":"2026-08-31T02:58:16.484Z"}
{"level":"info","message":"Model name cashierShift","timestamp":"2026-08-31T02:58:16.485Z"}
{"level":"info","message":"Model name studentFeeItem","timestamp":"2026-08-31T02:58:16.486Z"}
{"level":"info","message":"Model name transactionEntry","timestamp":"2026-08-31T02:58:16.491Z"}
{"level":"info","message":"Associating table TransactionEntry","timestamp":"2026-08-31T02:58:16.495Z"}
{"level":"info","message":"Model name tax","timestamp":"2026-08-31T02:58:16.496Z"}
{"level":"info","message":"Model name product","timestamp":"2026-08-31T02:58:16.496Z"}
{"level":"info","message":"Model name productAudit","timestamp":"2026-08-31T02:58:16.521Z"}
{"level":"info","message":"Associating table ProductAudit with models","timestamp":"2026-08-31T02:58:16.524Z"}
{"level":"info","message":"Model name productTemp","timestamp":"2026-08-31T02:58:16.525Z"}
{"level":"info","message":"Model name productSize","timestamp":"2026-08-31T02:58:16.525Z"}
{"level":"info","message":"Model name productUnit","timestamp":"2026-08-31T02:58:16.525Z"}
{"level":"info","message":"Model name image","timestamp":"2026-08-31T02:58:16.526Z"}
{"level":"info","message":"Associating table IMAGE with models","timestamp":"2026-08-31T02:58:16.528Z"}
{"level":"info","message":"Model name priceList","timestamp":"2026-08-31T02:58:16.534Z"}
{"level":"info","message":"Model name webProductGroup","timestamp":"2026-08-31T02:58:16.534Z"}
{"level":"info","message":"Model name ProductOptionGroup","timestamp":"2026-08-31T02:58:16.534Z"}
{"level":"info","message":"Model name ProductOption","timestamp":"2026-08-31T02:58:16.539Z"}
{"level":"info","message":"Model name customer","timestamp":"2026-08-31T02:58:16.545Z"}
{"level":"info","message":"Model name order","timestamp":"2026-08-31T02:58:16.545Z"}
{"level":"info","message":"Model name orderHIS","timestamp":"2026-08-31T02:58:16.545Z"}
{"level":"info","message":"Model name orderTable","timestamp":"2026-08-31T02:58:16.545Z"}
{"level":"info","message":"Model name recipe","timestamp":"2026-08-31T02:58:16.545Z"}
{"level":"info","message":"Model name table","timestamp":"2026-08-31T02:58:16.546Z"}
{"level":"info","message":"Model name ticket","timestamp":"2026-08-31T02:58:16.547Z"}
{"level":"info","message":"Model name promotion","timestamp":"2026-08-31T02:58:16.550Z"}
{"level":"info","message":"Model name ticketLine","timestamp":"2026-08-31T02:58:16.551Z"}
{"level":"info","message":"Model name MemberOffer","timestamp":"2026-08-31T02:58:16.553Z"}
{"level":"info","message":"Model name loyaltyTransaction","timestamp":"2026-08-31T02:58:16.554Z"}
{"level":"info","message":"Model name washjob","timestamp":"2026-08-31T02:58:16.559Z"}
{"level":"info","message":"Model name washjobHis","timestamp":"2026-08-31T02:58:16.562Z"}
{"level":"info","message":"Model name washjobline","timestamp":"2026-08-31T02:58:16.562Z"}
{"level":"info","message":"Model name QRRequest","timestamp":"2026-08-31T02:58:16.562Z"}
{"level":"info","message":"Associating table QRRequest with models","timestamp":"2026-08-31T02:58:16.562Z"}
{"level":"info","message":"Model name saleHeader","timestamp":"2026-08-31T02:58:16.564Z"}
{"level":"info","message":"Model name salePayment","timestamp":"2026-08-31T02:58:16.577Z"}
{"level":"info","message":"Model name saleLine","timestamp":"2026-08-31T02:58:16.581Z"}
{"level":"info","message":"Associating table SaleLine with models","timestamp":"2026-08-31T02:58:16.581Z"}
{"level":"info","message":"Model name quotationHeader","timestamp":"2026-08-31T02:58:16.583Z"}
{"level":"info","message":"Model name quotationLine","timestamp":"2026-08-31T02:58:16.583Z"}
{"level":"info","message":"Associating table QuotationLine with models","timestamp":"2026-08-31T02:58:16.583Z"}
{"level":"info","message":"Model name poHeader","timestamp":"2026-08-31T02:58:16.584Z"}
{"level":"info","message":"Model name poLine","timestamp":"2026-08-31T02:58:16.584Z"}
{"level":"info","message":"Model name poHeaderHIS","timestamp":"2026-08-31T02:58:16.584Z"}
{"level":"info","message":"Model name poLineHIS","timestamp":"2026-08-31T02:58:16.584Z"}
{"level":"info","message":"Model name receivingHeader","timestamp":"2026-08-31T02:58:16.584Z"}
{"level":"info","message":"Model name receivingLine","timestamp":"2026-08-31T02:58:16.584Z"}
{"level":"info","message":"Model name reservation","timestamp":"2026-08-31T02:58:16.584Z"}
{"level":"info","message":"Model name reservationLine","timestamp":"2026-08-31T02:58:16.584Z"}
{"level":"info","message":"Model name transferHeader","timestamp":"2026-08-31T02:58:16.584Z"}
{"level":"info","message":"Model name transferLine","timestamp":"2026-08-31T02:58:16.584Z"}
{"level":"info","message":"Model name menuHeader","timestamp":"2026-08-31T02:58:16.584Z"}
{"level":"info","message":"Model name menuLine","timestamp":"2026-08-31T02:58:16.584Z"}
{"level":"info","message":"Model name MenuHeaderLines","timestamp":"2026-08-31T02:58:16.584Z"}
{"level":"info","message":"Model name webMenuHeader","timestamp":"2026-08-31T02:58:16.584Z"}
{"level":"info","message":"Model name QRResponse","timestamp":"2026-08-31T02:58:16.584Z"}
{"level":"info","message":"Associating table QRResponse with models","timestamp":"2026-08-31T02:58:16.584Z"}
{"level":"info","message":"Model name PaymentCallback","timestamp":"2026-08-31T02:58:16.584Z"}
{"level":"info","message":"Associating table PaymentCallback with models","timestamp":"2026-08-31T02:58:16.585Z"}
{"level":"info","message":"Model name Color","timestamp":"2026-08-31T02:58:16.585Z"}
{"level":"info","message":"Associating table Color with models","timestamp":"2026-08-31T02:58:16.585Z"}
{"level":"info","message":"Model name Size","timestamp":"2026-08-31T02:58:16.586Z"}
{"level":"info","message":"Associating table Size with models","timestamp":"2026-08-31T02:58:16.586Z"}
{"level":"info","message":"Model name card","timestamp":"2026-08-31T02:58:16.586Z"}
{"level":"info","message":"Associating table Card with models","timestamp":"2026-08-31T02:58:16.587Z"}
{"level":"info","message":"Model name cardAudit","timestamp":"2026-08-31T02:58:16.597Z"}
{"level":"info","message":"Associating table CardAudit with models","timestamp":"2026-08-31T02:58:16.600Z"}
{"level":"info","message":"Model name Transaction","timestamp":"2026-08-31T02:58:16.601Z"}
{"level":"info","message":"Model name glPostingBatch","timestamp":"2026-08-31T02:58:16.601Z"}
{"level":"info","message":"Model name gl","timestamp":"2026-08-31T02:58:16.601Z"}
{"level":"info","message":"Model name chartAccount","timestamp":"2026-08-31T02:58:16.601Z"}
{"level":"info","message":"Model name fixedAssetProduct","timestamp":"2026-08-31T02:58:16.601Z"}
{"level":"info","message":"Model name fixedAssetContract","timestamp":"2026-08-31T02:58:16.601Z"}
{"level":"info","message":"Model name fixedAssetDepreciation","timestamp":"2026-08-31T02:58:16.601Z"}
{"level":"info","message":"Model name apPaymentHeader","timestamp":"2026-08-31T02:58:16.601Z"}
{"level":"info","message":"Model name arReceiveHeader","timestamp":"2026-08-31T02:58:16.601Z"}
{"level":"info","message":"Model name payment","timestamp":"2026-08-31T02:58:16.601Z"}
{"level":"info","message":"Model name bank","timestamp":"2026-08-31T02:58:16.601Z"}
{"level":"info","message":"Model name bankAccount","timestamp":"2026-08-31T02:58:16.601Z"}
{"level":"info","message":"Associating table Bank with models","timestamp":"2026-08-31T02:58:16.601Z"}
{"level":"info","message":"Model name ministry","timestamp":"2026-08-31T02:58:16.601Z"}
{"level":"info","message":"Model name moneySettlement","timestamp":"2026-08-31T02:58:16.604Z"}
{"level":"info","message":"Model name moneyAdvanceAudit","timestamp":"2026-08-31T02:58:16.607Z"}
{"level":"info","message":"Associating table MoneyAdvanceAudit with models","timestamp":"2026-08-31T02:58:16.607Z"}
{"level":"info","message":"Model name moneyAdvance","timestamp":"2026-08-31T02:58:16.608Z"}
{"level":"info","message":"Associating table MoneyAdvance with models","timestamp":"2026-08-31T02:58:16.608Z"}
{"level":"info","message":"Model name AccountStatement","timestamp":"2026-08-31T02:58:16.611Z"}
{"level":"info","message":"Associating table AccountStatement with models","timestamp":"2026-08-31T02:58:16.611Z"}
{"level":"info","message":"Model name Project","timestamp":"2026-08-31T02:58:16.613Z"}
{"level":"info","message":"Model name ProjectBudget","timestamp":"2026-08-31T02:58:16.614Z"}
{"level":"info","message":"Model name ProjectContract","timestamp":"2026-08-31T02:58:16.615Z"}
{"level":"info","message":"Model name ProjectInvoice","timestamp":"2026-08-31T02:58:16.615Z"}
{"level":"info","message":"Model name WithdrawalApplication","timestamp":"2026-08-31T02:58:16.616Z"}
{"level":"info","message":"Model name revenue_target","timestamp":"2026-08-31T02:58:16.617Z"}
{"level":"info","message":"Model name apInvoice","timestamp":"2026-08-31T02:58:16.617Z"}
{"level":"info","message":"Associating table APInvoice with models","timestamp":"2026-08-31T02:58:16.617Z"}
{"level":"info","message":"Model name apInvoiceAudit","timestamp":"2026-08-31T02:58:16.621Z"}
{"level":"info","message":"Associating table APInvoiceAudit with models","timestamp":"2026-08-31T02:58:16.621Z"}
{"level":"info","message":"Model name invoiceLineItem","timestamp":"2026-08-31T02:58:16.621Z"}
{"level":"info","message":"Associating table InvoiceLineItem with models","timestamp":"2026-08-31T02:58:16.621Z"}
{"level":"info","message":"Model name apInvoiceSettlement","timestamp":"2026-08-31T02:58:16.623Z"}
{"level":"info","message":"Associating table APInvoiceSettlement with models","timestamp":"2026-08-31T02:58:16.623Z"}
{"level":"info","message":"Model name apSettlementAudit","timestamp":"2026-08-31T02:58:16.625Z"}
{"level":"info","message":"Associating table APSettlementAudit with models","timestamp":"2026-08-31T02:58:16.625Z"}
{"level":"info","message":"Model name apInvoiceSettlementLine","timestamp":"2026-08-31T02:58:16.626Z"}
{"level":"info","message":"Associating InvoiceSettlementLine with models","timestamp":"2026-08-31T02:58:16.627Z"}
{"level":"info","message":"Model name arInvoiceHeader","timestamp":"2026-08-31T02:58:16.632Z"}
{"level":"info","message":"Associating table ARInvoiceHeader with models","timestamp":"2026-08-31T02:58:16.636Z"}
{"level":"info","message":"Model name arInvoiceHeaderAudit","timestamp":"2026-08-31T02:58:16.651Z"}
{"level":"info","message":"Associating table ARInvoiceHeaderAudit with models","timestamp":"2026-08-31T02:58:16.656Z"}
{"level":"info","message":"Model name arInvoiceLine","timestamp":"2026-08-31T02:58:16.662Z"}
{"level":"info","message":"Associating table InvoiceLine with models","timestamp":"2026-08-31T02:58:16.662Z"}
{"level":"info","message":"Model name arReceiveHeaderV2","timestamp":"2026-08-31T02:58:16.665Z"}
{"level":"info","message":"Associating table ARReceiveHeader with models","timestamp":"2026-08-31T02:58:16.666Z"}
{"level":"info","message":"Model name arReceiveHeaderAudit","timestamp":"2026-08-31T02:58:16.669Z"}
{"level":"info","message":"Associating table ARReceiveHeaderAudit with models","timestamp":"2026-08-31T02:58:16.669Z"}
{"level":"info","message":"Model name arReceiveLine","timestamp":"2026-08-31T02:58:16.669Z"}
{"level":"info","message":"Associating table ReceiveLine with models","timestamp":"2026-08-31T02:58:16.669Z"}
{"level":"info","message":"Model name vendor","timestamp":"2026-08-31T02:58:16.673Z"}
{"level":"info","message":"Model name shipping","timestamp":"2026-08-31T02:58:16.673Z"}
{"level":"info","message":"Model name shipping_order","timestamp":"2026-08-31T02:58:16.673Z"}
{"level":"info","message":"Model name shipping_checkout_batch","timestamp":"2026-08-31T02:58:16.673Z"}
{"level":"info","message":"Model name service","timestamp":"2026-08-31T02:58:16.673Z"}
{"level":"info","message":"Model name authority","timestamp":"2026-08-31T02:58:16.673Z"}
{"level":"info","message":"Model name terminal","timestamp":"2026-08-31T02:58:16.673Z"}
{"level":"info","message":"Model name terminalAudit","timestamp":"2026-08-31T02:58:16.674Z"}
{"level":"info","message":"Associating table TerminalAudit with models","timestamp":"2026-08-31T02:58:16.674Z"}
{"level":"info","message":"Model name campaign","timestamp":"2026-08-31T02:58:16.675Z"}
{"level":"info","message":"Model name campaignEntry","timestamp":"2026-08-31T02:58:16.675Z"}
{"level":"info","message":"Model name rider","timestamp":"2026-08-31T02:58:16.675Z"}
{"level":"info","message":"Model name outlet","timestamp":"2026-08-31T02:58:16.675Z"}
{"level":"info","message":"Model name geography","timestamp":"2026-08-31T02:58:16.675Z"}
{"level":"info","message":"Model name country","timestamp":"2026-08-31T02:58:16.675Z"}
{"level":"info","message":"Model name village","timestamp":"2026-08-31T02:58:16.675Z"}
{"level":"info","message":"Model name district","timestamp":"2026-08-31T02:58:16.678Z"}
{"level":"info","message":"Model name accountDailyBalance","timestamp":"2026-08-31T02:58:16.678Z"}
{"level":"info","message":"Model name businessDate","timestamp":"2026-08-31T02:58:16.678Z"}
{"level":"info","message":"Model name cifCustomer","timestamp":"2026-08-31T02:58:16.678Z"}
{"level":"info","message":"Model name microfinanceGroup","timestamp":"2026-08-31T02:58:16.679Z"}
{"level":"info","message":"Model name mfCollateral","timestamp":"2026-08-31T02:58:16.680Z"}
{"level":"info","message":"Model name mfLoanProduct","timestamp":"2026-08-31T02:58:16.681Z"}
{"level":"info","message":"Model name mfLoanAccount","timestamp":"2026-08-31T02:58:16.682Z"}
{"level":"info","message":"Model name mfRepaymentSchedule","timestamp":"2026-08-31T02:58:16.683Z"}
{"level":"info","message":"Model name mfJournalEntry","timestamp":"2026-08-31T02:58:16.683Z"}
{"level":"info","message":"Model name tuturial","timestamp":"2026-08-31T02:58:16.683Z"}
{"level":"info","message":"client_db Connection established","timestamp":"2026-08-31T02:58:16.830Z"}
{"level":"info","message":"tutorial_db Connection established","timestamp":"2026-08-31T02:58:16.901Z"}
{"level":"info","message":"Hello, Winston!","timestamp":"2026-08-31T03:21:54.219Z"}
{"level":"warn","message":"This is a warning message.","timestamp":"2026-08-31T03:21:54.222Z"}
{"level":"error","message":"This is an error message.","timestamp":"2026-08-31T03:21:54.223Z"}
{"level":"info","message":"This is an information message.","timestamp":"2026-08-31T03:21:54.224Z"}
{"ip":"192.168.1.1","level":"info","message":"User logged in","timestamp":"2026-08-31T03:21:54.226Z","username":"johndoe"}
{"level":"info","message":"Model name sequelize","timestamp":"2026-08-31T03:21:54.594Z"}
{"level":"info","message":"Model name Sequelize","timestamp":"2026-08-31T03:21:54.595Z"}
{"level":"info","message":"Model name centralSequelize","timestamp":"2026-08-31T03:21:54.595Z"}
{"level":"info","message":"Model name spf","timestamp":"2026-08-31T03:21:54.596Z"}
{"level":"info","message":"Model name client","timestamp":"2026-08-31T03:21:54.597Z"}
{"level":"info","message":"Model name clientAudit","timestamp":"2026-08-31T03:21:54.601Z"}
{"level":"info","message":"Associating table ClientAudit with models","timestamp":"2026-08-31T03:21:54.603Z"}
{"level":"info","message":"Model name group","timestamp":"2026-08-31T03:21:54.607Z"}
{"level":"info","message":"Model name GroupMenuHeader","timestamp":"2026-08-31T03:21:54.610Z"}
{"level":"info","message":"Model name role","timestamp":"2026-08-31T03:21:54.610Z"}
{"level":"info","message":"Model name user","timestamp":"2026-08-31T03:21:54.621Z"}
{"level":"info","message":"Model name Agency","timestamp":"2026-08-31T03:21:54.625Z"}
{"level":"info","message":"Associating table Agency with models","timestamp":"2026-08-31T03:21:54.627Z"}
{"level":"info","message":"Model name Applicant","timestamp":"2026-08-31T03:21:54.631Z"}
{"level":"info","message":"Associating table Applicant with models","timestamp":"2026-08-31T03:21:54.634Z"}
{"level":"info","message":"Model name MOU","timestamp":"2026-08-31T03:21:54.646Z"}
{"level":"info","message":"Associating table Job with models","timestamp":"2026-08-31T03:21:54.651Z"}
{"level":"info","message":"Model name jobAdvertise","timestamp":"2026-08-31T03:21:54.670Z"}
{"level":"info","message":"Associating table JobAdvertise with models","timestamp":"2026-08-31T03:21:54.674Z"}
{"level":"info","message":"Model name JobBatch","timestamp":"2026-08-31T03:21:54.675Z"}
{"level":"info","message":"Associating table JobBatch with models","timestamp":"2026-08-31T03:21:54.677Z"}
{"level":"info","message":"Model name benefit","timestamp":"2026-08-31T03:21:54.687Z"}
{"level":"info","message":"Associating table Benefit with models","timestamp":"2026-08-31T03:21:54.688Z"}
{"level":"info","message":"Model name company","timestamp":"2026-08-31T03:21:54.692Z"}
{"level":"info","message":"Model name location","timestamp":"2026-08-31T03:21:54.695Z"}
{"level":"info","message":"Model name currency","timestamp":"2026-08-31T03:21:54.695Z"}
{"level":"info","message":"Model name currencyAudit","timestamp":"2026-08-31T03:21:54.697Z"}
{"level":"info","message":"Associating table CurrencyAudit with models","timestamp":"2026-08-31T03:21:54.697Z"}
{"level":"info","message":"Model name unit","timestamp":"2026-08-31T03:21:54.698Z"}
{"level":"info","message":"Model name printerModel","timestamp":"2026-08-31T03:21:54.710Z"}
{"level":"info","message":"Model name stockTransactionModel","timestamp":"2026-08-31T03:21:54.714Z"}
{"level":"info","message":"Model name mainCategory","timestamp":"2026-08-31T03:21:54.720Z"}
{"level":"info","message":"Model name category","timestamp":"2026-08-31T03:21:54.720Z"}
{"level":"info","message":"Associating table Color with models","timestamp":"2026-08-31T03:21:54.720Z"}
{"level":"info","message":"Model name student","timestamp":"2026-08-31T03:21:54.720Z"}
{"level":"info","message":"Associating table Student with models","timestamp":"2026-08-31T03:21:54.721Z"}
{"level":"info","message":"Model name nfcCard","timestamp":"2026-08-31T03:21:54.729Z"}
{"level":"info","message":"Associating table NfcCard with models","timestamp":"2026-08-31T03:21:54.732Z"}
{"level":"info","message":"Model name academicYear","timestamp":"2026-08-31T03:21:54.733Z"}
{"level":"info","message":"Model name schoolClass","timestamp":"2026-08-31T03:21:54.733Z"}
{"level":"info","message":"Model name schoolRoom","timestamp":"2026-08-31T03:21:54.734Z"}
{"level":"info","message":"Model name feeItem","timestamp":"2026-08-31T03:21:54.740Z"}
{"level":"info","message":"Model name feeStructure","timestamp":"2026-08-31T03:21:54.744Z"}
{"level":"info","message":"Model name schoolInvoice","timestamp":"2026-08-31T03:21:54.747Z"}
{"level":"info","message":"Model name schoolInvoiceLine","timestamp":"2026-08-31T03:21:54.753Z"}
{"level":"info","message":"Model name schoolPayment","timestamp":"2026-08-31T03:21:54.754Z"}
{"level":"info","message":"Model name cashierShift","timestamp":"2026-08-31T03:21:54.755Z"}
{"level":"info","message":"Model name studentFeeItem","timestamp":"2026-08-31T03:21:54.759Z"}
{"level":"info","message":"Model name transactionEntry","timestamp":"2026-08-31T03:21:54.765Z"}
{"level":"info","message":"Associating table TransactionEntry","timestamp":"2026-08-31T03:21:54.766Z"}
{"level":"info","message":"Model name tax","timestamp":"2026-08-31T03:21:54.768Z"}
{"level":"info","message":"Model name product","timestamp":"2026-08-31T03:21:54.768Z"}
{"level":"info","message":"Model name productAudit","timestamp":"2026-08-31T03:21:54.797Z"}
{"level":"info","message":"Associating table ProductAudit with models","timestamp":"2026-08-31T03:21:54.801Z"}
{"level":"info","message":"Model name productTemp","timestamp":"2026-08-31T03:21:54.802Z"}
{"level":"info","message":"Model name productSize","timestamp":"2026-08-31T03:21:54.802Z"}
{"level":"info","message":"Model name productUnit","timestamp":"2026-08-31T03:21:54.802Z"}
{"level":"info","message":"Model name image","timestamp":"2026-08-31T03:21:54.803Z"}
{"level":"info","message":"Associating table IMAGE with models","timestamp":"2026-08-31T03:21:54.804Z"}
{"level":"info","message":"Model name priceList","timestamp":"2026-08-31T03:21:54.812Z"}
{"level":"info","message":"Model name webProductGroup","timestamp":"2026-08-31T03:21:54.812Z"}
{"level":"info","message":"Model name ProductOptionGroup","timestamp":"2026-08-31T03:21:54.812Z"}
{"level":"info","message":"Model name ProductOption","timestamp":"2026-08-31T03:21:54.819Z"}
{"level":"info","message":"Model name customer","timestamp":"2026-08-31T03:21:54.824Z"}
{"level":"info","message":"Model name order","timestamp":"2026-08-31T03:21:54.824Z"}
{"level":"info","message":"Model name orderHIS","timestamp":"2026-08-31T03:21:54.824Z"}
{"level":"info","message":"Model name orderTable","timestamp":"2026-08-31T03:21:54.824Z"}
{"level":"info","message":"Model name recipe","timestamp":"2026-08-31T03:21:54.824Z"}
{"level":"info","message":"Model name table","timestamp":"2026-08-31T03:21:54.825Z"}
{"level":"info","message":"Model name ticket","timestamp":"2026-08-31T03:21:54.826Z"}
{"level":"info","message":"Model name promotion","timestamp":"2026-08-31T03:21:54.828Z"}
{"level":"info","message":"Model name ticketLine","timestamp":"2026-08-31T03:21:54.829Z"}
{"level":"info","message":"Model name MemberOffer","timestamp":"2026-08-31T03:21:54.832Z"}
{"level":"info","message":"Model name loyaltyTransaction","timestamp":"2026-08-31T03:21:54.832Z"}
{"level":"info","message":"Model name washjob","timestamp":"2026-08-31T03:21:54.837Z"}
{"level":"info","message":"Model name washjobHis","timestamp":"2026-08-31T03:21:54.840Z"}
{"level":"info","message":"Model name washjobline","timestamp":"2026-08-31T03:21:54.840Z"}
{"level":"info","message":"Model name QRRequest","timestamp":"2026-08-31T03:21:54.840Z"}
{"level":"info","message":"Associating table QRRequest with models","timestamp":"2026-08-31T03:21:54.840Z"}
{"level":"info","message":"Model name saleHeader","timestamp":"2026-08-31T03:21:54.843Z"}
{"level":"info","message":"Model name salePayment","timestamp":"2026-08-31T03:21:54.856Z"}
{"level":"info","message":"Model name saleLine","timestamp":"2026-08-31T03:21:54.861Z"}
{"level":"info","message":"Associating table SaleLine with models","timestamp":"2026-08-31T03:21:54.861Z"}
{"level":"info","message":"Model name quotationHeader","timestamp":"2026-08-31T03:21:54.863Z"}
{"level":"info","message":"Model name quotationLine","timestamp":"2026-08-31T03:21:54.863Z"}
{"level":"info","message":"Associating table QuotationLine with models","timestamp":"2026-08-31T03:21:54.863Z"}
{"level":"info","message":"Model name poHeader","timestamp":"2026-08-31T03:21:54.864Z"}
{"level":"info","message":"Model name poLine","timestamp":"2026-08-31T03:21:54.864Z"}
{"level":"info","message":"Model name poHeaderHIS","timestamp":"2026-08-31T03:21:54.864Z"}
{"level":"info","message":"Model name poLineHIS","timestamp":"2026-08-31T03:21:54.864Z"}
{"level":"info","message":"Model name receivingHeader","timestamp":"2026-08-31T03:21:54.864Z"}
{"level":"info","message":"Model name receivingLine","timestamp":"2026-08-31T03:21:54.864Z"}
{"level":"info","message":"Model name reservation","timestamp":"2026-08-31T03:21:54.864Z"}
{"level":"info","message":"Model name reservationLine","timestamp":"2026-08-31T03:21:54.864Z"}
{"level":"info","message":"Model name transferHeader","timestamp":"2026-08-31T03:21:54.864Z"}
{"level":"info","message":"Model name transferLine","timestamp":"2026-08-31T03:21:54.864Z"}
{"level":"info","message":"Model name menuHeader","timestamp":"2026-08-31T03:21:54.864Z"}
{"level":"info","message":"Model name menuLine","timestamp":"2026-08-31T03:21:54.864Z"}
{"level":"info","message":"Model name MenuHeaderLines","timestamp":"2026-08-31T03:21:54.864Z"}
{"level":"info","message":"Model name webMenuHeader","timestamp":"2026-08-31T03:21:54.864Z"}
{"level":"info","message":"Model name QRResponse","timestamp":"2026-08-31T03:21:54.864Z"}
{"level":"info","message":"Associating table QRResponse with models","timestamp":"2026-08-31T03:21:54.864Z"}
{"level":"info","message":"Model name PaymentCallback","timestamp":"2026-08-31T03:21:54.864Z"}
{"level":"info","message":"Associating table PaymentCallback with models","timestamp":"2026-08-31T03:21:54.865Z"}
{"level":"info","message":"Model name Color","timestamp":"2026-08-31T03:21:54.865Z"}
{"level":"info","message":"Associating table Color with models","timestamp":"2026-08-31T03:21:54.865Z"}
{"level":"info","message":"Model name Size","timestamp":"2026-08-31T03:21:54.866Z"}
{"level":"info","message":"Associating table Size with models","timestamp":"2026-08-31T03:21:54.866Z"}
{"level":"info","message":"Model name card","timestamp":"2026-08-31T03:21:54.866Z"}
{"level":"info","message":"Associating table Card with models","timestamp":"2026-08-31T03:21:54.867Z"}
{"level":"info","message":"Model name cardAudit","timestamp":"2026-08-31T03:21:54.877Z"}
{"level":"info","message":"Associating table CardAudit with models","timestamp":"2026-08-31T03:21:54.881Z"}
{"level":"info","message":"Model name Transaction","timestamp":"2026-08-31T03:21:54.881Z"}
{"level":"info","message":"Model name glPostingBatch","timestamp":"2026-08-31T03:21:54.881Z"}
{"level":"info","message":"Model name gl","timestamp":"2026-08-31T03:21:54.881Z"}
{"level":"info","message":"Model name chartAccount","timestamp":"2026-08-31T03:21:54.881Z"}
{"level":"info","message":"Model name fixedAssetProduct","timestamp":"2026-08-31T03:21:54.881Z"}
{"level":"info","message":"Model name fixedAssetContract","timestamp":"2026-08-31T03:21:54.881Z"}
{"level":"info","message":"Model name fixedAssetDepreciation","timestamp":"2026-08-31T03:21:54.881Z"}
{"level":"info","message":"Model name apPaymentHeader","timestamp":"2026-08-31T03:21:54.881Z"}
{"level":"info","message":"Model name arReceiveHeader","timestamp":"2026-08-31T03:21:54.881Z"}
{"level":"info","message":"Model name payment","timestamp":"2026-08-31T03:21:54.881Z"}
{"level":"info","message":"Model name bank","timestamp":"2026-08-31T03:21:54.881Z"}
{"level":"info","message":"Model name bankAccount","timestamp":"2026-08-31T03:21:54.881Z"}
{"level":"info","message":"Associating table Bank with models","timestamp":"2026-08-31T03:21:54.881Z"}
{"level":"info","message":"Model name ministry","timestamp":"2026-08-31T03:21:54.882Z"}
{"level":"info","message":"Model name moneySettlement","timestamp":"2026-08-31T03:21:54.884Z"}
{"level":"info","message":"Model name moneyAdvanceAudit","timestamp":"2026-08-31T03:21:54.885Z"}
{"level":"info","message":"Associating table MoneyAdvanceAudit with models","timestamp":"2026-08-31T03:21:54.885Z"}
{"level":"info","message":"Model name moneyAdvance","timestamp":"2026-08-31T03:21:54.886Z"}
{"level":"info","message":"Associating table MoneyAdvance with models","timestamp":"2026-08-31T03:21:54.886Z"}
{"level":"info","message":"Model name AccountStatement","timestamp":"2026-08-31T03:21:54.888Z"}
{"level":"info","message":"Associating table AccountStatement with models","timestamp":"2026-08-31T03:21:54.888Z"}
{"level":"info","message":"Model name Project","timestamp":"2026-08-31T03:21:54.889Z"}
{"level":"info","message":"Model name ProjectBudget","timestamp":"2026-08-31T03:21:54.896Z"}
{"level":"info","message":"Model name ProjectContract","timestamp":"2026-08-31T03:21:54.900Z"}
{"level":"info","message":"Model name ProjectInvoice","timestamp":"2026-08-31T03:21:54.901Z"}
{"level":"info","message":"Model name WithdrawalApplication","timestamp":"2026-08-31T03:21:54.902Z"}
{"level":"info","message":"Model name revenue_target","timestamp":"2026-08-31T03:21:54.903Z"}
{"level":"info","message":"Model name apInvoice","timestamp":"2026-08-31T03:21:54.903Z"}
{"level":"info","message":"Associating table APInvoice with models","timestamp":"2026-08-31T03:21:54.904Z"}
{"level":"info","message":"Model name apInvoiceAudit","timestamp":"2026-08-31T03:21:54.907Z"}
{"level":"info","message":"Associating table APInvoiceAudit with models","timestamp":"2026-08-31T03:21:54.908Z"}
{"level":"info","message":"Model name invoiceLineItem","timestamp":"2026-08-31T03:21:54.908Z"}
{"level":"info","message":"Associating table InvoiceLineItem with models","timestamp":"2026-08-31T03:21:54.908Z"}
{"level":"info","message":"Model name apInvoiceSettlement","timestamp":"2026-08-31T03:21:54.909Z"}
{"level":"info","message":"Associating table APInvoiceSettlement with models","timestamp":"2026-08-31T03:21:54.910Z"}
{"level":"info","message":"Model name apSettlementAudit","timestamp":"2026-08-31T03:21:54.912Z"}
{"level":"info","message":"Associating table APSettlementAudit with models","timestamp":"2026-08-31T03:21:54.913Z"}
{"level":"info","message":"Model name apInvoiceSettlementLine","timestamp":"2026-08-31T03:21:54.914Z"}
{"level":"info","message":"Associating InvoiceSettlementLine with models","timestamp":"2026-08-31T03:21:54.914Z"}
{"level":"info","message":"Model name arInvoiceHeader","timestamp":"2026-08-31T03:21:54.916Z"}
{"level":"info","message":"Associating table ARInvoiceHeader with models","timestamp":"2026-08-31T03:21:54.916Z"}
{"level":"info","message":"Model name arInvoiceHeaderAudit","timestamp":"2026-08-31T03:21:54.935Z"}
{"level":"info","message":"Associating table ARInvoiceHeaderAudit with models","timestamp":"2026-08-31T03:21:54.941Z"}
{"level":"info","message":"Model name arInvoiceLine","timestamp":"2026-08-31T03:21:54.948Z"}
{"level":"info","message":"Associating table InvoiceLine with models","timestamp":"2026-08-31T03:21:54.948Z"}
{"level":"info","message":"Model name arReceiveHeaderV2","timestamp":"2026-08-31T03:21:54.951Z"}
{"level":"info","message":"Associating table ARReceiveHeader with models","timestamp":"2026-08-31T03:21:54.952Z"}
{"level":"info","message":"Model name arReceiveHeaderAudit","timestamp":"2026-08-31T03:21:54.956Z"}
{"level":"info","message":"Associating table ARReceiveHeaderAudit with models","timestamp":"2026-08-31T03:21:54.956Z"}
{"level":"info","message":"Model name arReceiveLine","timestamp":"2026-08-31T03:21:54.957Z"}
{"level":"info","message":"Associating table ReceiveLine with models","timestamp":"2026-08-31T03:21:54.957Z"}
{"level":"info","message":"Model name vendor","timestamp":"2026-08-31T03:21:54.960Z"}
{"level":"info","message":"Model name shipping","timestamp":"2026-08-31T03:21:54.960Z"}
{"level":"info","message":"Model name shipping_order","timestamp":"2026-08-31T03:21:54.960Z"}
{"level":"info","message":"Model name shipping_checkout_batch","timestamp":"2026-08-31T03:21:54.960Z"}
{"level":"info","message":"Model name service","timestamp":"2026-08-31T03:21:54.960Z"}
{"level":"info","message":"Model name authority","timestamp":"2026-08-31T03:21:54.960Z"}
{"level":"info","message":"Model name terminal","timestamp":"2026-08-31T03:21:54.960Z"}
{"level":"info","message":"Model name terminalAudit","timestamp":"2026-08-31T03:21:54.961Z"}
{"level":"info","message":"Associating table TerminalAudit with models","timestamp":"2026-08-31T03:21:54.961Z"}
{"level":"info","message":"Model name campaign","timestamp":"2026-08-31T03:21:54.962Z"}
{"level":"info","message":"Model name campaignEntry","timestamp":"2026-08-31T03:21:54.963Z"}
{"level":"info","message":"Model name rider","timestamp":"2026-08-31T03:21:54.963Z"}
{"level":"info","message":"Model name outlet","timestamp":"2026-08-31T03:21:54.963Z"}
{"level":"info","message":"Model name geography","timestamp":"2026-08-31T03:21:54.963Z"}
{"level":"info","message":"Model name country","timestamp":"2026-08-31T03:21:54.963Z"}
{"level":"info","message":"Model name village","timestamp":"2026-08-31T03:21:54.963Z"}
{"level":"info","message":"Model name district","timestamp":"2026-08-31T03:21:54.963Z"}
{"level":"info","message":"Model name accountDailyBalance","timestamp":"2026-08-31T03:21:54.964Z"}
{"level":"info","message":"Model name businessDate","timestamp":"2026-08-31T03:21:54.964Z"}
{"level":"info","message":"Model name cifCustomer","timestamp":"2026-08-31T03:21:54.964Z"}
{"level":"info","message":"Model name microfinanceGroup","timestamp":"2026-08-31T03:21:54.965Z"}
{"level":"info","message":"Model name mfCollateral","timestamp":"2026-08-31T03:21:54.966Z"}
{"level":"info","message":"Model name mfLoanProduct","timestamp":"2026-08-31T03:21:54.967Z"}
{"level":"info","message":"Model name mfLoanAccount","timestamp":"2026-08-31T03:21:54.967Z"}
{"level":"info","message":"Model name mfRepaymentSchedule","timestamp":"2026-08-31T03:21:54.969Z"}
{"level":"info","message":"Model name mfJournalEntry","timestamp":"2026-08-31T03:21:54.969Z"}
{"level":"info","message":"Model name tuturial","timestamp":"2026-08-31T03:21:54.969Z"}
{"level":"info","message":"tutorial_db Connection established","timestamp":"2026-08-31T03:21:55.104Z"}
{"level":"info","message":"client_db Connection established","timestamp":"2026-08-31T03:21:55.110Z"}
